-- phpMyAdmin SQL Dump
-- version 5.2.2
-- https://www.phpmyadmin.net/
--
-- Host: localhost:3306
-- Generation Time: Mar 08, 2026 at 11:10 AM
-- Server version: 10.5.29-MariaDB
-- PHP Version: 8.4.18

SET SQL_MODE = "NO_AUTO_VALUE_ON_ZERO";
START TRANSACTION;
SET time_zone = "+00:00";


/*!40101 SET @OLD_CHARACTER_SET_CLIENT=@@CHARACTER_SET_CLIENT */;
/*!40101 SET @OLD_CHARACTER_SET_RESULTS=@@CHARACTER_SET_RESULTS */;
/*!40101 SET @OLD_COLLATION_CONNECTION=@@COLLATION_CONNECTION */;
/*!40101 SET NAMES utf8mb4 */;

--
-- Database: `restartbd_bike_flow`
--

-- --------------------------------------------------------

--
-- Table structure for table `accounts`
--

CREATE TABLE `accounts` (
  `id` bigint(20) UNSIGNED NOT NULL,
  `payment_method_id` bigint(20) NOT NULL,
  `account_no` varchar(255) DEFAULT NULL,
  `holder_name` varchar(255) DEFAULT NULL,
  `balance` decimal(20,2) NOT NULL DEFAULT 0.00,
  `status` tinyint(4) NOT NULL DEFAULT 1 COMMENT '1=active, 0=inactive',
  `created_by_id` bigint(20) DEFAULT NULL,
  `updated_by_id` bigint(20) DEFAULT NULL,
  `created_at` timestamp NULL DEFAULT NULL,
  `updated_at` timestamp NULL DEFAULT NULL
) ENGINE=InnoDB DEFAULT CHARSET=utf8mb4 COLLATE=utf8mb4_unicode_ci;

--
-- Dumping data for table `accounts`
--

INSERT INTO `accounts` (`id`, `payment_method_id`, `account_no`, `holder_name`, `balance`, `status`, `created_by_id`, `updated_by_id`, `created_at`, `updated_at`) VALUES
(1, 1, 'Hand Cash', 'Self', 591381.00, 1, 1, 1, '2025-02-26 04:40:39', '2026-03-05 07:17:29'),
(2, 2, 'Investment Capital', 'Self', 0.00, 1, 1, NULL, '2025-02-26 04:41:05', '2025-05-17 07:31:11'),
(3, 3, '01763634878', 'Sourav', -100.00, 1, 1, NULL, '2025-05-30 06:46:08', '2025-11-12 12:26:09'),
(4, 7, '01763634878', 'Sourav', 0.00, 1, 1, NULL, '2025-05-30 06:46:44', '2025-05-30 06:46:44'),
(5, 10, '147.151.38602', 'Sourav', 0.00, 1, 1, NULL, '2025-05-30 06:47:42', '2025-05-30 06:47:42'),
(6, 8, '2068504160001', 'Re-Start BD', 0.00, 1, 1, NULL, '2025-05-30 06:48:23', '2025-05-30 06:48:23'),
(7, 9, '1264390059001', 'Re-Start BD', 0.00, 1, 1, NULL, '2025-05-30 06:49:06', '2025-05-30 06:49:06');

-- --------------------------------------------------------

--
-- Table structure for table `account_ledgers`
--

CREATE TABLE `account_ledgers` (
  `id` bigint(20) UNSIGNED NOT NULL,
  `account_id` bigint(20) NOT NULL,
  `debit_amount` double(20,2) DEFAULT NULL COMMENT 'Withdrawal',
  `credit_amount` double(20,2) DEFAULT NULL COMMENT 'Deposit',
  `current_balance` double(20,2) NOT NULL,
  `reference_number` varchar(255) DEFAULT NULL,
  `description` text DEFAULT NULL,
  `transaction_date` date DEFAULT NULL,
  `created_at` timestamp NULL DEFAULT NULL,
  `updated_at` timestamp NULL DEFAULT NULL
) ENGINE=InnoDB DEFAULT CHARSET=utf8mb4 COLLATE=utf8mb4_unicode_ci;

--
-- Dumping data for table `account_ledgers`
--

INSERT INTO `account_ledgers` (`id`, `account_id`, `debit_amount`, `credit_amount`, `current_balance`, `reference_number`, `description`, `transaction_date`, `created_at`, `updated_at`) VALUES
(1, 1, NULL, 1312000.00, 1312000.00, NULL, 'Investment Deposit', '2025-05-31', '2025-05-31 10:01:02', '2025-05-31 10:01:02'),
(2, 1, 62000.00, NULL, 1250000.00, NULL, 'Bike Purchase', '2025-05-31', '2025-05-31 10:53:15', '2025-05-31 10:53:15'),
(3, 1, 81000.00, NULL, 1169000.00, NULL, 'Bike Purchase', '2025-05-31', '2025-05-31 10:53:20', '2025-05-31 10:53:20'),
(4, 1, 281000.00, NULL, 888000.00, NULL, 'Bike Purchase', '2025-05-31', '2025-05-31 10:53:23', '2025-05-31 10:53:23'),
(5, 1, 50000.00, NULL, 838000.00, NULL, 'Bike Purchase', '2025-05-31', '2025-05-31 10:53:26', '2025-05-31 10:53:26'),
(6, 1, 187000.00, NULL, 651000.00, NULL, 'Bike Purchase', '2025-05-31', '2025-05-31 10:53:30', '2025-05-31 10:53:30'),
(7, 1, 176000.00, NULL, 475000.00, NULL, 'Bike Purchase', '2025-05-31', '2025-05-31 10:53:33', '2025-05-31 10:53:33'),
(8, 1, 300000.00, NULL, 175000.00, NULL, 'Bike Purchase', '2025-05-31', '2025-05-31 10:53:37', '2025-05-31 10:53:37'),
(9, 1, 110000.00, NULL, 65000.00, NULL, 'Bike Purchase', '2025-05-31', '2025-05-31 10:53:42', '2025-05-31 10:53:42'),
(10, 1, 65000.00, NULL, 0.00, NULL, 'Bike Purchase', '2025-05-31', '2025-05-31 10:53:47', '2025-05-31 10:53:47'),
(11, 1, NULL, 790000.00, 790000.00, NULL, 'Investment Deposit', '2025-05-31', '2025-05-31 15:59:49', '2025-05-31 15:59:49'),
(12, 1, 340000.00, NULL, 450000.00, NULL, 'Bike Purchase', '2025-05-31', '2025-05-31 16:12:24', '2025-05-31 16:12:24'),
(13, 1, 175000.00, NULL, 275000.00, NULL, 'Bike Purchase', '2025-05-31', '2025-05-31 16:12:27', '2025-05-31 16:12:27'),
(14, 1, 275000.00, NULL, 0.00, NULL, 'Bike Purchase', '2025-05-31', '2025-05-31 16:12:30', '2025-05-31 16:12:30'),
(15, 1, NULL, 498000.00, 498000.00, NULL, 'Investment Deposit', '2025-05-31', '2025-05-31 16:24:23', '2025-05-31 16:24:23'),
(16, 1, 200000.00, NULL, 298000.00, NULL, 'Bike Purchase', '2025-05-31', '2025-05-31 16:34:07', '2025-05-31 16:34:07'),
(17, 1, 93000.00, NULL, 205000.00, NULL, 'Bike Purchase', '2025-05-31', '2025-05-31 16:34:10', '2025-05-31 16:34:10'),
(18, 1, 205000.00, NULL, 0.00, NULL, 'Bike Purchase', '2025-05-31', '2025-05-31 16:34:13', '2025-05-31 16:34:13'),
(19, 1, NULL, 165000.00, 165000.00, NULL, 'Investment Deposit', '2025-05-31', '2025-05-31 16:43:32', '2025-05-31 16:43:32'),
(20, 1, NULL, 253000.00, 418000.00, NULL, 'Investment Deposit', '2025-05-31', '2025-05-31 16:43:36', '2025-05-31 16:43:36'),
(21, 1, NULL, 104000.00, 522000.00, NULL, 'Investment Deposit', '2025-05-31', '2025-05-31 16:47:58', '2025-05-31 16:47:58'),
(22, 1, 104000.00, NULL, 418000.00, NULL, 'Bike Purchase', '2025-05-31', '2025-05-31 17:01:26', '2025-05-31 17:01:26'),
(23, 1, 165000.00, NULL, 253000.00, NULL, 'Bike Purchase', '2025-05-31', '2025-05-31 17:01:29', '2025-05-31 17:01:29'),
(24, 1, 146000.00, NULL, 107000.00, NULL, 'Bike Purchase', '2025-05-31', '2025-05-31 17:01:32', '2025-05-31 17:01:32'),
(25, 1, 107000.00, NULL, 0.00, NULL, 'Bike Purchase', '2025-05-31', '2025-05-31 17:01:35', '2025-05-31 17:01:35'),
(26, 1, NULL, 125000.00, 125000.00, NULL, 'Investment Deposit', '2025-05-31', '2025-05-31 17:03:16', '2025-05-31 17:03:16'),
(27, 1, 125000.00, NULL, 0.00, NULL, 'Bike Purchase', '2025-05-31', '2025-05-31 17:05:43', '2025-05-31 17:05:43'),
(28, 1, 4080.00, NULL, -4080.00, NULL, 'Bike Service Expense', '2025-06-02', '2025-06-02 12:52:36', '2025-06-02 12:52:36'),
(29, 1, 6300.00, NULL, -10380.00, NULL, 'Bike Service Expense', '2025-06-02', '2025-06-02 13:50:17', '2025-06-02 13:50:17'),
(30, 1, 1100.00, NULL, -11480.00, NULL, 'Bike Service Expense', '2025-06-02', '2025-06-02 13:50:20', '2025-06-02 13:50:20'),
(31, 1, 1500.00, NULL, -12980.00, NULL, 'Bike Service Expense', '2025-06-02', '2025-06-02 13:50:24', '2025-06-02 13:50:24'),
(32, 1, 6950.00, NULL, -19930.00, NULL, 'Bike Service Expense', '2025-06-02', '2025-06-02 13:50:27', '2025-06-02 13:50:27'),
(33, 1, 14050.00, NULL, -33980.00, NULL, 'Bike Service Expense', '2025-06-02', '2025-06-02 13:50:30', '2025-06-02 13:50:30'),
(34, 1, 1350.00, NULL, -35330.00, NULL, 'Bike Service Expense', '2025-06-02', '2025-06-02 13:50:33', '2025-06-02 13:50:33'),
(35, 1, 3900.00, NULL, -39230.00, NULL, 'Bike Service Expense', '2025-06-02', '2025-06-02 13:50:36', '2025-06-02 13:50:36'),
(36, 1, 7060.00, NULL, -46290.00, NULL, 'Bike Service Expense', '2025-06-02', '2025-06-02 13:50:39', '2025-06-02 13:50:39'),
(37, 1, 10600.00, NULL, -56890.00, NULL, 'Bike Service Expense', '2025-06-02', '2025-06-02 13:50:41', '2025-06-02 13:50:41'),
(38, 1, 1400.00, NULL, -58290.00, NULL, 'Bike Service Expense', '2025-06-02', '2025-06-02 13:50:44', '2025-06-02 13:50:44'),
(39, 1, 10500.00, NULL, -68790.00, NULL, 'Bike Service Expense', '2025-06-02', '2025-06-02 13:50:48', '2025-06-02 13:50:48'),
(40, 1, 4950.00, NULL, -73740.00, NULL, 'Bike Service Expense', '2025-06-02', '2025-06-02 13:50:51', '2025-06-02 13:50:51'),
(41, 1, 4500.00, NULL, -78240.00, NULL, 'Bike Service Expense', '2025-06-02', '2025-06-02 13:50:53', '2025-06-02 13:50:53'),
(42, 1, 4130.00, NULL, -82370.00, NULL, 'Bike Service Expense', '2025-06-02', '2025-06-02 13:50:56', '2025-06-02 13:50:56'),
(43, 1, 1800.00, NULL, -84170.00, NULL, 'Bike Service Expense', '2025-06-02', '2025-06-02 13:50:59', '2025-06-02 13:50:59'),
(44, 1, 1400.00, NULL, -85570.00, NULL, 'Bike Service Expense', '2025-06-02', '2025-06-02 13:51:02', '2025-06-02 13:51:02'),
(45, 1, 12780.00, NULL, -98350.00, NULL, 'Bike Service Expense', '2025-06-02', '2025-06-02 13:51:05', '2025-06-02 13:51:05'),
(46, 1, 2300.00, NULL, -100650.00, NULL, 'Bike Service Expense', '2025-06-02', '2025-06-02 13:51:08', '2025-06-02 13:51:08'),
(47, 1, 300.00, NULL, -100950.00, NULL, 'Bike Service Expense', '2025-06-02', '2025-06-02 13:51:10', '2025-06-02 13:51:10'),
(48, 1, NULL, 100950.00, 0.00, NULL, 'Investment Deposit', '2025-06-02', '2025-06-02 13:53:18', '2025-06-02 13:53:18'),
(49, 1, 101000.00, NULL, -101000.00, NULL, 'Bike Purchase', '2025-06-03', '2025-06-03 08:49:08', '2025-06-03 08:49:08'),
(50, 1, 3020.00, NULL, -104020.00, NULL, 'Bike Service Expense', '2025-06-03', '2025-06-03 08:51:49', '2025-06-03 08:51:49'),
(51, 1, NULL, 130000.00, 25980.00, NULL, 'Bike Sales', '2025-06-03', '2025-06-03 08:58:02', '2025-06-03 08:58:02'),
(52, 1, 30000.00, NULL, -4020.00, 'F', 'Expenses', '2025-06-03', '2025-06-03 09:05:35', '2025-06-03 09:05:35'),
(53, 1, 30000.00, NULL, -34020.00, NULL, 'Expenses', '2025-06-03', '2025-06-03 09:05:38', '2025-06-03 09:05:38'),
(54, 1, 365000.00, NULL, -399020.00, NULL, 'Bike Purchase', '2025-06-04', '2025-06-04 13:02:59', '2025-06-04 13:02:59'),
(55, 1, 371000.00, NULL, -770020.00, NULL, 'Bike Purchase', '2025-06-04', '2025-06-04 13:03:04', '2025-06-04 13:03:04'),
(56, 1, 152000.00, NULL, -922020.00, NULL, 'Bike Purchase', '2025-06-04', '2025-06-04 13:03:07', '2025-06-04 13:03:07'),
(57, 1, NULL, 888000.00, -34020.00, NULL, 'Investment Deposit', '2025-06-04', '2025-06-04 13:04:01', '2025-06-04 13:04:01'),
(58, 1, 242000.00, NULL, -276020.00, 'SMA', 'Bike Purchase', '2025-06-05', '2025-06-05 07:43:42', '2025-06-05 07:43:42'),
(59, 1, 100.00, NULL, -276120.00, 'Saim (Mama) Konok', 'Bike Purchase', '2025-06-05', '2025-06-05 07:43:51', '2025-06-05 07:43:51'),
(60, 1, 165000.00, NULL, -441120.00, 'Parvez (Bongshal)', 'Bike Purchase', '2025-06-05', '2025-06-05 07:43:58', '2025-06-05 07:43:58'),
(61, 1, NULL, 407100.00, -34020.00, NULL, 'Investment Deposit', '2025-06-05', '2025-06-05 07:44:42', '2025-06-05 07:44:42'),
(62, 1, 480.00, NULL, -34500.00, NULL, 'Bike Service Expense', '2025-06-05', '2025-06-05 08:09:27', '2025-06-05 08:09:27'),
(63, 1, 650.00, NULL, -35150.00, NULL, 'Bike Service Expense', '2025-06-05', '2025-06-05 08:09:30', '2025-06-05 08:09:30'),
(64, 1, 300.00, NULL, -35450.00, NULL, 'Bike Service Expense', '2025-06-05', '2025-06-05 08:09:34', '2025-06-05 08:09:34'),
(65, 1, 270.00, NULL, -35720.00, NULL, 'Bike Service Expense', '2025-06-05', '2025-06-05 08:09:37', '2025-06-05 08:09:37'),
(66, 1, 5500.00, NULL, -41220.00, NULL, 'Bike Service Expense', '2025-06-05', '2025-06-05 08:09:41', '2025-06-05 08:09:41'),
(67, 1, 2350.00, NULL, -43570.00, NULL, 'Bike Service Expense', '2025-06-05', '2025-06-05 08:09:44', '2025-06-05 08:09:44'),
(68, 1, 100.00, NULL, -43670.00, NULL, 'Bike Service Expense', '2025-06-05', '2025-06-05 08:09:47', '2025-06-05 08:09:47'),
(69, 1, 290.00, NULL, -43960.00, NULL, 'Bike Service Expense', '2025-06-05', '2025-06-05 08:09:50', '2025-06-05 08:09:50'),
(70, 1, 300.00, NULL, -44260.00, NULL, 'Bike Service Expense', '2025-06-05', '2025-06-05 08:09:53', '2025-06-05 08:09:53'),
(71, 1, 1000.00, NULL, -45260.00, NULL, 'Bike Service Expense', '2025-06-05', '2025-06-05 08:09:56', '2025-06-05 08:09:56'),
(72, 1, 370.00, NULL, -45630.00, NULL, 'Bike Service Expense', '2025-06-05', '2025-06-05 08:09:59', '2025-06-05 08:09:59'),
(73, 1, 370.00, NULL, -46000.00, NULL, 'Bike Service Expense', '2025-06-05', '2025-06-05 08:10:02', '2025-06-05 08:10:02'),
(74, 1, 370.00, NULL, -46370.00, NULL, 'Bike Service Expense', '2025-06-05', '2025-06-05 08:10:05', '2025-06-05 08:10:05'),
(75, 1, 370.00, NULL, -46740.00, NULL, 'Bike Service Expense', '2025-06-05', '2025-06-05 08:10:09', '2025-06-05 08:10:09'),
(76, 1, 370.00, NULL, -47110.00, NULL, 'Bike Service Expense', '2025-06-05', '2025-06-05 08:10:13', '2025-06-05 08:10:13'),
(77, 1, 370.00, NULL, -47480.00, NULL, 'Bike Service Expense', '2025-06-05', '2025-06-05 08:10:15', '2025-06-05 08:10:15'),
(78, 1, 100.00, NULL, -47580.00, NULL, 'Bike Service Expense', '2025-06-05', '2025-06-05 08:10:19', '2025-06-05 08:10:19'),
(79, 1, 600.00, NULL, -48180.00, NULL, 'Bike Service Expense', '2025-06-05', '2025-06-05 08:10:22', '2025-06-05 08:10:22'),
(80, 1, NULL, 14160.00, -34020.00, 'Exp.', 'Investment Deposit', '2025-06-05', '2025-06-05 08:12:14', '2025-06-05 08:12:14'),
(81, 1, 40000.00, NULL, -74020.00, 'Buy', 'Expenses', '2025-06-05', '2025-06-05 08:25:36', '2025-06-05 08:25:36'),
(82, 1, 5000.00, NULL, -79020.00, 'Sabuj', 'Expenses', '2025-06-05', '2025-06-05 08:25:39', '2025-06-05 08:25:39'),
(83, 1, 25000.00, NULL, -104020.00, NULL, 'Expenses', '2025-06-05', '2025-06-05 08:25:43', '2025-06-05 08:25:43'),
(84, 1, 40000.00, NULL, -144020.00, 'Re-Start', 'Expenses', '2025-06-05', '2025-06-05 08:25:45', '2025-06-05 08:25:45'),
(85, 1, 1500.00, NULL, -145520.00, NULL, 'Expenses', '2025-06-05', '2025-06-05 08:25:48', '2025-06-05 08:25:48'),
(86, 1, NULL, 145520.00, 0.00, 'All Exp.', 'Investment Deposit', '2025-06-05', '2025-06-05 08:26:43', '2025-06-05 08:26:43'),
(87, 1, NULL, 365000.00, 365000.00, NULL, 'Bike Sales', '2025-06-05', '2025-06-05 12:09:03', '2025-06-05 12:09:03'),
(88, 1, NULL, 437500.00, 802500.00, NULL, 'Bike Sales', '2025-06-06', '2025-06-06 09:24:44', '2025-06-06 09:24:44'),
(89, 1, 3500.00, NULL, 799000.00, NULL, 'Bike Service Expense', '2025-06-06', '2025-06-06 15:52:17', '2025-06-06 15:52:17'),
(90, 1, 115000.00, NULL, 684000.00, NULL, 'Bike Purchase', '2025-06-06', '2025-06-06 16:07:15', '2025-06-06 16:07:15'),
(91, 1, 2000.00, NULL, 682000.00, NULL, 'Bike Service Expense', '2025-06-06', '2025-06-06 16:09:57', '2025-06-06 16:09:57'),
(92, 1, NULL, 117000.00, 799000.00, NULL, 'Investment Deposit', '2025-06-06', '2025-06-06 16:10:59', '2025-06-06 16:10:59'),
(93, 1, NULL, 120000.00, 919000.00, NULL, 'Bike Sales', '2025-06-06', '2025-06-06 16:20:59', '2025-06-06 16:20:59'),
(94, 1, NULL, 89000.00, 1008000.00, NULL, 'Bike Sales', '2025-06-06', '2025-06-06 16:21:04', '2025-06-06 16:21:04'),
(95, 1, NULL, 138000.00, 1146000.00, NULL, 'Bike Sales', '2025-06-06', '2025-06-06 16:21:07', '2025-06-06 16:21:07'),
(96, 1, 8000.00, NULL, 1138000.00, NULL, 'Profit Share Withdrawal', '2025-06-07', '2025-06-06 18:06:24', '2025-06-06 18:06:24'),
(97, 1, 3600.00, NULL, 1134400.00, NULL, 'Profit Share Withdrawal', '2025-06-07', '2025-06-06 18:07:34', '2025-06-06 18:07:34'),
(98, 1, 110000.00, NULL, 1024400.00, 'Raidar', 'Investment Withdrawal', '2025-06-07', '2025-06-06 18:09:11', '2025-06-06 18:09:11'),
(99, 1, 65000.00, NULL, 959400.00, 'Ignitor', 'Investment Withdrawal', '2025-06-07', '2025-06-06 18:09:50', '2025-06-06 18:09:50'),
(100, 1, 54000.00, NULL, 905400.00, NULL, 'Expenses', '2025-06-23', '2025-06-23 08:18:50', '2025-06-23 08:18:50'),
(101, 1, 50000.00, NULL, 855400.00, NULL, 'Expenses', '2025-06-23', '2025-06-23 08:18:54', '2025-06-23 08:18:54'),
(102, 1, 20000.00, NULL, 835400.00, NULL, 'Expenses', '2025-06-23', '2025-06-23 08:18:57', '2025-06-23 08:18:57'),
(103, 1, 20000.00, NULL, 815400.00, 'Sohel Vai F', 'Expenses', '2025-06-23', '2025-06-23 08:18:59', '2025-06-23 08:18:59'),
(106, 1, 40000.00, NULL, 775400.00, NULL, 'Expenses', '2025-06-23', '2025-06-23 08:19:18', '2025-06-23 08:19:18'),
(108, 1, 40000.00, NULL, 735400.00, 'Ghorgari', 'Expenses', '2025-06-23', '2025-06-23 08:19:44', '2025-06-23 08:19:44'),
(109, 1, 30000.00, NULL, 705400.00, NULL, 'Expenses', '2025-06-23', '2025-06-23 08:19:48', '2025-06-23 08:19:48'),
(110, 1, 25000.00, NULL, 680400.00, NULL, 'Expenses', '2025-06-23', '2025-06-23 08:19:53', '2025-06-23 08:19:53'),
(111, 1, 20000.00, NULL, 660400.00, NULL, 'Expenses', '2025-06-23', '2025-06-23 08:21:29', '2025-06-23 08:21:29'),
(112, 1, 11500.00, NULL, 648900.00, NULL, 'Profit Share Withdrawal', '2025-06-23', '2025-06-23 08:23:12', '2025-06-23 08:23:12'),
(113, 1, NULL, 130000.00, 778900.00, 'Gixxer DD', 'Investment Deposit', '2025-06-28', '2025-06-28 12:26:46', '2025-06-28 12:26:46'),
(114, 1, 130000.00, NULL, 648900.00, NULL, 'Bike Purchase', '2025-06-28', '2025-06-28 13:55:08', '2025-06-28 13:55:08'),
(115, 1, 130000.00, NULL, 518900.00, 'P.Bong', 'Bike Purchase', '2025-06-28', '2025-06-28 13:55:13', '2025-06-28 13:55:13'),
(116, 1, 417500.00, NULL, 101400.00, NULL, 'Bike Purchase', '2025-06-28', '2025-06-28 13:55:16', '2025-06-28 13:55:16'),
(117, 1, 135000.00, NULL, -33600.00, 'S.V', 'Bike Purchase', '2025-06-28', '2025-06-28 13:55:20', '2025-06-28 13:55:20'),
(118, 1, 6500.00, NULL, -40100.00, NULL, 'Bike Service Expense', '2025-06-28', '2025-06-28 13:55:27', '2025-06-28 13:55:27'),
(119, 1, 2370.00, NULL, -42470.00, NULL, 'Bike Service Expense', '2025-06-28', '2025-06-28 13:55:30', '2025-06-28 13:55:30'),
(120, 1, 350.00, NULL, -42820.00, NULL, 'Bike Service Expense', '2025-06-28', '2025-06-28 13:55:33', '2025-06-28 13:55:33'),
(121, 1, 28000.00, NULL, -70820.00, NULL, 'Expenses', '2025-06-28', '2025-06-28 13:56:02', '2025-06-28 13:56:02'),
(122, 1, 4000.00, NULL, -74820.00, 'Market', 'Expenses', '2025-06-28', '2025-06-28 13:56:05', '2025-06-28 13:56:05'),
(123, 1, 130000.00, NULL, -204820.00, 'Riad Vai', 'Bike Purchase', '2025-07-01', '2025-07-01 10:59:18', '2025-07-01 10:59:18'),
(126, 1, 160000.00, NULL, -364820.00, 'Parvez-Bongshal', 'Bike Purchase', '2025-07-01', '2025-07-01 11:04:56', '2025-07-01 11:04:56'),
(127, 1, 3850.00, NULL, -368670.00, NULL, 'Bike Service Expense', '2025-07-01', '2025-07-01 12:49:39', '2025-07-01 12:49:39'),
(128, 1, 800.00, NULL, -369470.00, NULL, 'Bike Service Expense', '2025-07-01', '2025-07-01 12:49:42', '2025-07-01 12:49:42'),
(129, 1, 2650.00, NULL, -372120.00, NULL, 'Bike Service Expense', '2025-07-01', '2025-07-01 12:49:45', '2025-07-01 12:49:45'),
(130, 1, 6500.00, NULL, -378620.00, NULL, 'Bike Service Expense', '2025-07-01', '2025-07-01 12:49:48', '2025-07-01 12:49:48'),
(131, 1, 300.00, NULL, -378920.00, NULL, 'Bike Service Expense', '2025-07-01', '2025-07-01 12:49:51', '2025-07-01 12:49:51'),
(132, 1, 1850.00, NULL, -380770.00, NULL, 'Bike Service Expense', '2025-07-01', '2025-07-01 12:49:53', '2025-07-01 12:49:53'),
(133, 1, 4000.00, NULL, -384770.00, NULL, 'Bike Service Expense', '2025-07-01', '2025-07-01 12:49:56', '2025-07-01 12:49:56'),
(134, 1, 500.00, NULL, -385270.00, NULL, 'Bike Service Expense', '2025-07-01', '2025-07-01 12:49:59', '2025-07-01 12:49:59'),
(135, 1, 800.00, NULL, -386070.00, NULL, 'Bike Service Expense', '2025-07-01', '2025-07-01 12:50:01', '2025-07-01 12:50:01'),
(136, 1, 250.00, NULL, -386320.00, NULL, 'Bike Service Expense', '2025-07-01', '2025-07-01 12:50:04', '2025-07-01 12:50:04'),
(137, 1, 1200.00, NULL, -387520.00, NULL, 'Bike Service Expense', '2025-07-01', '2025-07-01 12:50:06', '2025-07-01 12:50:06'),
(138, 1, 1210.00, NULL, -388730.00, NULL, 'Bike Service Expense', '2025-07-01', '2025-07-01 12:50:08', '2025-07-01 12:50:08'),
(139, 1, 4720.00, NULL, -393450.00, NULL, 'Bike Service Expense', '2025-07-01', '2025-07-01 12:50:09', '2025-07-01 12:50:09'),
(140, 1, 1750.00, NULL, -395200.00, NULL, 'Bike Service Expense', '2025-07-01', '2025-07-01 12:50:11', '2025-07-01 12:50:11'),
(141, 1, 2700.00, NULL, -397900.00, NULL, 'Bike Service Expense', '2025-07-01', '2025-07-01 12:50:12', '2025-07-01 12:50:12'),
(142, 1, 450.00, NULL, -398350.00, NULL, 'Bike Service Expense', '2025-07-01', '2025-07-01 12:50:14', '2025-07-01 12:50:14'),
(143, 1, 2700.00, NULL, -401050.00, NULL, 'Bike Service Expense', '2025-07-01', '2025-07-01 12:50:15', '2025-07-01 12:50:15'),
(144, 1, 1100.00, NULL, -402150.00, NULL, 'Bike Service Expense', '2025-07-01', '2025-07-01 12:50:17', '2025-07-01 12:50:17'),
(145, 1, 19850.00, NULL, -422000.00, NULL, 'Bike Service Expense', '2025-07-01', '2025-07-01 12:50:19', '2025-07-01 12:50:19'),
(146, 1, 150.00, NULL, -422150.00, NULL, 'Bike Service Expense', '2025-07-01', '2025-07-01 12:50:21', '2025-07-01 12:50:21'),
(147, 1, 200.00, NULL, -422350.00, NULL, 'Bike Service Expense', '2025-07-01', '2025-07-01 12:50:22', '2025-07-01 12:50:22'),
(148, 1, 700.00, NULL, -423050.00, NULL, 'Bike Service Expense', '2025-07-01', '2025-07-01 12:50:25', '2025-07-01 12:50:25'),
(149, 1, 150.00, NULL, -423200.00, NULL, 'Bike Service Expense', '2025-07-01', '2025-07-01 12:50:26', '2025-07-01 12:50:26'),
(150, 1, 200.00, NULL, -423400.00, NULL, 'Bike Service Expense', '2025-07-01', '2025-07-01 12:50:28', '2025-07-01 12:50:28'),
(151, 1, 100.00, NULL, -423500.00, NULL, 'Bike Service Expense', '2025-07-01', '2025-07-01 12:50:30', '2025-07-01 12:50:30'),
(152, 1, 100.00, NULL, -423600.00, NULL, 'Bike Service Expense', '2025-07-01', '2025-07-01 12:50:31', '2025-07-01 12:50:31'),
(153, 1, 100.00, NULL, -423700.00, NULL, 'Bike Service Expense', '2025-07-01', '2025-07-01 12:50:33', '2025-07-01 12:50:33'),
(154, 1, 350.00, NULL, -424050.00, NULL, 'Bike Service Expense', '2025-07-01', '2025-07-01 12:50:35', '2025-07-01 12:50:35'),
(155, 1, 1300.00, NULL, -425350.00, NULL, 'Bike Service Expense', '2025-07-01', '2025-07-01 12:50:36', '2025-07-01 12:50:36'),
(156, 1, 58000.00, NULL, -483350.00, NULL, 'Expenses', '2025-07-01', '2025-07-01 12:51:04', '2025-07-01 12:51:04'),
(157, 1, 3000.00, NULL, -486350.00, NULL, 'Expenses', '2025-07-01', '2025-07-01 12:51:07', '2025-07-01 12:51:07'),
(158, 1, 500.00, NULL, -486850.00, NULL, 'Expenses', '2025-07-01', '2025-07-01 12:51:11', '2025-07-01 12:51:11'),
(159, 1, 400000.00, NULL, -886850.00, NULL, 'Bike Purchase', '2025-07-03', '2025-07-03 14:05:31', '2025-07-03 14:05:31'),
(160, 1, 1570.00, NULL, -888420.00, NULL, 'Bike Service Expense', '2025-07-03', '2025-07-03 14:07:41', '2025-07-03 14:07:41'),
(161, 1, 3500.00, NULL, -891920.00, NULL, 'Bike Service Expense', '2025-07-03', '2025-07-03 14:09:13', '2025-07-03 14:09:13'),
(162, 1, NULL, 445000.00, -446920.00, NULL, 'Bike Sales', '2025-07-03', '2025-07-03 14:12:11', '2025-07-03 14:12:11'),
(163, 1, 20000.00, NULL, -466920.00, NULL, 'Profit Share Withdrawal', '2025-07-03', '2025-07-03 14:16:14', '2025-07-03 14:16:14'),
(164, 1, NULL, 445000.00, -21920.00, NULL, 'Bike Sales', '2025-07-04', '2025-07-04 07:00:41', '2025-07-04 07:00:41'),
(165, 1, NULL, 142000.00, 120080.00, NULL, 'Bike Sales', '2025-07-04', '2025-07-04 07:00:44', '2025-07-04 07:00:44'),
(166, 1, NULL, 6000.00, 126080.00, NULL, 'Bike Sales', '2025-07-04', '2025-07-04 07:00:47', '2025-07-04 07:00:47'),
(167, 1, 6000.00, NULL, 120080.00, NULL, 'Profit Share Withdrawal', '2025-07-04', '2025-07-04 07:01:23', '2025-07-04 07:01:23'),
(168, 1, 182000.00, NULL, -61920.00, 'Masum (Molom)', 'Bike Purchase', '2025-07-23', '2025-07-23 07:52:01', '2025-07-23 07:52:01'),
(169, 1, 192500.00, NULL, -254420.00, NULL, 'Bike Purchase', '2025-07-23', '2025-07-23 07:52:28', '2025-07-23 07:52:28'),
(170, 1, 210000.00, NULL, -464420.00, NULL, 'Bike Purchase', '2025-07-23', '2025-07-23 07:52:31', '2025-07-23 07:52:31'),
(171, 1, 150000.00, NULL, -614420.00, NULL, 'Bike Purchase', '2025-07-23', '2025-07-23 07:52:37', '2025-07-23 07:52:37'),
(172, 1, 128000.00, NULL, -742420.00, 'Re Purchase', 'Bike Purchase', '2025-07-23', '2025-07-23 07:52:41', '2025-07-23 07:52:41'),
(173, 1, 196000.00, NULL, -938420.00, NULL, 'Bike Purchase', '2025-07-23', '2025-07-23 07:52:48', '2025-07-23 07:52:48'),
(174, 1, 110000.00, NULL, -1048420.00, NULL, 'Bike Purchase', '2025-07-23', '2025-07-23 07:52:53', '2025-07-23 07:52:53'),
(175, 1, 182000.00, NULL, -1230420.00, NULL, 'Bike Purchase', '2025-07-23', '2025-07-23 07:52:58', '2025-07-23 07:52:58'),
(176, 1, 129000.00, NULL, -1359420.00, NULL, 'Bike Purchase', '2025-07-22', '2025-07-23 07:53:03', '2025-07-23 07:53:03'),
(177, 1, 385000.00, NULL, -1744420.00, NULL, 'Bike Purchase', '2025-07-22', '2025-07-23 07:53:09', '2025-07-23 07:53:09'),
(180, 1, 60000.00, NULL, -1804420.00, 'Re Purchase 02', 'Bike Purchase', '2025-07-22', '2025-07-23 07:54:02', '2025-07-23 07:54:02'),
(181, 1, 330000.00, NULL, -2134420.00, NULL, 'Bike Purchase', '2025-07-22', '2025-07-23 07:54:12', '2025-07-23 07:54:12'),
(182, 1, 250000.00, NULL, -2384420.00, NULL, 'Bike Purchase', '2025-07-22', '2025-07-23 07:54:22', '2025-07-23 07:54:22'),
(183, 1, 355000.00, NULL, -2739420.00, NULL, 'Bike Purchase', '2025-07-22', '2025-07-23 07:54:33', '2025-07-23 07:54:33'),
(184, 1, NULL, 150000.00, -2589420.00, NULL, 'Investment Deposit', '2025-07-23', '2025-07-23 08:11:29', '2025-07-23 08:11:29'),
(185, 1, NULL, 445000.00, -2144420.00, NULL, 'Investment Deposit', '2025-07-23', '2025-07-23 08:11:33', '2025-07-23 08:11:33'),
(186, 1, 200.00, NULL, -2144620.00, NULL, 'Bike Service Expense', '2025-07-23', '2025-07-23 09:53:21', '2025-07-23 09:53:21'),
(187, 1, 6610.00, NULL, -2151230.00, NULL, 'Bike Service Expense', '2025-07-23', '2025-07-23 09:53:24', '2025-07-23 09:53:24'),
(188, 1, 950.00, NULL, -2152180.00, NULL, 'Bike Service Expense', '2025-07-23', '2025-07-23 09:53:27', '2025-07-23 09:53:27'),
(189, 1, 16710.00, NULL, -2168890.00, NULL, 'Bike Service Expense', '2025-07-23', '2025-07-23 09:53:29', '2025-07-23 09:53:29'),
(190, 1, 1350.00, NULL, -2170240.00, NULL, 'Bike Service Expense', '2025-07-23', '2025-07-23 09:53:32', '2025-07-23 09:53:32'),
(191, 1, 4280.00, NULL, -2174520.00, NULL, 'Bike Service Expense', '2025-07-23', '2025-07-23 09:53:35', '2025-07-23 09:53:35'),
(192, 1, 31500.00, NULL, -2206020.00, NULL, 'Bike Service Expense', '2025-07-23', '2025-07-23 10:07:52', '2025-07-23 10:07:52'),
(193, 1, 850.00, NULL, -2206870.00, NULL, 'Bike Service Expense', '2025-07-23', '2025-07-23 10:07:54', '2025-07-23 10:07:54'),
(194, 1, 6100.00, NULL, -2212970.00, NULL, 'Bike Service Expense', '2025-07-23', '2025-07-23 10:07:56', '2025-07-23 10:07:56'),
(195, 1, 2050.00, NULL, -2215020.00, NULL, 'Bike Service Expense', '2025-07-23', '2025-07-23 10:07:57', '2025-07-23 10:07:57'),
(196, 1, 1550.00, NULL, -2216570.00, NULL, 'Bike Service Expense', '2025-07-23', '2025-07-23 10:07:59', '2025-07-23 10:07:59'),
(197, 1, 700.00, NULL, -2217270.00, NULL, 'Bike Service Expense', '2025-07-23', '2025-07-23 10:08:00', '2025-07-23 10:08:00'),
(198, 1, 1600.00, NULL, -2218870.00, NULL, 'Bike Service Expense', '2025-07-23', '2025-07-23 10:08:02', '2025-07-23 10:08:02'),
(199, 1, 500.00, NULL, -2219370.00, NULL, 'Bike Service Expense', '2025-07-23', '2025-07-23 10:08:03', '2025-07-23 10:08:03'),
(200, 1, 3000.00, NULL, -2222370.00, NULL, 'Bike Service Expense', '2025-07-23', '2025-07-23 10:08:05', '2025-07-23 10:08:05'),
(201, 1, 300.00, NULL, -2222670.00, NULL, 'Bike Service Expense', '2025-07-24', '2025-07-24 06:32:57', '2025-07-24 06:32:57'),
(202, 1, NULL, 227000.00, -1995670.00, NULL, 'Bike Sales', '2025-07-24', '2025-07-24 06:38:09', '2025-07-24 06:38:09'),
(203, 1, 7900.00, NULL, -2003570.00, NULL, 'Profit Share Withdrawal', '2025-07-24', '2025-07-24 06:53:59', '2025-07-24 06:53:59'),
(204, 1, 3460.00, NULL, -2007030.00, NULL, 'Bike Service Expense', '2025-07-24', '2025-07-24 07:31:46', '2025-07-24 07:31:46'),
(205, 1, 500.00, NULL, -2007530.00, NULL, 'Bike Service Expense', '2025-07-24', '2025-07-24 07:32:25', '2025-07-24 07:32:25'),
(206, 1, 1800.00, NULL, -2009330.00, NULL, 'Bike Service Expense', '2025-07-24', '2025-07-24 07:37:45', '2025-07-24 07:37:45'),
(207, 1, 300.00, NULL, -2009630.00, NULL, 'Bike Service Expense', '2025-07-24', '2025-07-24 07:39:12', '2025-07-24 07:39:12'),
(208, 1, 200.00, NULL, -2009830.00, NULL, 'Bike Service Expense', '2025-07-24', '2025-07-24 07:40:59', '2025-07-24 07:40:59'),
(209, 1, NULL, 60240.00, -1949590.00, NULL, 'Bike Sales', '2025-07-24', '2025-07-24 07:42:44', '2025-07-24 07:42:44'),
(210, 1, NULL, 340000.00, -1609590.00, NULL, 'Bike Sales', '2025-07-24', '2025-07-24 07:42:47', '2025-07-24 07:42:47'),
(211, 1, NULL, 150500.00, -1459090.00, NULL, 'Bike Sales', '2025-07-24', '2025-07-24 07:42:49', '2025-07-24 07:42:49'),
(212, 1, NULL, 169000.00, -1290090.00, NULL, 'Bike Sales', '2025-07-24', '2025-07-24 07:42:52', '2025-07-24 07:42:52'),
(213, 1, NULL, 105000.00, -1185090.00, NULL, 'Bike Sales', '2025-07-24', '2025-07-24 07:42:54', '2025-07-24 07:42:54'),
(214, 1, NULL, 105400.00, -1079690.00, NULL, 'Bike Sales', '2025-07-24', '2025-07-24 07:42:57', '2025-07-24 07:42:57'),
(215, 1, 200.00, NULL, -1079890.00, NULL, 'Bike Service Expense', '2025-07-24', '2025-07-24 07:53:00', '2025-07-24 07:53:00'),
(216, 1, 300.00, NULL, -1080190.00, NULL, 'Bike Service Expense', '2025-07-24', '2025-07-24 07:56:07', '2025-07-24 07:56:07'),
(217, 1, NULL, 153000.00, -927190.00, NULL, 'Bike Sales', '2025-07-24', '2025-07-24 07:56:45', '2025-07-24 07:56:45'),
(218, 1, NULL, 70000.00, -857190.00, NULL, 'Bike Sales', '2025-07-24', '2025-07-24 07:56:52', '2025-07-24 07:56:52'),
(219, 1, 400.00, NULL, -857590.00, NULL, 'Bike Service Expense', '2025-07-24', '2025-07-26 07:37:00', '2025-07-26 07:37:00'),
(220, 1, 26640.00, NULL, -884230.00, NULL, 'Bike Service Expense', '2025-07-26', '2025-07-26 07:42:45', '2025-07-26 07:42:45'),
(221, 1, NULL, 205000.00, -679230.00, NULL, 'Bike Sales', '2025-07-26', '2025-07-26 07:42:59', '2025-07-26 07:42:59'),
(222, 1, NULL, 155000.00, -524230.00, NULL, 'Bike Sales', '2025-07-26', '2025-07-26 07:43:02', '2025-07-26 07:43:02'),
(223, 1, NULL, 123000.00, -401230.00, NULL, 'Bike Sales', '2025-07-26', '2025-07-26 07:43:05', '2025-07-26 07:43:05'),
(224, 1, NULL, 175000.00, -226230.00, NULL, 'Bike Sales', '2025-07-26', '2025-07-26 07:43:10', '2025-07-26 07:43:10'),
(225, 1, NULL, 167000.00, -59230.00, NULL, 'Bike Sales', '2025-07-24', '2025-07-26 07:43:13', '2025-07-26 07:43:13'),
(226, 1, NULL, 172000.00, 112770.00, NULL, 'Bike Sales', '2025-07-26', '2025-07-26 07:46:13', '2025-07-26 07:46:13'),
(227, 1, NULL, 173000.00, 285770.00, NULL, 'Bike Sales', '2025-07-26', '2025-07-26 08:00:15', '2025-07-26 08:00:15'),
(228, 1, NULL, 18500.00, 304270.00, 'Adjustment', 'Investment Deposit', '2025-07-26', '2025-07-26 08:37:55', '2025-07-26 08:37:55'),
(229, 1, NULL, 15000.00, 319270.00, 'Adj-1', 'Investment Deposit', '2025-07-26', '2025-07-26 08:40:30', '2025-07-26 08:40:30'),
(230, 1, 104000.00, NULL, 215270.00, 'Hunk', 'Investment Withdrawal', '2025-07-26', '2025-07-26 08:42:11', '2025-07-26 08:42:11'),
(231, 1, 165100.00, NULL, 50170.00, NULL, 'Investment Withdrawal', '2025-07-26', '2025-07-26 08:43:19', '2025-07-26 08:43:19'),
(232, 1, 10000.00, NULL, 40170.00, 'Shishir-2', 'Expenses', '2025-07-26', '2025-07-26 10:41:17', '2025-07-26 10:41:17'),
(233, 1, 20000.00, NULL, 20170.00, NULL, 'Expenses', '2025-07-26', '2025-07-26 10:41:21', '2025-07-26 10:41:21'),
(234, 1, 40000.00, NULL, -19830.00, 'RS July-25', 'Expenses', '2025-07-26', '2025-07-26 10:43:06', '2025-07-26 10:43:06'),
(235, 1, 40000.00, NULL, -59830.00, 'GG July-25', 'Expenses', '2025-07-26', '2025-07-26 10:43:10', '2025-07-26 10:43:10'),
(236, 1, 140000.00, NULL, -199830.00, NULL, 'Bike Purchase', '2025-07-29', '2025-07-29 07:19:05', '2025-07-29 07:19:05'),
(237, 1, 240000.00, NULL, -439830.00, NULL, 'Bike Purchase', '2025-07-29', '2025-07-29 07:19:09', '2025-07-29 07:19:09'),
(238, 1, 1000.00, NULL, -440830.00, NULL, 'Bike Service Expense', '2025-07-29', '2025-07-29 08:07:15', '2025-07-29 08:07:15'),
(239, 1, 1000.00, NULL, -441830.00, NULL, 'Bike Service Expense', '2025-07-29', '2025-07-29 08:07:16', '2025-07-29 08:07:16'),
(240, 1, 1550.00, NULL, -443380.00, NULL, 'Bike Service Expense', '2025-07-29', '2025-07-29 08:07:19', '2025-07-29 08:07:19'),
(241, 1, 3100.00, NULL, -446480.00, NULL, 'Bike Service Expense', '2025-07-29', '2025-07-29 08:07:21', '2025-07-29 08:07:21'),
(242, 1, 1850.00, NULL, -448330.00, NULL, 'Bike Service Expense', '2025-07-29', '2025-07-29 08:07:26', '2025-07-29 08:07:26'),
(243, 1, 4680.00, NULL, -453010.00, NULL, 'Bike Service Expense', '2025-07-29', '2025-07-29 08:07:28', '2025-07-29 08:07:28'),
(244, 1, 17790.00, NULL, -470800.00, NULL, 'Bike Service Expense', '2025-07-29', '2025-07-29 08:07:31', '2025-07-29 08:07:31'),
(245, 1, 500.00, NULL, -471300.00, NULL, 'Bike Service Expense', '2025-07-29', '2025-07-29 08:07:34', '2025-07-29 08:07:34'),
(246, 1, NULL, 159000.00, -312300.00, NULL, 'Bike Sales', '2025-07-29', '2025-07-29 08:12:45', '2025-07-29 08:12:45'),
(247, 1, NULL, 424000.00, 111700.00, NULL, 'Bike Sales', '2025-07-29', '2025-07-29 08:12:48', '2025-07-29 08:12:48'),
(248, 1, 100000.00, NULL, 11700.00, NULL, 'Investment Withdrawal', '2025-07-30', '2025-07-30 06:47:36', '2025-07-30 06:47:36'),
(249, 1, NULL, 296000.00, 307700.00, NULL, 'Investment Deposit', '2025-07-30', '2025-07-30 06:48:43', '2025-07-30 06:48:43'),
(250, 1, NULL, 150000.00, 457700.00, NULL, 'Bike Sales', '2025-07-30', '2025-07-30 06:54:06', '2025-07-30 06:54:06'),
(251, 1, NULL, 217500.00, 675200.00, NULL, 'Bike Sales', '2025-07-30', '2025-07-30 06:54:09', '2025-07-30 06:54:09'),
(252, 1, 10000.00, NULL, 665200.00, NULL, 'Profit Share Withdrawal', '2025-07-30', '2025-07-30 07:28:20', '2025-07-30 07:28:20'),
(253, 1, 500.00, NULL, 664700.00, NULL, 'Bike Service Expense', '2025-07-30', '2025-07-30 07:29:31', '2025-07-30 07:29:31'),
(254, 1, 500.00, NULL, 664200.00, NULL, 'Bike Service Expense', '2025-07-30', '2025-07-30 07:29:37', '2025-07-30 07:29:37'),
(255, 1, 500.00, NULL, 663700.00, NULL, 'Bike Service Expense', '2025-07-30', '2025-07-30 07:29:39', '2025-07-30 07:29:39'),
(256, 1, 500.00, NULL, 663200.00, NULL, 'Bike Service Expense', '2025-07-30', '2025-07-30 07:29:40', '2025-07-30 07:29:40'),
(257, 1, 500.00, NULL, 662700.00, NULL, 'Bike Service Expense', '2025-07-30', '2025-07-30 07:29:42', '2025-07-30 07:29:42'),
(258, 1, 500.00, NULL, 662200.00, NULL, 'Bike Service Expense', '2025-07-30', '2025-07-30 07:29:43', '2025-07-30 07:29:43'),
(259, 1, 500.00, NULL, 661700.00, NULL, 'Bike Service Expense', '2025-07-30', '2025-07-30 07:29:45', '2025-07-30 07:29:45'),
(260, 1, 500.00, NULL, 661200.00, NULL, 'Bike Service Expense', '2025-07-30', '2025-07-30 07:29:47', '2025-07-30 07:29:47'),
(261, 1, 500.00, NULL, 660700.00, NULL, 'Bike Service Expense', '2025-07-30', '2025-07-30 07:29:48', '2025-07-30 07:29:48'),
(262, 1, 500.00, NULL, 660200.00, NULL, 'Bike Service Expense', '2025-07-30', '2025-07-30 07:29:49', '2025-07-30 07:29:49'),
(263, 1, 500.00, NULL, 659700.00, NULL, 'Bike Service Expense', '2025-07-30', '2025-07-30 07:29:51', '2025-07-30 07:29:51'),
(264, 1, 500.00, NULL, 659200.00, NULL, 'Bike Service Expense', '2025-07-30', '2025-07-30 07:29:52', '2025-07-30 07:29:52'),
(265, 1, 500.00, NULL, 658700.00, NULL, 'Bike Service Expense', '2025-07-30', '2025-07-30 07:29:54', '2025-07-30 07:29:54'),
(266, 1, 500.00, NULL, 658200.00, NULL, 'Bike Service Expense', '2025-07-30', '2025-07-30 07:29:56', '2025-07-30 07:29:56'),
(267, 1, 500.00, NULL, 657700.00, NULL, 'Bike Service Expense', '2025-07-30', '2025-07-30 07:29:57', '2025-07-30 07:29:57'),
(268, 1, 500.00, NULL, 657200.00, NULL, 'Bike Service Expense', '2025-07-30', '2025-07-30 07:29:59', '2025-07-30 07:29:59'),
(269, 1, 500.00, NULL, 656700.00, NULL, 'Bike Service Expense', '2025-07-30', '2025-07-30 07:30:01', '2025-07-30 07:30:01'),
(270, 1, 500.00, NULL, 656200.00, NULL, 'Bike Service Expense', '2025-07-30', '2025-07-30 07:30:02', '2025-07-30 07:30:02'),
(271, 1, 99950.00, NULL, 556250.00, NULL, 'Expenses', '2025-07-30', '2025-07-30 07:30:25', '2025-07-30 07:30:25'),
(272, 1, 11800.00, NULL, 544450.00, NULL, 'Expenses', '2025-07-30', '2025-07-30 07:30:28', '2025-07-30 07:30:28'),
(273, 1, 22000.00, NULL, 522450.00, '2 Month', 'Expenses', '2025-07-30', '2025-07-30 07:30:30', '2025-07-30 07:30:30'),
(274, 1, 600.00, NULL, 521850.00, 'Ayon', 'Expenses', '2025-07-30', '2025-07-30 07:30:31', '2025-07-30 07:30:31'),
(275, 1, 5000.00, NULL, 516850.00, NULL, 'Expenses', '2025-07-30', '2025-07-30 07:30:33', '2025-07-30 07:30:33'),
(276, 1, 124000.00, NULL, 392850.00, NULL, 'Expenses', '2025-07-30', '2025-07-30 07:38:39', '2025-07-30 07:38:39'),
(277, 1, 15000.00, NULL, 377850.00, NULL, 'Expenses', '2025-07-30', '2025-07-30 07:38:42', '2025-07-30 07:38:42'),
(278, 1, 8700.00, NULL, 369150.00, NULL, 'Profit Share Withdrawal', '2025-07-31', '2025-07-31 14:46:03', '2025-07-31 14:46:03'),
(279, 1, 315000.00, NULL, 54150.00, NULL, 'Bike Purchase', '2025-08-09', '2025-08-09 15:14:37', '2025-08-09 15:14:37'),
(281, 1, 170000.00, NULL, -115850.00, 'Riad Vai-comb', 'Bike Purchase', '2025-08-09', '2025-08-09 15:15:12', '2025-08-09 15:15:12'),
(282, 1, 175500.00, NULL, -291350.00, NULL, 'Bike Purchase', '2025-08-10', '2025-08-10 08:48:20', '2025-08-10 08:48:20'),
(283, 1, 500000.00, NULL, -791350.00, NULL, 'Bike Purchase', '2025-08-10', '2025-08-10 08:48:24', '2025-08-10 08:48:24'),
(284, 1, NULL, 220000.00, -571350.00, NULL, 'Investment Deposit', '2025-08-14', '2025-08-14 08:14:50', '2025-08-14 08:14:50'),
(285, 1, 320000.00, NULL, -891350.00, NULL, 'Bike Purchase', '2025-08-14', '2025-08-14 08:28:20', '2025-08-14 08:28:20'),
(286, 1, NULL, 126000.00, -765350.00, NULL, 'Bike Sales', '2025-08-18', '2025-08-18 07:12:22', '2025-08-18 07:12:22'),
(287, 1, 319000.00, NULL, -1084350.00, NULL, 'Bike Purchase', '2025-08-19', '2025-08-19 08:44:16', '2025-08-19 08:44:16'),
(288, 1, 365000.00, NULL, -1449350.00, NULL, 'Bike Purchase', '2025-08-19', '2025-08-19 08:44:20', '2025-08-19 08:44:20'),
(289, 1, 300000.00, NULL, -1749350.00, NULL, 'Bike Purchase', '2025-08-19', '2025-08-19 08:44:23', '2025-08-19 08:44:23'),
(290, 1, 285000.00, NULL, -2034350.00, NULL, 'Bike Purchase', '2025-08-19', '2025-08-19 08:44:27', '2025-08-19 08:44:27'),
(291, 1, 390000.00, NULL, -2424350.00, NULL, 'Bike Purchase', '2025-08-19', '2025-08-19 08:44:32', '2025-08-19 08:44:32'),
(292, 1, NULL, 545000.00, -1879350.00, NULL, 'Bike Sales', '2025-08-20', '2025-08-20 07:05:10', '2025-08-20 07:05:10'),
(293, 1, NULL, 350000.00, -1529350.00, NULL, 'Bike Sales', '2025-08-20', '2025-08-20 07:05:13', '2025-08-20 07:05:13'),
(294, 1, NULL, 390000.00, -1139350.00, NULL, 'Bike Sales', '2025-08-20', '2025-08-20 07:05:16', '2025-08-20 07:05:16'),
(295, 1, NULL, 320000.00, -819350.00, NULL, 'Bike Sales', '2025-08-20', '2025-08-20 07:05:19', '2025-08-20 07:05:19'),
(296, 1, NULL, 420000.00, -399350.00, NULL, 'Bike Sales', '2025-08-20', '2025-08-20 07:05:22', '2025-08-20 07:05:22'),
(297, 1, 345000.00, NULL, -744350.00, NULL, 'Bike Purchase', '2025-08-20', '2025-08-20 16:36:38', '2025-08-20 16:36:38'),
(298, 1, 250.00, NULL, -744600.00, NULL, 'Bike Service Expense', '2025-09-08', '2025-09-08 08:26:51', '2025-09-08 08:26:51'),
(299, 1, 1000.00, NULL, -745600.00, NULL, 'Bike Service Expense', '2025-09-07', '2025-09-08 08:26:55', '2025-09-08 08:26:55'),
(300, 1, 20600.00, NULL, -766200.00, NULL, 'Bike Service Expense', '2025-09-07', '2025-09-08 08:26:58', '2025-09-08 08:26:58'),
(301, 1, 19700.00, NULL, -785900.00, NULL, 'Bike Service Expense', '2025-09-07', '2025-09-08 08:27:01', '2025-09-08 08:27:01'),
(302, 1, 5830.00, NULL, -791730.00, NULL, 'Bike Service Expense', '2025-09-07', '2025-09-08 08:27:04', '2025-09-08 08:27:04'),
(303, 1, 43470.00, NULL, -835200.00, NULL, 'Bike Service Expense', '2025-09-07', '2025-09-08 08:27:07', '2025-09-08 08:27:07'),
(304, 1, 13700.00, NULL, -848900.00, NULL, 'Bike Service Expense', '2025-09-07', '2025-09-08 08:27:10', '2025-09-08 08:27:10'),
(305, 1, 12620.00, NULL, -861520.00, NULL, 'Bike Service Expense', '2025-09-07', '2025-09-08 08:27:12', '2025-09-08 08:27:12'),
(306, 1, 6250.00, NULL, -867770.00, NULL, 'Bike Service Expense', '2025-08-19', '2025-09-08 08:27:15', '2025-09-08 08:27:15'),
(307, 1, 17350.00, NULL, -885120.00, NULL, 'Bike Service Expense', '2025-08-19', '2025-09-08 08:27:18', '2025-09-08 08:27:18'),
(308, 1, 152000.00, NULL, -1037120.00, NULL, 'Bike Purchase', '2025-09-17', '2025-09-17 13:20:52', '2025-09-17 13:20:52'),
(309, 1, 144000.00, NULL, -1181120.00, NULL, 'Bike Purchase', '2025-09-17', '2025-09-17 13:20:56', '2025-09-17 13:20:56'),
(310, 1, 105000.00, NULL, -1286120.00, NULL, 'Bike Purchase', '2025-09-17', '2025-09-17 13:21:00', '2025-09-17 13:21:00'),
(311, 1, 150000.00, NULL, -1436120.00, NULL, 'Bike Purchase', '2025-09-17', '2025-09-17 13:21:06', '2025-09-17 13:21:06'),
(312, 1, 100.00, NULL, -1436220.00, 'Asif Vai R15M-01', 'Bike Purchase', '2025-09-17', '2025-09-17 13:21:11', '2025-09-17 13:21:11'),
(313, 1, 100.00, NULL, -1436320.00, 'Rifat V4-01', 'Bike Purchase', '2025-09-17', '2025-09-17 13:21:17', '2025-09-17 13:21:17'),
(314, 1, 110000.00, NULL, -1546320.00, NULL, 'Bike Purchase', '2025-09-07', '2025-09-17 13:21:22', '2025-09-17 13:21:22'),
(315, 1, 190000.00, NULL, -1736320.00, 'Parvez -2', 'Bike Purchase', '2025-09-07', '2025-09-17 13:21:29', '2025-09-17 13:21:29'),
(316, 1, NULL, 200000.00, -1536320.00, NULL, 'Bike Sales', '2025-09-25', '2025-09-25 15:09:36', '2025-09-25 15:09:36'),
(317, 1, 185000.00, NULL, -1721320.00, NULL, 'Bike Purchase', '2025-09-26', '2025-10-01 12:08:45', '2025-10-01 12:08:45'),
(318, 1, 245000.00, NULL, -1966320.00, NULL, 'Bike Purchase', '2025-09-26', '2025-10-01 12:08:49', '2025-10-01 12:08:49'),
(319, 1, 73000.00, NULL, -2039320.00, NULL, 'Bike Purchase', '2025-10-01', '2025-10-02 08:42:25', '2025-10-02 08:42:25'),
(320, 1, 100.00, NULL, -2039420.00, 'Rifat Fi Disc-01', 'Bike Purchase', '2025-10-01', '2025-10-02 08:42:29', '2025-10-02 08:42:29'),
(321, 1, 100.00, NULL, -2039520.00, 'Rifat V3-01', 'Bike Purchase', '2025-10-01', '2025-10-02 08:42:33', '2025-10-02 08:42:33'),
(322, 1, 170000.00, NULL, -2209520.00, NULL, 'Bike Purchase', '2025-10-01', '2025-10-02 08:42:37', '2025-10-02 08:42:37'),
(323, 1, 100.00, NULL, -2209620.00, 'Guest-01 Rajib', 'Bike Purchase', '2025-10-01', '2025-10-02 08:42:43', '2025-10-02 08:42:43'),
(324, 1, 138000.00, NULL, -2347620.00, NULL, 'Bike Purchase', '2025-10-01', '2025-10-02 08:42:48', '2025-10-02 08:42:48'),
(325, 1, 100.00, NULL, -2347720.00, 'Asif Vai Fi Disc-01', 'Bike Purchase', '2025-10-02', '2025-10-02 08:43:01', '2025-10-02 08:43:01'),
(326, 1, 169000.00, NULL, -2516720.00, 'Shaon Vai-01', 'Bike Purchase', '2025-10-01', '2025-10-02 08:43:06', '2025-10-02 08:43:06'),
(327, 1, 390000.00, NULL, -2906720.00, NULL, 'Bike Purchase', '2025-10-01', '2025-10-02 08:43:13', '2025-10-02 08:43:13'),
(328, 1, 240000.00, NULL, -3146720.00, NULL, 'Bike Purchase', '2025-10-02', '2025-10-02 15:59:29', '2025-10-02 15:59:29'),
(329, 1, 148000.00, NULL, -3294720.00, NULL, 'Bike Purchase', '2025-10-02', '2025-10-02 16:04:15', '2025-10-02 16:04:15'),
(330, 1, 155000.00, NULL, -3449720.00, NULL, 'Bike Purchase', '2025-10-02', '2025-10-02 16:04:20', '2025-10-02 16:04:20'),
(332, 1, NULL, 101.00, -3449619.00, NULL, 'Bike Sales', '2025-10-02', '2025-10-03 07:51:40', '2025-10-03 07:51:40'),
(333, 1, NULL, 350000.00, -3099619.00, NULL, 'Bike Sales', '2025-10-02', '2025-10-03 07:51:44', '2025-10-03 07:51:44'),
(334, 1, NULL, 420000.00, -2679619.00, NULL, 'Bike Sales', '2025-10-02', '2025-10-03 07:51:47', '2025-10-03 07:51:47'),
(335, 1, NULL, 240000.00, -2439619.00, NULL, 'Bike Sales', '2025-10-02', '2025-10-03 07:51:50', '2025-10-03 07:51:50'),
(336, 1, NULL, 341500.00, -2098119.00, NULL, 'Bike Sales', '2025-09-28', '2025-10-03 07:51:53', '2025-10-03 07:51:53'),
(337, 1, NULL, 85000.00, -2013119.00, NULL, 'Bike Sales', '2025-09-28', '2025-10-03 07:51:56', '2025-10-03 07:51:56'),
(338, 1, NULL, 418000.00, -1595119.00, NULL, 'Bike Sales', '2025-09-28', '2025-10-03 07:51:59', '2025-10-03 07:51:59'),
(339, 1, NULL, 406000.00, -1189119.00, NULL, 'Bike Sales', '2025-09-26', '2025-10-03 07:52:02', '2025-10-03 07:52:02'),
(340, 1, NULL, 203000.00, -986119.00, NULL, 'Bike Sales', '2025-09-26', '2025-10-03 07:52:05', '2025-10-03 07:52:05'),
(341, 1, NULL, 174000.00, -812119.00, NULL, 'Bike Sales', '2025-09-26', '2025-10-03 07:52:07', '2025-10-03 07:52:07'),
(342, 1, NULL, 214000.00, -598119.00, NULL, 'Bike Sales', '2025-09-26', '2025-10-03 07:52:10', '2025-10-03 07:52:10'),
(343, 1, NULL, 347000.00, -251119.00, NULL, 'Bike Sales', '2025-09-26', '2025-10-03 07:52:13', '2025-10-03 07:52:13'),
(344, 1, NULL, 205000.00, -46119.00, NULL, 'Bike Sales', '2025-09-26', '2025-10-03 07:52:16', '2025-10-03 07:52:16'),
(345, 1, NULL, 173000.00, 126881.00, NULL, 'Bike Sales', '2025-09-22', '2025-10-03 07:52:19', '2025-10-03 07:52:19'),
(346, 1, NULL, 155000.00, 281881.00, NULL, 'Bike Sales', '2025-09-20', '2025-10-03 07:52:21', '2025-10-03 07:52:21'),
(347, 1, NULL, 195000.00, 476881.00, NULL, 'Bike Sales', '2025-09-17', '2025-10-03 07:52:24', '2025-10-03 07:52:24'),
(348, 1, NULL, 124000.00, 600881.00, NULL, 'Bike Sales', '2025-09-16', '2025-10-03 07:52:27', '2025-10-03 07:52:27'),
(349, 1, NULL, 83000.00, 683881.00, NULL, 'Bike Sales', '2025-09-05', '2025-10-03 07:52:29', '2025-10-03 07:52:29'),
(350, 1, NULL, 397000.00, 1080881.00, NULL, 'Bike Sales', '2025-09-03', '2025-10-03 07:52:32', '2025-10-03 07:52:32'),
(351, 1, 500.00, NULL, 1080381.00, NULL, 'Bike Service Expense', '2025-10-03', '2025-10-03 16:37:20', '2025-10-03 16:37:20'),
(352, 1, 1000.00, NULL, 1079381.00, NULL, 'Bike Service Expense', '2025-10-03', '2025-10-03 16:37:23', '2025-10-03 16:37:23'),
(353, 1, 700.00, NULL, 1078681.00, NULL, 'Bike Service Expense', '2025-10-03', '2025-10-03 16:37:26', '2025-10-03 16:37:26'),
(354, 1, 3700.00, NULL, 1074981.00, NULL, 'Bike Service Expense', '2025-10-03', '2025-10-03 16:37:29', '2025-10-03 16:37:29'),
(355, 1, 6000.00, NULL, 1068981.00, NULL, 'Bike Service Expense', '2025-10-02', '2025-10-03 16:37:32', '2025-10-03 16:37:32'),
(356, 1, 350.00, NULL, 1068631.00, NULL, 'Bike Service Expense', '2025-09-26', '2025-10-03 16:37:36', '2025-10-03 16:37:36'),
(357, 1, 1000.00, NULL, 1067631.00, NULL, 'Bike Service Expense', '2025-09-26', '2025-10-03 16:37:40', '2025-10-03 16:37:40'),
(358, 1, 182000.00, NULL, 885631.00, NULL, 'Bike Purchase', '2025-10-03', '2025-10-04 05:55:43', '2025-10-04 05:55:43'),
(359, 1, NULL, 414000.00, 1299631.00, NULL, 'Bike Sales', '2025-10-03', '2025-10-04 07:55:52', '2025-10-04 07:55:52'),
(360, 1, NULL, 183000.00, 1482631.00, NULL, 'Bike Sales', '2025-10-03', '2025-10-04 07:55:55', '2025-10-04 07:55:55'),
(361, 1, NULL, 155000.00, 1637631.00, NULL, 'Investment Deposit', '2025-10-04', '2025-10-04 08:11:54', '2025-10-04 08:11:54'),
(362, 1, 100000.00, NULL, 1537631.00, NULL, 'Investment Withdrawal', '2025-10-04', '2025-10-04 08:11:58', '2025-10-04 08:11:58'),
(363, 1, NULL, 50000.00, 1587631.00, NULL, 'Investment Deposit', '2025-10-04', '2025-10-04 08:12:02', '2025-10-04 08:12:02'),
(364, 1, 25000.00, NULL, 1562631.00, NULL, 'Investment Withdrawal', '2025-10-04', '2025-10-04 08:12:06', '2025-10-04 08:12:06'),
(365, 1, 119000.00, NULL, 1443631.00, NULL, 'Investment Withdrawal', '2025-10-04', '2025-10-04 08:12:43', '2025-10-04 08:12:43'),
(366, 1, NULL, 25000.00, 1468631.00, NULL, 'Investment Deposit', '2025-10-04', '2025-10-04 08:22:11', '2025-10-04 08:22:11'),
(367, 1, 10000.00, NULL, 1458631.00, NULL, 'Expenses', '2025-10-01', '2025-10-05 07:36:41', '2025-10-05 07:36:41'),
(368, 1, 2000.00, NULL, 1456631.00, NULL, 'Expenses', '2025-10-03', '2025-10-05 07:36:44', '2025-10-05 07:36:44'),
(369, 1, 19000.00, NULL, 1437631.00, NULL, 'Expenses', '2025-10-04', '2025-10-05 07:36:48', '2025-10-05 07:36:48'),
(370, 1, 1000.00, NULL, 1436631.00, NULL, 'Expenses', '2025-10-05', '2025-10-05 07:36:51', '2025-10-05 07:36:51'),
(371, 1, NULL, 215000.00, 1651631.00, NULL, 'Bike Sales', '2025-10-05', '2025-10-06 15:17:57', '2025-10-06 15:17:57'),
(372, 1, 207000.00, NULL, 1444631.00, NULL, 'Profit Share Withdrawal', '2025-10-06', '2025-10-06 15:18:46', '2025-10-06 15:18:46'),
(373, 1, 400000.00, NULL, 1044631.00, 'Parvez R15 V4-01', 'Bike Purchase', '2025-09-07', '2025-10-07 15:50:46', '2025-10-07 15:50:46'),
(374, 1, 115000.00, NULL, 929631.00, NULL, 'Bike Purchase', '2025-10-05', '2025-10-07 15:50:49', '2025-10-07 15:50:49'),
(375, 1, 10910.00, NULL, 918721.00, NULL, 'Bike Service Expense', '2025-10-08', '2025-10-08 09:36:19', '2025-10-08 09:36:19'),
(376, 1, 2700.00, NULL, 916021.00, NULL, 'Bike Service Expense', '2025-10-08', '2025-10-08 09:36:22', '2025-10-08 09:36:22'),
(377, 1, 1100.00, NULL, 914921.00, NULL, 'Bike Service Expense', '2025-10-07', '2025-10-08 09:36:25', '2025-10-08 09:36:25'),
(378, 1, 1180.00, NULL, 913741.00, NULL, 'Bike Service Expense', '2025-10-07', '2025-10-08 09:36:27', '2025-10-08 09:36:27'),
(379, 1, 500.00, NULL, 913241.00, NULL, 'Bike Service Expense', '2025-10-07', '2025-10-08 09:36:29', '2025-10-08 09:36:29'),
(380, 1, 600.00, NULL, 912641.00, NULL, 'Bike Service Expense', '2025-10-07', '2025-10-08 09:36:32', '2025-10-08 09:36:32'),
(381, 1, 1000.00, NULL, 911641.00, NULL, 'Bike Service Expense', '2025-10-07', '2025-10-08 09:36:34', '2025-10-08 09:36:34'),
(382, 1, 300.00, NULL, 911341.00, NULL, 'Bike Service Expense', '2025-10-07', '2025-10-08 09:36:37', '2025-10-08 09:36:37'),
(383, 1, 4450.00, NULL, 906891.00, NULL, 'Bike Service Expense', '2025-10-07', '2025-10-08 09:36:39', '2025-10-08 09:36:39'),
(384, 1, 1200.00, NULL, 905691.00, NULL, 'Bike Service Expense', '2025-10-05', '2025-10-08 09:36:42', '2025-10-08 09:36:42'),
(385, 1, 1200.00, NULL, 904491.00, NULL, 'Bike Service Expense', '2025-10-05', '2025-10-08 09:36:44', '2025-10-08 09:36:44'),
(386, 1, 500.00, NULL, 903991.00, NULL, 'Bike Service Expense', '2025-10-04', '2025-10-08 09:36:47', '2025-10-08 09:36:47'),
(387, 1, 500.00, NULL, 903491.00, NULL, 'Bike Service Expense', '2025-10-04', '2025-10-08 09:36:50', '2025-10-08 09:36:50'),
(388, 1, 500.00, NULL, 902991.00, NULL, 'Bike Service Expense', '2025-10-04', '2025-10-08 09:36:53', '2025-10-08 09:36:53'),
(389, 1, 4350.00, NULL, 898641.00, NULL, 'Bike Service Expense', '2025-10-08', '2025-10-08 09:43:57', '2025-10-08 09:43:57'),
(390, 1, 12650.00, NULL, 885991.00, NULL, 'Bike Service Expense', '2025-10-08', '2025-10-08 09:44:00', '2025-10-08 09:44:00'),
(391, 1, NULL, 200000.00, 1085991.00, NULL, 'Bike Sales', '2025-10-06', '2025-10-10 15:15:13', '2025-10-10 15:15:13'),
(392, 1, NULL, 160000.00, 1245991.00, NULL, 'Bike Sales', '2025-10-07', '2025-10-10 15:15:27', '2025-10-10 15:15:27'),
(393, 1, NULL, 187000.00, 1432991.00, NULL, 'Bike Sales', '2025-10-10', '2025-10-10 15:15:30', '2025-10-10 15:15:30'),
(394, 1, 415000.00, NULL, 1017991.00, NULL, 'Bike Purchase', '2025-10-14', '2025-10-14 08:12:45', '2025-10-14 08:12:45'),
(395, 1, 220000.00, NULL, 797991.00, NULL, 'Bike Purchase', '2025-10-12', '2025-10-16 17:37:16', '2025-10-16 17:37:16'),
(396, 1, 190000.00, NULL, 607991.00, NULL, 'Bike Purchase', '2025-10-10', '2025-10-19 14:51:26', '2025-10-19 14:51:26'),
(397, 1, 410000.00, NULL, 197991.00, NULL, 'Bike Purchase', '2025-10-11', '2025-10-20 11:50:53', '2025-10-20 11:50:53'),
(398, 1, 150000.00, NULL, 47991.00, NULL, 'Bike Purchase', '2025-10-17', '2025-10-21 06:43:29', '2025-10-21 06:43:29'),
(399, 1, 162000.00, NULL, -114009.00, NULL, 'Bike Purchase', '2025-10-18', '2025-10-21 06:44:09', '2025-10-21 06:44:09'),
(400, 1, 295000.00, NULL, -409009.00, NULL, 'Bike Purchase', '2025-10-17', '2025-10-21 06:44:36', '2025-10-21 06:44:36'),
(401, 1, 160000.00, NULL, -569009.00, NULL, 'Bike Purchase', '2025-10-15', '2025-10-21 06:44:45', '2025-10-21 06:44:45'),
(402, 1, 210000.00, NULL, -779009.00, NULL, 'Bike Purchase', '2025-10-12', '2025-10-21 06:46:16', '2025-10-21 06:46:16'),
(403, 1, 312000.00, NULL, -1091009.00, NULL, 'Bike Purchase', '2025-10-12', '2025-10-21 06:47:24', '2025-10-21 06:47:24'),
(404, 1, 250000.00, NULL, -1341009.00, NULL, 'Bike Purchase', '2025-10-11', '2025-10-21 06:48:53', '2025-10-21 06:48:53'),
(405, 1, 160000.00, NULL, -1501009.00, NULL, 'Bike Purchase', '2025-10-10', '2025-10-21 07:12:44', '2025-10-21 07:12:44'),
(406, 1, 200000.00, NULL, -1701009.00, NULL, 'Bike Purchase', '2025-10-12', '2025-10-21 07:13:14', '2025-10-21 07:13:14'),
(407, 1, 185000.00, NULL, -1886009.00, NULL, 'Bike Purchase', '2025-10-12', '2025-10-21 16:54:44', '2025-10-21 16:54:44'),
(408, 1, 100.00, NULL, -1886109.00, NULL, 'Bike Purchase', '2025-10-17', '2025-10-21 16:56:09', '2025-10-21 16:56:09'),
(409, 1, 136000.00, NULL, -2022109.00, NULL, 'Bike Purchase', '2025-10-21', '2025-10-21 16:56:32', '2025-10-21 16:56:32'),
(410, 1, 195000.00, NULL, -2217109.00, NULL, 'Bike Purchase', '2025-10-11', '2025-10-21 16:57:03', '2025-10-21 16:57:03'),
(411, 1, 3150.00, NULL, -2220259.00, NULL, 'Bike Service Expense', '2025-10-22', '2025-10-23 07:19:00', '2025-10-23 07:19:00'),
(412, 1, 100.00, NULL, -2220359.00, NULL, 'Bike Service Expense', '2025-10-22', '2025-10-23 07:19:03', '2025-10-23 07:19:03'),
(413, 1, 1120.00, NULL, -2221479.00, NULL, 'Bike Service Expense', '2025-10-22', '2025-10-23 07:19:06', '2025-10-23 07:19:06'),
(414, 1, 2300.00, NULL, -2223779.00, NULL, 'Bike Service Expense', '2025-10-22', '2025-10-23 07:19:09', '2025-10-23 07:19:09'),
(415, 1, 1800.00, NULL, -2225579.00, NULL, 'Bike Service Expense', '2025-10-11', '2025-10-23 07:19:12', '2025-10-23 07:19:12'),
(416, 1, 2400.00, NULL, -2227979.00, NULL, 'Bike Service Expense', '2025-10-11', '2025-10-23 07:19:19', '2025-10-23 07:19:19'),
(417, 1, 1450.00, NULL, -2229429.00, NULL, 'Bike Service Expense', '2025-10-11', '2025-10-23 07:19:22', '2025-10-23 07:19:22'),
(418, 1, 5950.00, NULL, -2235379.00, NULL, 'Bike Service Expense', '2025-10-08', '2025-10-23 07:19:27', '2025-10-23 07:19:27');
INSERT INTO `account_ledgers` (`id`, `account_id`, `debit_amount`, `credit_amount`, `current_balance`, `reference_number`, `description`, `transaction_date`, `created_at`, `updated_at`) VALUES
(419, 1, 900.00, NULL, -2236279.00, NULL, 'Bike Service Expense', '2025-10-08', '2025-10-23 07:19:30', '2025-10-23 07:19:30'),
(420, 1, 2035.00, NULL, -2238314.00, NULL, 'Bike Service Expense', '2025-10-08', '2025-10-23 07:19:33', '2025-10-23 07:19:33'),
(421, 1, 3100.00, NULL, -2241414.00, NULL, 'Bike Service Expense', '2025-10-08', '2025-10-23 07:19:36', '2025-10-23 07:19:36'),
(422, 1, 500.00, NULL, -2241914.00, NULL, 'Bike Service Expense', '2025-10-08', '2025-10-23 07:19:40', '2025-10-23 07:19:40'),
(423, 1, 500.00, NULL, -2242414.00, NULL, 'Bike Service Expense', '2025-10-08', '2025-10-23 07:19:42', '2025-10-23 07:19:42'),
(424, 1, 4050.00, NULL, -2246464.00, NULL, 'Bike Service Expense', '2025-10-08', '2025-10-23 07:19:46', '2025-10-23 07:19:46'),
(425, 1, 150000.00, NULL, -2396464.00, NULL, 'Bike Purchase', '2025-10-22', '2025-10-23 07:44:28', '2025-10-23 07:44:28'),
(426, 1, 142000.00, NULL, -2538464.00, NULL, 'Bike Purchase', '2025-10-19', '2025-10-23 07:45:00', '2025-10-23 07:45:00'),
(427, 1, NULL, 38550.00, -2499914.00, 'Bill-366,365,364,346,344,345,363', 'Loan Taken', '2025-10-23', '2025-10-23 14:54:50', '2025-10-23 14:54:50'),
(428, 1, NULL, 158000.00, -2341914.00, NULL, 'Bike Sales', '2025-10-21', '2025-10-25 11:11:32', '2025-10-25 11:11:32'),
(429, 1, NULL, 440000.00, -1901914.00, NULL, 'Bike Sales', '2025-10-20', '2025-10-25 11:11:52', '2025-10-25 11:11:52'),
(430, 1, NULL, 203000.00, -1698914.00, NULL, 'Bike Sales', '2025-10-19', '2025-10-25 11:11:59', '2025-10-25 11:11:59'),
(431, 1, NULL, 169000.00, -1529914.00, NULL, 'Bike Sales', '2025-10-17', '2025-10-25 11:12:06', '2025-10-25 11:12:06'),
(432, 1, NULL, 235000.00, -1294914.00, NULL, 'Bike Sales', '2025-10-16', '2025-10-25 11:12:16', '2025-10-25 11:12:16'),
(433, 1, NULL, 415000.00, -879914.00, NULL, 'Bike Sales', '2025-10-14', '2025-10-25 11:12:24', '2025-10-25 11:12:24'),
(434, 1, NULL, 184500.00, -695414.00, NULL, 'Bike Sales', '2025-10-13', '2025-10-25 11:12:34', '2025-10-25 11:12:34'),
(435, 1, NULL, 130000.00, -565414.00, NULL, 'Bike Sales', '2025-10-13', '2025-10-25 11:12:40', '2025-10-25 11:12:40'),
(436, 1, 4650.00, NULL, -570064.00, NULL, 'Bike Service Expense', '2025-10-23', '2025-10-25 11:12:47', '2025-10-25 11:12:47'),
(437, 1, 700.00, NULL, -570764.00, NULL, 'Bike Service Expense', '2025-10-23', '2025-10-25 11:12:50', '2025-10-25 11:12:50'),
(438, 1, 150.00, NULL, -570914.00, NULL, 'Bike Service Expense', '2025-10-23', '2025-10-25 11:12:52', '2025-10-25 11:12:52'),
(439, 1, 300.00, NULL, -571214.00, NULL, 'Bike Service Expense', '2025-10-23', '2025-10-25 11:12:55', '2025-10-25 11:12:55'),
(440, 1, 1450.00, NULL, -572664.00, NULL, 'Bike Service Expense', '2025-10-23', '2025-10-25 11:13:01', '2025-10-25 11:13:01'),
(441, 1, 950.00, NULL, -573614.00, NULL, 'Bike Service Expense', '2025-10-23', '2025-10-25 11:13:04', '2025-10-25 11:13:04'),
(442, 1, 7500.00, NULL, -581114.00, NULL, 'Bike Service Expense', '2025-10-23', '2025-10-25 11:13:07', '2025-10-25 11:13:07'),
(443, 1, 300.00, NULL, -581414.00, NULL, 'Bike Service Expense', '2025-10-23', '2025-10-25 11:13:09', '2025-10-25 11:13:09'),
(444, 1, 4000.00, NULL, -585414.00, NULL, 'Bike Service Expense', '2025-10-23', '2025-10-25 11:13:12', '2025-10-25 11:13:12'),
(445, 1, 4500.00, NULL, -589914.00, NULL, 'Bike Service Expense', '2025-10-23', '2025-10-25 11:13:16', '2025-10-25 11:13:16'),
(446, 1, 1900.00, NULL, -591814.00, NULL, 'Bike Service Expense', '2025-10-23', '2025-10-25 11:13:19', '2025-10-25 11:13:19'),
(447, 1, 450.00, NULL, -592264.00, NULL, 'Bike Service Expense', '2025-10-23', '2025-10-25 11:13:22', '2025-10-25 11:13:22'),
(448, 1, 1300.00, NULL, -593564.00, NULL, 'Bike Service Expense', '2025-10-23', '2025-10-25 11:13:25', '2025-10-25 11:13:25'),
(449, 1, 300.00, NULL, -593864.00, NULL, 'Bike Service Expense', '2025-10-23', '2025-10-25 11:13:29', '2025-10-25 11:13:29'),
(450, 1, 2650.00, NULL, -596514.00, NULL, 'Bike Service Expense', '2025-10-23', '2025-10-25 11:13:31', '2025-10-25 11:13:31'),
(451, 1, 4500.00, NULL, -601014.00, NULL, 'Bike Service Expense', '2025-10-23', '2025-10-25 11:13:34', '2025-10-25 11:13:34'),
(452, 1, 550.00, NULL, -601564.00, NULL, 'Bike Service Expense', '2025-10-23', '2025-10-25 11:13:37', '2025-10-25 11:13:37'),
(453, 1, 6200.00, NULL, -607764.00, NULL, 'Bike Service Expense', '2025-10-23', '2025-10-25 11:13:40', '2025-10-25 11:13:40'),
(454, 1, 400.00, NULL, -608164.00, NULL, 'Bike Service Expense', '2025-10-23', '2025-10-25 11:13:43', '2025-10-25 11:13:43'),
(455, 1, 5350.00, NULL, -613514.00, NULL, 'Bike Service Expense', '2025-10-23', '2025-10-25 11:13:46', '2025-10-25 11:13:46'),
(456, 1, 4000.00, NULL, -617514.00, NULL, 'Bike Service Expense', '2025-10-23', '2025-10-25 11:13:49', '2025-10-25 11:13:49'),
(457, 1, 11880.00, NULL, -629394.00, NULL, 'Bike Service Expense', '2025-10-23', '2025-10-25 11:13:51', '2025-10-25 11:13:51'),
(458, 1, 3800.00, NULL, -633194.00, NULL, 'Bike Service Expense', '2025-10-23', '2025-10-25 11:13:54', '2025-10-25 11:13:54'),
(459, 1, 1500.00, NULL, -634694.00, NULL, 'Bike Service Expense', '2025-10-23', '2025-10-25 11:13:56', '2025-10-25 11:13:56'),
(460, 1, 2000.00, NULL, -636694.00, NULL, 'Bike Service Expense', '2025-10-23', '2025-10-25 11:13:59', '2025-10-25 11:13:59'),
(461, 1, 2070.00, NULL, -638764.00, NULL, 'Bike Service Expense', '2025-10-23', '2025-10-25 11:14:02', '2025-10-25 11:14:02'),
(462, 1, 1000.00, NULL, -639764.00, NULL, 'Bike Service Expense', '2025-10-23', '2025-10-25 11:14:04', '2025-10-25 11:14:04'),
(463, 1, 2000.00, NULL, -641764.00, NULL, 'Bike Service Expense', '2025-10-23', '2025-10-25 11:14:08', '2025-10-25 11:14:08'),
(464, 1, 5800.00, NULL, -647564.00, NULL, 'Bike Service Expense', '2025-10-23', '2025-10-25 11:14:11', '2025-10-25 11:14:11'),
(465, 1, 3850.00, NULL, -651414.00, NULL, 'Bike Service Expense', '2025-10-23', '2025-10-25 11:14:14', '2025-10-25 11:14:14'),
(466, 1, 300.00, NULL, -651714.00, NULL, 'Bike Service Expense', '2025-10-23', '2025-10-25 11:14:16', '2025-10-25 11:14:16'),
(467, 1, 6800.00, NULL, -658514.00, NULL, 'Bike Service Expense', '2025-10-23', '2025-10-25 11:14:20', '2025-10-25 11:14:20'),
(468, 1, NULL, 400000.00, -258514.00, 'Investment', 'Loan Taken', '2025-10-26', '2025-10-26 06:54:25', '2025-10-26 06:54:25'),
(470, 1, NULL, 300000.00, 41486.00, 'R15 V3', 'Loan Taken', '2025-10-26', '2025-10-26 06:58:09', '2025-10-26 06:58:09'),
(471, 1, NULL, 800000.00, 841486.00, NULL, 'Loan Taken', '2025-10-26', '2025-10-26 06:58:17', '2025-10-26 06:58:17'),
(472, 1, NULL, 300000.00, 1141486.00, 'Investment FZ v4', 'Loan Taken', '2025-10-26', '2025-10-26 06:58:25', '2025-10-26 06:58:25'),
(473, 1, NULL, 500000.00, 1641486.00, 'R15 V3, Gixxer', 'Loan Taken', '2025-10-26', '2025-10-26 06:59:52', '2025-10-26 06:59:52'),
(474, 1, NULL, 300000.00, 1941486.00, NULL, 'Loan Taken', '2025-10-26', '2025-10-26 07:01:35', '2025-10-26 07:01:35'),
(475, 1, NULL, 260000.00, 2201486.00, NULL, 'Loan Taken', '2025-10-26', '2025-10-26 07:01:41', '2025-10-26 07:01:41'),
(476, 1, NULL, 500000.00, 2701486.00, NULL, 'Loan Taken', '2025-10-26', '2025-10-26 07:01:47', '2025-10-26 07:01:47'),
(477, 1, NULL, 1000000.00, 3701486.00, 'BRAC Loan', 'Investment Deposit', '2025-10-26', '2025-10-26 10:00:18', '2025-10-26 10:00:18'),
(478, 1, NULL, 1000000.00, 4701486.00, 'Ranjit Dada', 'Investment Deposit', '2025-10-26', '2025-10-26 10:00:24', '2025-10-26 10:00:24'),
(479, 1, NULL, 1000000.00, 5701486.00, 'Credit Card', 'Investment Deposit', '2025-10-26', '2025-10-26 10:00:28', '2025-10-26 10:00:28'),
(480, 1, NULL, 2500000.00, 8201486.00, 'Ripon Dada', 'Investment Deposit', '2025-10-26', '2025-10-26 10:00:31', '2025-10-26 10:00:31'),
(481, 1, 1550000.00, NULL, 6651486.00, 'prev. Loan-03', 'Loan Given', '2025-10-26', '2025-10-26 10:05:45', '2025-10-26 10:05:45'),
(482, 1, 3250000.00, NULL, 3401486.00, 'prev. Loan-02', 'Loan Given', '2025-10-26', '2025-10-26 10:05:49', '2025-10-26 10:05:49'),
(483, 1, 1900000.00, NULL, 1501486.00, 'prev. Loan-01', 'Loan Given', '2025-10-26', '2025-10-26 10:05:52', '2025-10-26 10:05:52'),
(484, 1, 9000.00, NULL, 1492486.00, NULL, 'Investment Withdrawal', '2025-10-26', '2025-10-26 13:55:19', '2025-10-26 13:55:19'),
(485, 1, NULL, 911000.00, 2403486.00, NULL, 'Investment Deposit', '2025-10-26', '2025-10-26 14:58:39', '2025-10-26 14:58:39'),
(486, 1, 70000.00, NULL, 2333486.00, NULL, 'Bike Purchase', '2025-10-23', '2025-10-27 14:29:28', '2025-10-27 14:29:28'),
(487, 1, 100.00, NULL, 2333386.00, NULL, 'Bike Purchase', '2025-10-25', '2025-10-27 14:30:25', '2025-10-27 14:30:25'),
(488, 1, NULL, 155000.00, 2488386.00, NULL, 'Bike Sales', '2025-10-25', '2025-10-27 14:42:34', '2025-10-27 14:42:34'),
(489, 1, 115000.00, NULL, 2373386.00, NULL, 'Bike Purchase', '2025-10-29', '2025-10-29 08:41:08', '2025-10-29 08:41:08'),
(490, 1, 250000.00, NULL, 2123386.00, NULL, 'Bike Purchase', '2025-10-29', '2025-10-29 11:30:03', '2025-10-29 11:30:03'),
(491, 1, 100.00, NULL, 2123286.00, NULL, 'Bike Purchase', '2025-10-30', '2025-10-30 14:59:58', '2025-10-30 14:59:58'),
(492, 1, 100.00, NULL, 2123186.00, NULL, 'Bike Purchase', '2025-10-30', '2025-10-30 15:00:31', '2025-10-30 15:00:31'),
(493, 1, 125000.00, NULL, 1998186.00, NULL, 'Bike Purchase', '2025-10-23', '2025-10-30 15:02:04', '2025-10-30 15:02:04'),
(494, 1, 147000.00, NULL, 1851186.00, NULL, 'Bike Purchase', '2025-10-27', '2025-10-30 15:02:10', '2025-10-30 15:02:10'),
(495, 1, 100.00, NULL, 1851086.00, NULL, 'Bike Purchase', '2025-10-24', '2025-10-30 15:02:22', '2025-10-30 15:02:22'),
(496, 1, 190000.00, NULL, 1661086.00, NULL, 'Bike Purchase', '2025-10-24', '2025-10-30 15:02:56', '2025-10-30 15:02:56'),
(497, 1, 190000.00, NULL, 1471086.00, NULL, 'Bike Purchase', '2025-10-28', '2025-10-30 15:03:08', '2025-10-30 15:03:08'),
(498, 1, 183000.00, NULL, 1288086.00, NULL, 'Bike Purchase', '2025-10-20', '2025-10-30 15:04:04', '2025-10-30 15:04:04'),
(499, 1, 1850.00, NULL, 1286236.00, NULL, 'Bike Service Expense', '2025-10-30', '2025-10-30 16:12:49', '2025-10-30 16:12:49'),
(500, 1, 2880.00, NULL, 1283356.00, NULL, 'Bike Service Expense', '2025-10-30', '2025-10-30 16:12:52', '2025-10-30 16:12:52'),
(501, 1, 10710.00, NULL, 1272646.00, NULL, 'Bike Service Expense', '2025-10-30', '2025-10-30 16:12:58', '2025-10-30 16:12:58'),
(502, 1, 600.00, NULL, 1272046.00, NULL, 'Bike Service Expense', '2025-10-30', '2025-10-30 16:13:03', '2025-10-30 16:13:03'),
(503, 1, 1000.00, NULL, 1271046.00, NULL, 'Bike Service Expense', '2025-10-31', '2025-10-31 11:21:30', '2025-10-31 11:21:30'),
(504, 1, NULL, 345000.00, 1616046.00, NULL, 'Bike Sales', '2025-11-02', '2025-11-03 07:36:48', '2025-11-03 07:36:48'),
(505, 1, NULL, 260000.00, 1876046.00, NULL, 'Bike Sales', '2025-11-02', '2025-11-03 07:37:02', '2025-11-03 07:37:02'),
(506, 1, NULL, 153000.00, 2029046.00, NULL, 'Bike Sales', '2025-10-31', '2025-11-03 07:37:09', '2025-11-03 07:37:09'),
(507, 1, NULL, 205000.00, 2234046.00, NULL, 'Bike Sales', '2025-10-31', '2025-11-03 07:37:20', '2025-11-03 07:37:20'),
(508, 1, NULL, 115000.00, 2349046.00, NULL, 'Bike Sales', '2025-10-29', '2025-11-03 07:37:44', '2025-11-03 07:37:44'),
(509, 1, NULL, 175000.00, 2524046.00, NULL, 'Bike Sales', '2025-10-29', '2025-11-03 07:38:01', '2025-11-03 07:38:01'),
(510, 1, NULL, 210000.00, 2734046.00, NULL, 'Bike Sales', '2025-10-27', '2025-11-03 07:38:10', '2025-11-03 07:38:10'),
(511, 1, NULL, 240000.00, 2974046.00, NULL, 'Bike Sales', '2025-10-27', '2025-11-03 07:39:21', '2025-11-03 07:39:21'),
(512, 1, NULL, 206000.00, 3180046.00, NULL, 'Bike Sales', '2025-10-27', '2025-11-03 07:39:48', '2025-11-03 07:39:48'),
(513, 1, NULL, 220000.00, 3400046.00, NULL, 'Bike Sales', '2025-10-27', '2025-11-03 07:40:14', '2025-11-03 07:40:14'),
(514, 1, NULL, 168000.00, 3568046.00, NULL, 'Bike Sales', '2025-10-27', '2025-11-03 07:41:02', '2025-11-03 07:41:02'),
(515, 1, 220000.00, NULL, 3348046.00, NULL, 'Bike Purchase', '2025-10-31', '2025-11-03 07:41:38', '2025-11-03 07:41:38'),
(516, 1, 150000.00, NULL, 3198046.00, 'Service Center', 'Loan Given', '2025-11-03', '2025-11-03 07:47:09', '2025-11-03 07:47:09'),
(518, 1, 1000000.00, NULL, 2198046.00, 'Re-Start BD', 'Loan Given', '2025-11-03', '2025-11-03 07:48:21', '2025-11-03 07:48:21'),
(519, 1, 700000.00, NULL, 1498046.00, 'Ghorgari -adv', 'Loan Given', '2025-11-03', '2025-11-03 07:49:29', '2025-11-03 07:49:29'),
(520, 1, 256000.00, NULL, 1242046.00, NULL, 'Bike Purchase', '2025-11-04', '2025-11-04 09:45:59', '2025-11-04 09:45:59'),
(521, 1, 180000.00, NULL, 1062046.00, NULL, 'Bike Purchase', '2025-11-03', '2025-11-04 16:57:33', '2025-11-04 16:57:33'),
(522, 1, NULL, 256000.00, 1318046.00, NULL, 'Bike Sales', '2025-11-04', '2025-11-04 16:57:50', '2025-11-04 16:57:50'),
(523, 1, 100.00, NULL, 1317946.00, NULL, 'Bike Purchase', '2025-10-10', '2025-11-07 12:05:43', '2025-11-07 12:05:43'),
(524, 1, 100.00, NULL, 1317846.00, NULL, 'Bike Purchase', '2025-10-10', '2025-11-07 12:05:48', '2025-11-07 12:05:48'),
(525, 1, 210000.00, NULL, 1107846.00, NULL, 'Bike Purchase', '2025-11-06', '2025-11-07 12:07:43', '2025-11-07 12:07:43'),
(526, 1, 100.00, NULL, 1107746.00, NULL, 'Bike Purchase', '2025-11-04', '2025-11-07 12:08:30', '2025-11-07 12:08:30'),
(527, 1, 100.00, NULL, 1107646.00, NULL, 'Bike Purchase', '2025-10-15', '2025-11-07 12:12:57', '2025-11-07 12:12:57'),
(528, 1, 100.00, NULL, 1107546.00, NULL, 'Bike Purchase', '2025-11-04', '2025-11-07 12:14:25', '2025-11-07 12:14:25'),
(529, 1, 90000.00, NULL, 1017546.00, NULL, 'Paid To Party', '2025-11-07', '2025-11-07 16:49:46', '2025-11-07 16:49:46'),
(530, 1, 300.00, NULL, 1017246.00, NULL, 'Bike Service Expense', '2025-11-08', '2025-11-08 16:32:41', '2025-11-08 16:32:41'),
(531, 1, 225000.00, NULL, 792246.00, NULL, 'Bike Purchase', '2025-11-07', '2025-11-11 07:35:30', '2025-11-11 07:35:30'),
(532, 1, 175000.00, NULL, 617246.00, NULL, 'Bike Purchase', '2025-11-09', '2025-11-11 07:35:38', '2025-11-11 07:35:38'),
(533, 1, 240000.00, NULL, 377246.00, NULL, 'Bike Purchase', '2025-11-09', '2025-11-12 11:34:03', '2025-11-12 11:34:03'),
(534, 1, 3200.00, NULL, 374046.00, NULL, 'Expenses', '2025-10-23', '2025-11-12 11:57:08', '2025-11-12 11:57:08'),
(535, 1, 500.00, NULL, 373546.00, NULL, 'Expenses', '2025-10-07', '2025-11-12 11:57:12', '2025-11-12 11:57:12'),
(536, 1, 1500.00, NULL, 372046.00, NULL, 'Expenses', '2025-10-07', '2025-11-12 11:57:15', '2025-11-12 11:57:15'),
(537, 1, 7400.00, NULL, 364646.00, NULL, 'Expenses', '2025-10-07', '2025-11-12 11:57:18', '2025-11-12 11:57:18'),
(538, 1, 20000.00, NULL, 344646.00, NULL, 'Expenses', '2025-10-07', '2025-11-12 11:57:21', '2025-11-12 11:57:21'),
(539, 1, 2000.00, NULL, 342646.00, NULL, 'Expenses', '2025-10-05', '2025-11-12 11:57:24', '2025-11-12 11:57:24'),
(540, 1, 25000.00, NULL, 317646.00, NULL, 'Expenses', '2025-10-05', '2025-11-12 11:57:27', '2025-11-12 11:57:27'),
(541, 1, 1000.00, NULL, 316646.00, NULL, 'Expenses', '2025-10-05', '2025-11-12 11:57:31', '2025-11-12 11:57:31'),
(542, 1, NULL, 36750.00, 353396.00, 'Prev. Biill NB107', 'Loan Taken', '2025-11-12', '2025-11-12 12:15:56', '2025-11-12 12:15:56'),
(543, 1, 38550.00, NULL, 314846.00, NULL, 'Paid To Party', '2025-11-12', '2025-11-12 12:18:35', '2025-11-12 12:18:35'),
(544, 1, 1450.00, NULL, 313396.00, NULL, 'Paid To Party', '2025-11-12', '2025-11-12 12:24:32', '2025-11-12 12:24:32'),
(545, 1, 103150.00, NULL, 210246.00, NULL, 'Expenses', '2025-11-12', '2025-11-12 12:25:10', '2025-11-12 12:25:10'),
(546, 1, 1500.00, NULL, 208746.00, NULL, 'Expenses', '2025-11-12', '2025-11-12 12:25:13', '2025-11-12 12:25:13'),
(547, 1, 1430.00, NULL, 207316.00, NULL, 'Bike Service Expense', '2025-11-12', '2025-11-12 12:25:26', '2025-11-12 12:25:26'),
(548, 1, 3870.00, NULL, 203446.00, NULL, 'Bike Service Expense', '2025-11-12', '2025-11-12 12:25:29', '2025-11-12 12:25:29'),
(549, 1, 1000.00, NULL, 202446.00, NULL, 'Bike Service Expense', '2025-11-12', '2025-11-12 12:25:31', '2025-11-12 12:25:31'),
(550, 1, 450.00, NULL, 201996.00, NULL, 'Bike Service Expense', '2025-11-12', '2025-11-12 12:25:33', '2025-11-12 12:25:33'),
(551, 1, 4420.00, NULL, 197576.00, NULL, 'Bike Service Expense', '2025-11-12', '2025-11-12 12:25:37', '2025-11-12 12:25:37'),
(552, 1, 1000.00, NULL, 196576.00, NULL, 'Bike Service Expense', '2025-11-12', '2025-11-12 12:25:40', '2025-11-12 12:25:40'),
(553, 1, 150.00, NULL, 196426.00, NULL, 'Bike Service Expense', '2025-11-12', '2025-11-12 12:25:43', '2025-11-12 12:25:43'),
(554, 1, 4200.00, NULL, 192226.00, NULL, 'Bike Service Expense', '2025-11-12', '2025-11-12 12:25:45', '2025-11-12 12:25:45'),
(555, 1, 100.00, NULL, 192126.00, NULL, 'Bike Service Expense', '2025-11-12', '2025-11-12 12:25:47', '2025-11-12 12:25:47'),
(556, 1, 1700.00, NULL, 190426.00, NULL, 'Bike Service Expense', '2025-11-12', '2025-11-12 12:25:49', '2025-11-12 12:25:49'),
(557, 1, 200.00, NULL, 190226.00, NULL, 'Bike Service Expense', '2025-11-12', '2025-11-12 12:25:51', '2025-11-12 12:25:51'),
(558, 1, 200.00, NULL, 190026.00, NULL, 'Bike Service Expense', '2025-11-12', '2025-11-12 12:25:54', '2025-11-12 12:25:54'),
(559, 1, 700.00, NULL, 189326.00, NULL, 'Bike Service Expense', '2025-11-11', '2025-11-12 12:25:56', '2025-11-12 12:25:56'),
(560, 1, 3300.00, NULL, 186026.00, NULL, 'Bike Service Expense', '2025-11-11', '2025-11-12 12:25:58', '2025-11-12 12:25:58'),
(561, 1, 100.00, NULL, 185926.00, NULL, 'Bike Service Expense', '2025-11-11', '2025-11-12 12:26:00', '2025-11-12 12:26:00'),
(562, 1, 600.00, NULL, 185326.00, NULL, 'Bike Service Expense', '2025-11-11', '2025-11-12 12:26:07', '2025-11-12 12:26:07'),
(563, 3, 100.00, NULL, -100.00, NULL, 'Bike Service Expense', '2025-11-11', '2025-11-12 12:26:09', '2025-11-12 12:26:09'),
(564, 1, 2800.00, NULL, 182526.00, NULL, 'Bike Service Expense', '2025-11-11', '2025-11-12 12:26:12', '2025-11-12 12:26:12'),
(565, 1, 1250.00, NULL, 181276.00, NULL, 'Bike Service Expense', '2025-11-11', '2025-11-12 12:26:15', '2025-11-12 12:26:15'),
(566, 1, 3050.00, NULL, 178226.00, NULL, 'Bike Service Expense', '2025-11-11', '2025-11-12 12:26:16', '2025-11-12 12:26:16'),
(567, 1, 100.00, NULL, 178126.00, NULL, 'Bike Service Expense', '2025-11-11', '2025-11-12 12:26:19', '2025-11-12 12:26:19'),
(568, 1, 100.00, NULL, 178026.00, NULL, 'Bike Service Expense', '2025-11-11', '2025-11-12 12:26:21', '2025-11-12 12:26:21'),
(569, 1, 280000.00, NULL, -101974.00, NULL, 'Bike Purchase', '2025-11-18', '2025-11-18 17:07:56', '2025-11-18 17:07:56'),
(570, 1, 180000.00, NULL, -281974.00, NULL, 'Bike Purchase', '2025-11-17', '2025-11-19 09:43:40', '2025-11-19 09:43:40'),
(571, 1, 100.00, NULL, -282074.00, NULL, 'Bike Purchase', '2025-11-15', '2025-11-19 09:43:50', '2025-11-19 09:43:50'),
(572, 1, 335000.00, NULL, -617074.00, NULL, 'Bike Purchase', '2025-11-13', '2025-11-19 09:44:00', '2025-11-19 09:44:00'),
(573, 1, 130000.00, NULL, -747074.00, NULL, 'Bike Purchase', '2025-11-12', '2025-11-19 09:44:13', '2025-11-19 09:44:13'),
(574, 1, 157000.00, NULL, -904074.00, NULL, 'Bike Purchase', '2025-11-21', '2025-11-23 15:59:49', '2025-11-23 15:59:49'),
(575, 1, 2450000.00, NULL, -3354074.00, NULL, 'Bike Purchase', '2025-11-21', '2025-11-23 16:00:41', '2025-11-23 16:00:41'),
(576, 1, 900.00, NULL, -3354974.00, NULL, 'Bike Service Expense', '2025-11-23', '2025-11-23 16:11:13', '2025-11-23 16:11:13'),
(577, 1, 500.00, NULL, -3355474.00, NULL, 'Bike Service Expense', '2025-11-23', '2025-11-23 16:11:17', '2025-11-23 16:11:17'),
(578, 1, 300.00, NULL, -3355774.00, NULL, 'Bike Service Expense', '2025-11-19', '2025-11-23 16:11:20', '2025-11-23 16:11:20'),
(579, 1, 300.00, NULL, -3356074.00, NULL, 'Bike Service Expense', '2025-11-19', '2025-11-23 16:11:22', '2025-11-23 16:11:22'),
(580, 1, 1200.00, NULL, -3357274.00, NULL, 'Bike Service Expense', '2025-11-19', '2025-11-23 16:11:25', '2025-11-23 16:11:25'),
(581, 1, 300.00, NULL, -3357574.00, NULL, 'Bike Service Expense', '2025-11-19', '2025-11-23 16:11:27', '2025-11-23 16:11:27'),
(582, 1, 2900.00, NULL, -3360474.00, NULL, 'Bike Service Expense', '2025-11-19', '2025-11-23 16:11:30', '2025-11-23 16:11:30'),
(583, 1, 3500.00, NULL, -3363974.00, NULL, 'Bike Service Expense', '2025-11-19', '2025-11-23 16:11:33', '2025-11-23 16:11:33'),
(584, 1, 3000.00, NULL, -3366974.00, NULL, 'Bike Service Expense', '2025-11-19', '2025-11-23 16:11:35', '2025-11-23 16:11:35'),
(585, 1, 3000.00, NULL, -3369974.00, NULL, 'Bike Service Expense', '2025-11-19', '2025-11-23 16:11:38', '2025-11-23 16:11:38'),
(586, 1, 450.00, NULL, -3370424.00, NULL, 'Bike Service Expense', '2025-11-19', '2025-11-23 16:11:40', '2025-11-23 16:11:40'),
(587, 1, 2000.00, NULL, -3372424.00, NULL, 'Bike Service Expense', '2025-11-19', '2025-11-23 16:11:45', '2025-11-23 16:11:45'),
(588, 1, 1000.00, NULL, -3373424.00, NULL, 'Bike Service Expense', '2025-11-19', '2025-11-23 16:11:48', '2025-11-23 16:11:48'),
(589, 1, 4000.00, NULL, -3377424.00, NULL, 'Bike Service Expense', '2025-11-19', '2025-11-23 16:11:51', '2025-11-23 16:11:51'),
(590, 1, 4000.00, NULL, -3381424.00, NULL, 'Bike Service Expense', '2025-11-19', '2025-11-23 16:11:54', '2025-11-23 16:11:54'),
(591, 1, NULL, 460000.00, -2921424.00, NULL, 'Bike Sales', '2025-11-23', '2025-11-23 16:12:07', '2025-11-23 16:12:07'),
(592, 1, NULL, 177000.00, -2744424.00, NULL, 'Bike Sales', '2025-11-23', '2025-11-23 16:12:32', '2025-11-23 16:12:32'),
(593, 1, 800.00, NULL, -2745224.00, NULL, 'Bike Service Expense', '2025-11-23', '2025-11-23 16:15:30', '2025-11-23 16:15:30'),
(594, 1, NULL, 152000.00, -2593224.00, NULL, 'Bike Sales', '2025-11-07', '2025-11-23 16:15:41', '2025-11-23 16:15:41'),
(595, 1, NULL, 212000.00, -2381224.00, NULL, 'Bike Sales', '2025-11-08', '2025-11-23 16:16:44', '2025-11-23 16:16:44'),
(596, 1, 2700.00, NULL, -2383924.00, NULL, 'Bike Service Expense', '2025-11-23', '2025-11-23 16:20:10', '2025-11-23 16:20:10'),
(597, 1, NULL, 237000.00, -2146924.00, NULL, 'Bike Sales', '2025-11-19', '2025-11-23 16:20:19', '2025-11-23 16:20:19'),
(598, 1, NULL, 310000.00, -1836924.00, NULL, 'Bike Sales', '2025-11-18', '2025-11-23 16:20:34', '2025-11-23 16:20:34'),
(599, 1, 4000.00, NULL, -1840924.00, NULL, 'Bike Service Expense', '2025-11-23', '2025-11-23 16:23:05', '2025-11-23 16:23:05'),
(600, 1, NULL, 343000.00, -1497924.00, NULL, 'Bike Sales', '2025-11-18', '2025-11-23 16:25:05', '2025-11-23 16:25:05'),
(601, 1, NULL, 120000.00, -1377924.00, NULL, 'Bike Sales', '2025-11-14', '2025-11-23 16:25:36', '2025-11-23 16:25:36'),
(602, 1, NULL, 212000.00, -1165924.00, NULL, 'Bike Sales', '2025-11-14', '2025-11-23 16:25:46', '2025-11-23 16:25:46'),
(603, 1, 800.00, NULL, -1166724.00, NULL, 'Bike Service Expense', '2025-11-23', '2025-11-23 16:28:04', '2025-11-23 16:28:04'),
(604, 1, NULL, 210000.00, -956724.00, NULL, 'Bike Sales', '2025-11-13', '2025-11-23 16:28:14', '2025-11-23 16:28:14'),
(605, 1, NULL, 210000.00, -746724.00, NULL, 'Bike Sales', '2025-11-13', '2025-11-23 16:29:53', '2025-11-23 16:29:53'),
(606, 1, NULL, 155000.00, -591724.00, NULL, 'Bike Sales', '2025-11-06', '2025-11-23 16:30:09', '2025-11-23 16:30:09'),
(607, 1, NULL, 100.00, -591624.00, NULL, 'Bike Sales', '2025-11-12', '2025-11-23 16:30:27', '2025-11-23 16:30:27'),
(608, 1, NULL, 83000.00, -508624.00, NULL, 'Bike Sales', '2025-11-11', '2025-11-23 16:30:37', '2025-11-23 16:30:37'),
(609, 1, NULL, 280000.00, -228624.00, NULL, 'Bike Sales', '2025-11-06', '2025-11-23 16:30:54', '2025-11-23 16:30:54'),
(610, 1, NULL, 364000.00, 135376.00, NULL, 'Bike Sales', '2025-11-06', '2025-11-23 16:31:02', '2025-11-23 16:31:02'),
(611, 1, NULL, 238000.00, 373376.00, NULL, 'Bike Sales', '2025-11-05', '2025-11-23 16:31:33', '2025-11-23 16:31:33'),
(612, 1, 340000.00, NULL, 33376.00, NULL, 'Profit Share Withdrawal', '2025-11-23', '2025-11-23 16:38:07', '2025-11-23 16:38:07'),
(613, 1, 211000.00, NULL, -177624.00, NULL, 'Profit Share Withdrawal', '2025-11-23', '2025-11-23 16:39:14', '2025-11-23 16:39:14'),
(614, 1, 110000.00, NULL, -287624.00, NULL, 'Profit Share Withdrawal', '2025-11-23', '2025-11-23 16:39:59', '2025-11-23 16:39:59'),
(615, 1, 208000.00, NULL, -495624.00, NULL, 'Profit Share Withdrawal', '2025-11-23', '2025-11-23 16:40:51', '2025-11-23 16:40:51'),
(616, 1, NULL, 5100.00, -490524.00, NULL, 'Bike Sales', '2025-11-25', '2025-11-25 16:50:24', '2025-11-25 16:50:24'),
(617, 1, 100.00, NULL, -490624.00, NULL, 'Bike Purchase', '2025-11-26', '2025-11-28 12:18:09', '2025-11-28 12:18:09'),
(618, 1, 600.00, NULL, -491224.00, NULL, 'Bike Service Expense', '2025-11-28', '2025-11-28 12:41:13', '2025-11-28 12:41:13'),
(619, 1, 6115.00, NULL, -497339.00, NULL, 'Bike Service Expense', '2025-11-28', '2025-11-28 12:41:16', '2025-11-28 12:41:16'),
(620, 1, 700.00, NULL, -498039.00, NULL, 'Bike Service Expense', '2025-11-28', '2025-11-28 12:41:19', '2025-11-28 12:41:19'),
(621, 1, 700.00, NULL, -498739.00, NULL, 'Bike Service Expense', '2025-11-28', '2025-11-28 12:41:22', '2025-11-28 12:41:22'),
(622, 1, 100.00, NULL, -498839.00, NULL, 'Bike Service Expense', '2025-11-28', '2025-11-28 12:41:25', '2025-11-28 12:41:25'),
(623, 1, 100.00, NULL, -498939.00, NULL, 'Bike Service Expense', '2025-11-28', '2025-11-28 12:41:28', '2025-11-28 12:41:28'),
(624, 1, 100.00, NULL, -499039.00, NULL, 'Bike Purchase', '2025-11-25', '2025-11-28 12:52:41', '2025-11-28 12:52:41'),
(625, 1, 100.00, NULL, -499139.00, NULL, 'Bike Purchase', '2025-11-27', '2025-11-28 12:52:51', '2025-11-28 12:52:51'),
(626, 1, 600.00, NULL, -499739.00, NULL, 'Bike Service Expense', '2025-11-28', '2025-11-28 12:54:31', '2025-11-28 12:54:31'),
(627, 1, 4800.00, NULL, -504539.00, NULL, 'Bike Service Expense', '2025-11-30', '2025-11-30 11:50:26', '2025-11-30 11:50:26'),
(629, 1, 100.00, NULL, -504639.00, NULL, 'Bike Purchase', '2025-11-30', '2025-11-30 16:06:14', '2025-11-30 16:06:14'),
(630, 1, 100.00, NULL, -504739.00, NULL, 'Bike Purchase', '2025-11-29', '2025-11-30 16:06:23', '2025-11-30 16:06:23'),
(631, 1, 100.00, NULL, -504839.00, NULL, 'Bike Purchase', '2025-11-19', '2025-11-30 16:06:44', '2025-11-30 16:06:44'),
(632, 1, 185000.00, NULL, -689839.00, NULL, 'Bike Purchase', '2025-11-05', '2025-11-30 16:07:20', '2025-11-30 16:07:20'),
(633, 1, 100.00, NULL, -689939.00, NULL, 'Bike Purchase', '2025-11-20', '2025-11-30 16:07:29', '2025-11-30 16:07:29'),
(634, 1, 100.00, NULL, -690039.00, NULL, 'Bike Purchase', '2025-11-19', '2025-11-30 16:07:43', '2025-11-30 16:07:43'),
(635, 1, 100.00, NULL, -690139.00, NULL, 'Bike Purchase', '2025-11-19', '2025-11-30 16:07:46', '2025-11-30 16:07:46'),
(636, 1, 100.00, NULL, -690239.00, NULL, 'Bike Purchase', '2025-11-19', '2025-11-30 16:07:50', '2025-11-30 16:07:50'),
(637, 1, NULL, 90000.00, -600239.00, NULL, 'Bike Sales', '2025-11-30', '2025-11-30 16:09:15', '2025-11-30 16:09:15'),
(638, 1, NULL, 158000.00, -442239.00, NULL, 'Bike Sales', '2025-11-29', '2025-11-30 16:10:04', '2025-11-30 16:10:04'),
(639, 1, NULL, 185000.00, -257239.00, NULL, 'Bike Sales', '2025-11-28', '2025-11-30 16:10:16', '2025-11-30 16:10:16'),
(640, 1, NULL, 250000.00, -7239.00, NULL, 'Bike Sales', '2025-12-01', '2025-12-01 06:02:36', '2025-12-01 06:02:36'),
(641, 1, NULL, 194100.00, 186861.00, NULL, 'Bike Sales', '2025-12-01', '2025-12-01 06:02:39', '2025-12-01 06:02:39'),
(642, 1, NULL, 178500.00, 365361.00, NULL, 'Bike Sales', '2025-12-01', '2025-12-01 06:02:42', '2025-12-01 06:02:42'),
(643, 1, NULL, 154000.00, 519361.00, NULL, 'Bike Sales', '2025-12-01', '2025-12-01 06:02:45', '2025-12-01 06:02:45'),
(644, 1, NULL, 95000.00, 614361.00, NULL, 'Bike Sales', '2025-12-01', '2025-12-01 06:02:49', '2025-12-01 06:02:49'),
(645, 1, NULL, 290000.00, 904361.00, NULL, 'Bike Sales', '2025-12-01', '2025-12-01 06:02:55', '2025-12-01 06:02:55'),
(646, 1, 165000.00, NULL, 739361.00, NULL, 'Investment Withdrawal', '2025-12-01', '2025-12-01 06:04:09', '2025-12-01 06:04:09'),
(647, 1, 498000.00, NULL, 241361.00, NULL, 'Investment Withdrawal', '2025-12-01', '2025-12-01 06:06:12', '2025-12-01 06:06:12'),
(648, 1, 11230.00, NULL, 230131.00, NULL, 'Bike Service Expense', '2025-12-07', '2025-12-07 15:52:08', '2025-12-07 15:52:08'),
(649, 1, 160000.00, NULL, 70131.00, NULL, 'Bike Purchase', '2025-12-06', '2025-12-07 15:52:21', '2025-12-07 15:52:21'),
(650, 1, NULL, 235000.00, 305131.00, NULL, 'Bike Sales', '2025-12-06', '2025-12-07 15:53:58', '2025-12-07 15:53:58'),
(651, 1, 66000.00, NULL, 239131.00, NULL, 'Bike Purchase', '2026-01-11', '2026-01-14 11:32:40', '2026-01-14 11:32:40'),
(652, 1, 315000.00, NULL, -75869.00, NULL, 'Bike Purchase', '2026-01-11', '2026-01-14 11:32:50', '2026-01-14 11:32:50'),
(653, 1, 100.00, NULL, -75969.00, NULL, 'Bike Purchase', '2026-01-13', '2026-01-14 11:33:05', '2026-01-14 11:33:05'),
(654, 1, 240000.00, NULL, -315969.00, NULL, 'Bike Purchase', '2026-01-08', '2026-01-14 11:33:19', '2026-01-14 11:33:19'),
(655, 1, 85000.00, NULL, -400969.00, NULL, 'Bike Purchase', '2025-12-26', '2026-01-14 11:33:30', '2026-01-14 11:33:30'),
(656, 1, 400.00, NULL, -401369.00, NULL, 'Bike Service Expense', '2026-01-15', '2026-01-15 16:17:06', '2026-01-15 16:17:06'),
(657, 1, 1800.00, NULL, -403169.00, NULL, 'Bike Service Expense', '2026-01-15', '2026-01-15 16:17:09', '2026-01-15 16:17:09'),
(658, 1, NULL, 6480.00, -396689.00, NULL, 'Bike Sales', '2026-01-18', '2026-01-18 15:26:40', '2026-01-18 15:26:40'),
(659, 1, 1000.00, NULL, -397689.00, NULL, 'Bike Service Expense', '2026-01-18', '2026-01-18 15:27:18', '2026-01-18 15:27:18'),
(660, 1, 15400.00, NULL, -413089.00, NULL, 'Bike Service Expense', '2026-01-20', '2026-01-20 09:30:21', '2026-01-20 09:30:21'),
(661, 1, 100.00, NULL, -413189.00, NULL, 'Bike Purchase', '2026-01-18', '2026-01-20 09:36:56', '2026-01-20 09:36:56'),
(662, 1, 335000.00, NULL, -748189.00, NULL, 'Bike Purchase', '2026-01-16', '2026-01-20 09:37:32', '2026-01-20 09:37:32'),
(663, 1, 147000.00, NULL, -895189.00, NULL, 'Bike Purchase', '2026-01-21', '2026-01-25 11:19:22', '2026-01-25 11:19:22'),
(664, 1, 168000.00, NULL, -1063189.00, NULL, 'Bike Purchase', '2026-01-22', '2026-01-27 05:50:34', '2026-01-27 05:50:34'),
(665, 1, NULL, 162500.00, -900689.00, NULL, 'Bike Sales', '2026-01-25', '2026-01-28 07:21:53', '2026-01-28 07:21:53'),
(666, 1, NULL, 140000.00, -760689.00, NULL, 'Bike Sales', '2026-01-20', '2026-01-28 07:22:19', '2026-01-28 07:22:19'),
(667, 1, NULL, 340000.00, -420689.00, NULL, 'Bike Sales', '2026-01-19', '2026-01-28 07:23:38', '2026-01-28 07:23:38'),
(668, 1, NULL, 130000.00, -290689.00, NULL, 'Bike Sales', '2026-01-14', '2026-01-28 07:23:48', '2026-01-28 07:23:48'),
(669, 1, NULL, 6480.00, -284209.00, NULL, 'Bike Sales', '2026-01-13', '2026-01-28 07:23:59', '2026-01-28 07:23:59'),
(670, 1, NULL, 100.00, -284109.00, NULL, 'Bike Sales', '2026-01-13', '2026-01-28 07:25:09', '2026-01-28 07:25:09'),
(671, 1, NULL, 100.00, -284009.00, NULL, 'Bike Sales', '2025-12-07', '2026-01-28 07:26:04', '2026-01-28 07:26:04'),
(672, 1, NULL, 154000.00, -130009.00, NULL, 'Bike Sales', '2025-12-08', '2026-01-28 07:26:33', '2026-01-28 07:26:33'),
(673, 1, NULL, 205000.00, 74991.00, NULL, 'Bike Sales', '2025-12-10', '2026-01-28 07:26:44', '2026-01-28 07:26:44'),
(674, 1, NULL, 202000.00, 276991.00, NULL, 'Bike Sales', '2025-12-14', '2026-01-28 07:26:52', '2026-01-28 07:26:52'),
(675, 1, NULL, 100.00, 277091.00, NULL, 'Bike Sales', '2025-12-31', '2026-01-28 07:27:16', '2026-01-28 07:27:16'),
(676, 1, NULL, 200.00, 277291.00, NULL, 'Bike Sales', '2026-01-08', '2026-01-28 07:27:46', '2026-01-28 07:27:46'),
(677, 1, NULL, 335500.00, 612791.00, NULL, 'Bike Sales', '2026-01-09', '2026-01-28 07:30:09', '2026-01-28 07:30:09'),
(678, 1, NULL, 205000.00, 817791.00, NULL, 'Bike Sales', '2026-01-11', '2026-01-28 07:30:23', '2026-01-28 07:30:23'),
(679, 1, NULL, 360000.00, 1177791.00, NULL, 'Bike Sales', '2026-01-13', '2026-01-28 07:30:30', '2026-01-28 07:30:30'),
(680, 1, 1100.00, NULL, 1176691.00, NULL, 'Bike Service Expense', '2026-01-28', '2026-01-28 07:32:26', '2026-01-28 07:32:26'),
(681, 1, 200.00, NULL, 1176491.00, NULL, 'Bike Service Expense', '2026-01-28', '2026-01-28 07:32:28', '2026-01-28 07:32:28'),
(682, 1, 12450.00, NULL, 1164041.00, NULL, 'Bike Service Expense', '2026-01-28', '2026-01-28 07:32:30', '2026-01-28 07:32:30'),
(683, 1, 400.00, NULL, 1163641.00, NULL, 'Bike Service Expense', '2026-01-28', '2026-01-28 07:32:32', '2026-01-28 07:32:32'),
(684, 1, 20370.00, NULL, 1143271.00, NULL, 'Bike Service Expense', '2026-01-28', '2026-01-28 07:32:34', '2026-01-28 07:32:34'),
(685, 1, 2020.00, NULL, 1141251.00, NULL, 'Bike Service Expense', '2026-01-28', '2026-01-28 07:32:36', '2026-01-28 07:32:36'),
(686, 1, 1000.00, NULL, 1140251.00, NULL, 'Bike Service Expense', '2026-01-28', '2026-01-28 07:32:37', '2026-01-28 07:32:37'),
(687, 1, 1020.00, NULL, 1139231.00, NULL, 'Bike Service Expense', '2026-01-28', '2026-01-28 07:32:39', '2026-01-28 07:32:39'),
(688, 1, 700.00, NULL, 1138531.00, NULL, 'Bike Service Expense', '2026-01-27', '2026-01-28 07:32:41', '2026-01-28 07:32:41'),
(689, 1, 1800.00, NULL, 1136731.00, NULL, 'Bike Service Expense', '2026-01-24', '2026-01-28 07:32:43', '2026-01-28 07:32:43'),
(690, 1, 12000.00, NULL, 1124731.00, NULL, 'Bike Service Expense', '2026-01-23', '2026-01-28 07:32:44', '2026-01-28 07:32:44'),
(691, 1, 100.00, NULL, 1124631.00, NULL, 'Bike Purchase', '2026-01-29', '2026-01-31 06:05:08', '2026-01-31 06:05:08'),
(692, 1, 162000.00, NULL, 962631.00, NULL, 'Bike Purchase', '2026-01-24', '2026-01-31 06:06:13', '2026-01-31 06:06:13'),
(693, 1, 163000.00, NULL, 799631.00, NULL, 'Bike Purchase', '2026-01-27', '2026-01-31 06:06:34', '2026-01-31 06:06:34'),
(694, 1, 500.00, NULL, 799131.00, NULL, 'Bike Service Expense', '2026-02-03', '2026-02-03 14:41:42', '2026-02-03 14:41:42'),
(695, 1, 120.00, NULL, 799011.00, NULL, 'Bike Service Expense', '2026-02-03', '2026-02-03 14:41:47', '2026-02-03 14:41:47'),
(696, 1, 120.00, NULL, 798891.00, NULL, 'Bike Service Expense', '2026-02-03', '2026-02-03 14:41:49', '2026-02-03 14:41:49'),
(697, 1, 120.00, NULL, 798771.00, NULL, 'Bike Service Expense', '2026-02-03', '2026-02-03 14:41:51', '2026-02-03 14:41:51'),
(698, 1, 120.00, NULL, 798651.00, NULL, 'Bike Service Expense', '2026-02-03', '2026-02-03 14:41:52', '2026-02-03 14:41:52'),
(699, 1, 120.00, NULL, 798531.00, NULL, 'Bike Service Expense', '2026-02-03', '2026-02-03 14:41:53', '2026-02-03 14:41:53'),
(700, 1, 120.00, NULL, 798411.00, NULL, 'Bike Service Expense', '2026-02-03', '2026-02-03 14:41:54', '2026-02-03 14:41:54'),
(701, 1, 120.00, NULL, 798291.00, NULL, 'Bike Service Expense', '2026-02-03', '2026-02-03 14:41:55', '2026-02-03 14:41:55'),
(702, 1, 120.00, NULL, 798171.00, NULL, 'Bike Service Expense', '2026-02-03', '2026-02-03 14:41:57', '2026-02-03 14:41:57'),
(703, 1, 120.00, NULL, 798051.00, NULL, 'Bike Service Expense', '2026-02-03', '2026-02-03 14:41:58', '2026-02-03 14:41:58'),
(704, 1, 120.00, NULL, 797931.00, NULL, 'Bike Service Expense', '2026-02-03', '2026-02-03 14:41:59', '2026-02-03 14:41:59'),
(705, 1, 120.00, NULL, 797811.00, NULL, 'Bike Service Expense', '2026-02-03', '2026-02-03 14:42:00', '2026-02-03 14:42:00'),
(706, 1, 100.00, NULL, 797711.00, NULL, 'Bike Service Expense', '2026-01-31', '2026-02-03 14:42:01', '2026-02-03 14:42:01'),
(707, 1, 100.00, NULL, 797611.00, NULL, 'Bike Service Expense', '2026-01-31', '2026-02-03 14:42:02', '2026-02-03 14:42:02'),
(708, 1, 650.00, NULL, 796961.00, NULL, 'Bike Service Expense', '2026-01-31', '2026-02-03 14:42:03', '2026-02-03 14:42:03'),
(709, 1, 650.00, NULL, 796311.00, NULL, 'Bike Service Expense', '2026-01-31', '2026-02-03 14:42:04', '2026-02-03 14:42:04'),
(710, 1, 1400.00, NULL, 794911.00, NULL, 'Bike Service Expense', '2026-01-31', '2026-02-03 14:42:05', '2026-02-03 14:42:05'),
(711, 1, 1400.00, NULL, 793511.00, NULL, 'Bike Service Expense', '2026-01-31', '2026-02-03 14:42:07', '2026-02-03 14:42:07'),
(712, 1, 2750.00, NULL, 790761.00, NULL, 'Bike Service Expense', '2026-01-31', '2026-02-03 14:42:08', '2026-02-03 14:42:08'),
(713, 1, 2750.00, NULL, 788011.00, NULL, 'Bike Service Expense', '2026-01-31', '2026-02-03 14:42:09', '2026-02-03 14:42:09'),
(714, 1, 2600.00, NULL, 785411.00, NULL, 'Bike Service Expense', '2026-01-28', '2026-02-03 14:42:10', '2026-02-03 14:42:10'),
(715, 1, 207000.00, NULL, 578411.00, NULL, 'Bike Purchase', '2026-02-04', '2026-02-05 10:35:36', '2026-02-05 10:35:36'),
(716, 1, NULL, 84000.00, 662411.00, NULL, 'Bike Sales', '2026-01-31', '2026-02-05 10:36:06', '2026-02-05 10:36:06'),
(717, 1, NULL, 176000.00, 838411.00, NULL, 'Bike Sales', '2026-02-03', '2026-02-05 10:36:27', '2026-02-05 10:36:27'),
(718, 1, NULL, 297000.00, 1135411.00, NULL, 'Bike Sales', '2026-01-25', '2026-02-05 10:37:17', '2026-02-05 10:37:17'),
(719, 1, 300000.00, NULL, 835411.00, NULL, 'Bike Purchase', '2026-02-01', '2026-02-05 13:11:16', '2026-02-05 13:11:16'),
(720, 1, 31200.00, NULL, 804211.00, NULL, 'Bike Service Expense', '2026-02-09', '2026-02-09 12:13:33', '2026-02-09 12:13:33'),
(721, 1, 100.00, NULL, 804111.00, NULL, 'Bike Service Expense', '2026-02-10', '2026-02-10 16:25:51', '2026-02-10 16:25:51'),
(722, 1, 200.00, NULL, 803911.00, NULL, 'Bike Service Expense', '2026-02-10', '2026-02-10 16:25:56', '2026-02-10 16:25:56'),
(723, 1, 100.00, NULL, 803811.00, NULL, 'Bike Service Expense', '2026-02-09', '2026-02-10 16:26:00', '2026-02-10 16:26:00'),
(724, 1, 1000.00, NULL, 802811.00, NULL, 'Bike Service Expense', '2026-02-05', '2026-02-10 16:26:02', '2026-02-10 16:26:02'),
(725, 1, 15000.00, NULL, 787811.00, NULL, 'Bike Service Expense', '2026-02-05', '2026-02-10 16:26:05', '2026-02-10 16:26:05'),
(726, 1, 197000.00, NULL, 590811.00, NULL, 'Bike Purchase', '2026-02-08', '2026-02-10 16:50:54', '2026-02-10 16:50:54'),
(727, 1, 100.00, NULL, 590711.00, NULL, 'Bike Purchase', '2026-02-07', '2026-02-10 16:51:04', '2026-02-10 16:51:04'),
(728, 1, 100.00, NULL, 590611.00, NULL, 'Bike Purchase', '2026-02-06', '2026-02-10 16:51:11', '2026-02-10 16:51:11'),
(729, 1, 275000.00, NULL, 315611.00, NULL, 'Bike Purchase', '2026-02-04', '2026-02-14 11:56:26', '2026-02-14 11:56:26'),
(730, 1, 800.00, NULL, 314811.00, NULL, 'Bike Service Expense', '2026-02-10', '2026-02-14 14:03:35', '2026-02-14 14:03:35'),
(731, 1, 1200.00, NULL, 313611.00, NULL, 'Bike Service Expense', '2026-02-10', '2026-02-14 14:03:38', '2026-02-14 14:03:38'),
(732, 1, 350.00, NULL, 313261.00, NULL, 'Bike Service Expense', '2026-02-10', '2026-02-14 14:03:41', '2026-02-14 14:03:41'),
(733, 1, 1750.00, NULL, 311511.00, NULL, 'Bike Service Expense', '2026-02-14', '2026-02-14 14:09:51', '2026-02-14 14:09:51'),
(734, 1, 143000.00, NULL, 168511.00, NULL, 'Bike Purchase', '2026-02-05', '2026-02-17 15:34:52', '2026-02-17 15:34:52'),
(735, 1, 100.00, NULL, 168411.00, NULL, 'Bike Purchase', '2026-02-15', '2026-02-17 15:39:35', '2026-02-17 15:39:35'),
(736, 1, 180000.00, NULL, -11589.00, NULL, 'Bike Purchase', '2026-02-17', '2026-02-19 05:26:10', '2026-02-19 05:26:10'),
(737, 1, 132000.00, NULL, -143589.00, NULL, 'Bike Purchase', '2026-02-16', '2026-02-19 05:26:49', '2026-02-19 05:26:49'),
(738, 1, 100.00, NULL, -143689.00, NULL, 'Bike Purchase', '2026-02-05', '2026-02-19 05:27:07', '2026-02-19 05:27:07'),
(739, 1, 100.00, NULL, -143789.00, NULL, 'Bike Purchase', '2026-02-05', '2026-02-19 05:27:13', '2026-02-19 05:27:13'),
(740, 1, 200000.00, NULL, -343789.00, NULL, 'Bike Purchase', '2026-02-14', '2026-02-19 05:27:21', '2026-02-19 05:27:21'),
(741, 1, 375000.00, NULL, -718789.00, NULL, 'Bike Purchase', '2026-02-15', '2026-02-19 05:27:31', '2026-02-19 05:27:31'),
(742, 1, 8150.00, NULL, -726939.00, NULL, 'Bike Service Expense', '2026-02-19', '2026-02-20 08:00:57', '2026-02-20 08:00:57'),
(743, 1, 5950.00, NULL, -732889.00, NULL, 'Bike Service Expense', '2026-02-19', '2026-02-20 08:00:59', '2026-02-20 08:00:59'),
(744, 1, 14110.00, NULL, -746999.00, NULL, 'Bike Service Expense', '2026-02-19', '2026-02-20 08:01:02', '2026-02-20 08:01:02'),
(745, 1, 500.00, NULL, -747499.00, NULL, 'Bike Service Expense', '2026-02-19', '2026-02-20 08:01:04', '2026-02-20 08:01:04'),
(746, 1, 500.00, NULL, -747999.00, NULL, 'Bike Service Expense', '2026-02-19', '2026-02-20 08:01:06', '2026-02-20 08:01:06'),
(747, 1, 1000.00, NULL, -748999.00, NULL, 'Bike Service Expense', '2026-02-19', '2026-02-20 08:01:08', '2026-02-20 08:01:08'),
(748, 1, 1200.00, NULL, -750199.00, NULL, 'Bike Service Expense', '2026-02-19', '2026-02-20 08:01:10', '2026-02-20 08:01:10'),
(749, 1, 1300.00, NULL, -751499.00, NULL, 'Bike Service Expense', '2026-02-19', '2026-02-20 08:01:12', '2026-02-20 08:01:12'),
(750, 1, 300.00, NULL, -751799.00, NULL, 'Bike Service Expense', '2026-02-19', '2026-02-20 08:01:15', '2026-02-20 08:01:15'),
(751, 1, 500.00, NULL, -752299.00, NULL, 'Bike Service Expense', '2026-02-19', '2026-02-20 08:01:17', '2026-02-20 08:01:17'),
(752, 1, 500.00, NULL, -752799.00, NULL, 'Bike Service Expense', '2026-02-19', '2026-02-20 08:01:19', '2026-02-20 08:01:19'),
(753, 1, 15600.00, NULL, -768399.00, NULL, 'Bike Service Expense', '2026-02-19', '2026-02-20 08:01:22', '2026-02-20 08:01:22'),
(754, 1, 300.00, NULL, -768699.00, NULL, 'Bike Service Expense', '2026-02-19', '2026-02-20 08:01:25', '2026-02-20 08:01:25'),
(755, 1, 300.00, NULL, -768999.00, NULL, 'Bike Service Expense', '2026-02-19', '2026-02-20 08:01:27', '2026-02-20 08:01:27'),
(756, 1, 500.00, NULL, -769499.00, NULL, 'Bike Service Expense', '2026-02-19', '2026-02-20 08:01:30', '2026-02-20 08:01:30'),
(757, 1, 4000.00, NULL, -773499.00, NULL, 'Bike Service Expense', '2026-02-20', '2026-02-20 08:02:53', '2026-02-20 08:02:53'),
(758, 1, NULL, 115000.00, -658499.00, NULL, 'Bike Sales', '2026-02-17', '2026-02-20 08:18:56', '2026-02-20 08:18:56'),
(759, 1, NULL, 152000.00, -506499.00, NULL, 'Bike Sales', '2026-02-17', '2026-02-20 08:18:59', '2026-02-20 08:18:59'),
(760, 1, NULL, 294000.00, -212499.00, NULL, 'Bike Sales', '2026-02-14', '2026-02-20 08:19:02', '2026-02-20 08:19:02'),
(761, 1, NULL, 195000.00, -17499.00, NULL, 'Bike Sales', '2026-02-14', '2026-02-20 08:19:05', '2026-02-20 08:19:05'),
(762, 1, NULL, 345000.00, 327501.00, NULL, 'Bike Sales', '2026-02-10', '2026-02-20 08:19:07', '2026-02-20 08:19:07'),
(763, 1, NULL, 242000.00, 569501.00, NULL, 'Bike Sales', '2026-02-10', '2026-02-20 08:19:09', '2026-02-20 08:19:09'),
(764, 1, NULL, 450000.00, 1019501.00, NULL, 'Bike Sales', '2026-02-09', '2026-02-20 08:19:12', '2026-02-20 08:19:12'),
(765, 1, NULL, 385000.00, 1404501.00, NULL, 'Bike Sales', '2026-02-06', '2026-02-20 08:19:13', '2026-02-20 08:19:13'),
(766, 1, NULL, 200000.00, 1604501.00, NULL, 'Bike Sales', '2025-12-26', '2026-02-20 08:19:19', '2026-02-20 08:19:19'),
(767, 1, 350000.00, NULL, 1254501.00, NULL, 'Profit Share Withdrawal', '2026-02-20', '2026-02-20 08:20:36', '2026-02-20 08:20:36'),
(768, 1, 26500.00, NULL, 1228001.00, NULL, 'Profit Share Withdrawal', '2026-02-20', '2026-02-20 08:21:29', '2026-02-20 08:21:29'),
(769, 1, 235000.00, NULL, 993001.00, NULL, 'Profit Share Withdrawal', '2026-02-20', '2026-02-20 08:22:25', '2026-02-20 08:22:25'),
(770, 1, 110000.00, NULL, 883001.00, NULL, 'Profit Share Withdrawal', '2026-02-20', '2026-02-20 08:23:48', '2026-02-20 08:23:48'),
(771, 1, 220000.00, NULL, 663001.00, NULL, 'Profit Share Withdrawal', '2026-02-20', '2026-02-20 08:24:40', '2026-02-20 08:24:40'),
(772, 1, 135000.00, NULL, 528001.00, NULL, 'Profit Share Withdrawal', '2026-02-20', '2026-02-20 08:25:16', '2026-02-20 08:25:16'),
(773, 1, 212000.00, NULL, 316001.00, NULL, 'Bike Purchase', '2026-02-19', '2026-02-21 08:08:21', '2026-02-21 08:08:21'),
(774, 1, 100.00, NULL, 315901.00, NULL, 'Bike Purchase', '2026-02-20', '2026-02-21 08:08:32', '2026-02-21 08:08:32'),
(775, 1, 100.00, NULL, 315801.00, NULL, 'Bike Purchase', '2026-02-19', '2026-02-21 08:08:34', '2026-02-21 08:08:34'),
(776, 1, NULL, 225000.00, 540801.00, NULL, 'Bike Sales', '2026-02-21', '2026-02-22 13:01:06', '2026-02-22 13:01:06'),
(777, 1, NULL, 160000.00, 700801.00, NULL, 'Bike Sales', '2026-02-22', '2026-02-22 13:05:28', '2026-02-22 13:05:28'),
(778, 1, NULL, 100.00, 700901.00, NULL, 'Bike Sales', '2026-02-22', '2026-02-22 13:05:34', '2026-02-22 13:05:34'),
(779, 1, NULL, 165000.00, 865901.00, NULL, 'Bike Sales', '2026-02-22', '2026-02-22 13:05:37', '2026-02-22 13:05:37'),
(780, 1, NULL, 162000.00, 1027901.00, NULL, 'Bike Sales', '2026-02-22', '2026-02-22 13:05:42', '2026-02-22 13:05:42'),
(781, 1, NULL, 100.00, 1028001.00, NULL, 'Bike Sales', '2026-02-22', '2026-02-22 13:07:36', '2026-02-22 13:07:36'),
(782, 1, NULL, 100.00, 1028101.00, NULL, 'Bike Sales', '2026-02-22', '2026-02-22 13:07:40', '2026-02-22 13:07:40'),
(783, 1, NULL, 100.00, 1028201.00, NULL, 'Bike Sales', '2026-02-22', '2026-02-22 13:08:49', '2026-02-22 13:08:49'),
(784, 1, NULL, 240000.00, 1268201.00, NULL, 'Bike Sales', '2026-02-22', '2026-02-22 13:09:44', '2026-02-22 13:09:44'),
(785, 1, NULL, 183900.00, 1452101.00, NULL, 'Bike Sales', '2026-02-22', '2026-02-22 13:10:45', '2026-02-22 13:10:45'),
(786, 1, NULL, 225400.00, 1677501.00, NULL, 'Bike Sales', '2026-02-22', '2026-02-22 13:11:42', '2026-02-22 13:11:42'),
(787, 1, NULL, 1530.00, 1679031.00, NULL, 'Bike Sales', '2026-02-22', '2026-02-22 13:12:38', '2026-02-22 13:12:38'),
(788, 1, NULL, 185000.00, 1864031.00, NULL, 'Bike Sales', '2026-02-22', '2026-02-22 13:13:38', '2026-02-22 13:13:38'),
(789, 1, NULL, 100.00, 1864131.00, NULL, 'Bike Sales', '2026-02-22', '2026-02-22 13:14:20', '2026-02-22 13:14:20'),
(790, 1, NULL, 100.00, 1864231.00, NULL, 'Bike Sales', '2026-02-22', '2026-02-22 13:15:09', '2026-02-22 13:15:09'),
(791, 1, NULL, 100.00, 1864331.00, NULL, 'Bike Sales', '2026-02-22', '2026-02-22 13:16:01', '2026-02-22 13:16:01'),
(792, 1, NULL, 176380.00, 2040711.00, NULL, 'Bike Sales', '2026-02-22', '2026-02-22 13:16:55', '2026-02-22 13:16:55'),
(793, 1, NULL, 100.00, 2040811.00, NULL, 'Bike Sales', '2026-02-22', '2026-02-22 13:17:49', '2026-02-22 13:17:49'),
(794, 1, NULL, 154300.00, 2195111.00, NULL, 'Bike Sales', '2026-02-22', '2026-02-22 13:18:33', '2026-02-22 13:18:33'),
(795, 1, NULL, 7080.00, 2202191.00, NULL, 'Bike Sales', '2026-02-22', '2026-02-22 13:19:36', '2026-02-22 13:19:36'),
(796, 1, NULL, 190000.00, 2392191.00, NULL, 'Bike Sales', '2026-02-22', '2026-02-22 13:20:25', '2026-02-22 13:20:25'),
(797, 1, 217000.00, NULL, 2175191.00, NULL, 'Bike Purchase', '2026-02-23', '2026-02-24 05:17:18', '2026-02-24 05:17:18'),
(798, 1, 105000.00, NULL, 2070191.00, NULL, 'Bike Purchase', '2026-02-22', '2026-02-24 05:18:19', '2026-02-24 05:18:19'),
(799, 1, 253000.00, NULL, 1817191.00, NULL, 'Investment Withdrawal', '2026-02-24', '2026-02-24 05:21:48', '2026-02-24 05:21:48'),
(800, 1, NULL, 24650.00, 1841841.00, 'Bill-404,403,402', 'Loan Taken', '2025-11-19', '2026-02-24 05:23:09', '2026-02-24 05:23:09'),
(801, 1, 210000.00, NULL, 1631841.00, NULL, 'Paid To Party', '2026-02-24', '2026-02-24 05:24:32', '2026-02-24 05:24:32'),
(802, 1, 210000.00, NULL, 1421841.00, NULL, 'Bike Purchase', '2026-02-21', '2026-02-24 07:13:58', '2026-02-24 07:13:58'),
(803, 1, 305000.00, NULL, 1116841.00, NULL, 'Bike Purchase', '2026-02-21', '2026-02-24 07:15:00', '2026-02-24 07:15:00'),
(804, 1, 3400.00, NULL, 1113441.00, NULL, 'Bike Service Expense', '2026-02-25', '2026-02-25 12:59:27', '2026-02-25 12:59:27'),
(805, 1, 3400.00, NULL, 1110041.00, NULL, 'Bike Service Expense', '2026-02-25', '2026-02-25 12:59:29', '2026-02-25 12:59:29'),
(806, 1, 400.00, NULL, 1109641.00, NULL, 'Bike Service Expense', '2026-02-25', '2026-02-25 12:59:31', '2026-02-25 12:59:31'),
(807, 1, 900.00, NULL, 1108741.00, NULL, 'Bike Service Expense', '2026-02-25', '2026-02-25 12:59:32', '2026-02-25 12:59:32'),
(808, 1, 2500.00, NULL, 1106241.00, NULL, 'Bike Service Expense', '2026-02-25', '2026-02-25 12:59:34', '2026-02-25 12:59:34'),
(809, 1, 1000.00, NULL, 1105241.00, NULL, 'Bike Service Expense', '2026-02-24', '2026-02-25 12:59:35', '2026-02-25 12:59:35'),
(810, 1, 700.00, NULL, 1104541.00, NULL, 'Bike Service Expense', '2026-02-24', '2026-02-25 12:59:37', '2026-02-25 12:59:37'),
(811, 1, 20000.00, NULL, 1084541.00, NULL, 'Bike Service Expense', '2026-02-24', '2026-02-25 12:59:42', '2026-02-25 12:59:42'),
(812, 1, 1510.00, NULL, 1083031.00, NULL, 'Bike Service Expense', '2026-02-24', '2026-02-25 12:59:46', '2026-02-25 12:59:46'),
(813, 1, 5880.00, NULL, 1077151.00, NULL, 'Bike Service Expense', '2026-02-24', '2026-02-25 12:59:49', '2026-02-25 12:59:49'),
(814, 1, 950.00, NULL, 1076201.00, NULL, 'Bike Service Expense', '2026-02-21', '2026-02-25 12:59:51', '2026-02-25 12:59:51'),
(815, 1, 580.00, NULL, 1075621.00, NULL, 'Bike Service Expense', '2026-02-25', '2026-02-25 13:03:37', '2026-02-25 13:03:37'),
(816, 1, 165000.00, NULL, 910621.00, NULL, 'Bike Purchase', '2026-02-20', '2026-02-26 08:33:13', '2026-02-26 08:33:13'),
(817, 1, 1000.00, NULL, 909621.00, NULL, 'Bike Service Expense', '2026-02-26', '2026-02-28 07:03:06', '2026-02-28 07:03:06'),
(818, 1, 1500.00, NULL, 908121.00, NULL, 'Bike Service Expense', '2026-02-26', '2026-02-28 07:03:08', '2026-02-28 07:03:08'),
(819, 1, 330.00, NULL, 907791.00, NULL, 'Bike Service Expense', '2026-02-26', '2026-02-28 07:03:10', '2026-02-28 07:03:10'),
(820, 1, 170.00, NULL, 907621.00, NULL, 'Bike Service Expense', '2026-02-26', '2026-02-28 07:03:14', '2026-02-28 07:03:14'),
(821, 1, 300.00, NULL, 907321.00, NULL, 'Bike Service Expense', '2026-02-25', '2026-02-28 07:03:18', '2026-02-28 07:03:18'),
(822, 1, 2390.00, NULL, 904931.00, NULL, 'Bike Service Expense', '2026-02-25', '2026-02-28 07:03:20', '2026-02-28 07:03:20'),
(823, 1, 2000.00, NULL, 902931.00, NULL, 'Bike Service Expense', '2026-02-25', '2026-02-28 07:03:22', '2026-02-28 07:03:22'),
(824, 1, 5000.00, NULL, 897931.00, NULL, 'Bike Service Expense', '2026-02-25', '2026-02-28 07:03:24', '2026-02-28 07:03:24'),
(825, 1, 170.00, NULL, 897761.00, NULL, 'Bike Service Expense', '2026-02-26', '2026-02-28 07:03:29', '2026-02-28 07:03:29'),
(826, 1, 2980.00, NULL, 894781.00, NULL, 'Bike Service Expense', '2026-02-25', '2026-02-28 07:03:31', '2026-02-28 07:03:31'),
(827, 1, 750.00, NULL, 894031.00, NULL, 'Bike Service Expense', '2026-02-25', '2026-02-28 07:03:34', '2026-02-28 07:03:34'),
(828, 1, 3500.00, NULL, 890531.00, NULL, 'Bike Service Expense', '2026-02-25', '2026-02-28 07:03:36', '2026-02-28 07:03:36'),
(829, 1, 1800.00, NULL, 888731.00, NULL, 'Bike Service Expense', '2026-02-25', '2026-02-28 07:03:38', '2026-02-28 07:03:38'),
(830, 1, 2950.00, NULL, 885781.00, NULL, 'Bike Service Expense', '2026-02-25', '2026-02-28 07:03:40', '2026-02-28 07:03:40'),
(831, 1, 300.00, NULL, 885481.00, NULL, 'Bike Service Expense', '2026-02-25', '2026-02-28 07:03:42', '2026-02-28 07:03:42');
INSERT INTO `account_ledgers` (`id`, `account_id`, `debit_amount`, `credit_amount`, `current_balance`, `reference_number`, `description`, `transaction_date`, `created_at`, `updated_at`) VALUES
(832, 1, 900.00, NULL, 884581.00, NULL, 'Bike Service Expense', '2026-02-25', '2026-02-28 07:03:44', '2026-02-28 07:03:44'),
(833, 1, 240000.00, NULL, 644581.00, NULL, 'Bike Purchase', '2026-02-25', '2026-02-28 07:07:34', '2026-02-28 07:07:34'),
(834, 1, 188000.00, NULL, 456581.00, NULL, 'Bike Purchase', '2026-02-25', '2026-02-28 07:07:42', '2026-02-28 07:07:42'),
(835, 1, 190000.00, NULL, 266581.00, NULL, 'Bike Purchase', '2026-02-26', '2026-02-28 07:07:44', '2026-02-28 07:07:44'),
(836, 1, 100000.00, NULL, 166581.00, NULL, 'Bike Purchase', '2026-02-28', '2026-03-01 05:29:55', '2026-03-01 05:29:55'),
(837, 1, 278000.00, NULL, -111419.00, NULL, 'Bike Purchase', '2026-02-28', '2026-03-01 05:30:16', '2026-03-01 05:30:16'),
(838, 1, 100.00, NULL, -111519.00, NULL, 'Bike Purchase', '2026-02-27', '2026-03-01 05:30:24', '2026-03-01 05:30:24'),
(839, 1, 300.00, NULL, -111819.00, NULL, 'Bike Service Expense', '2026-03-03', '2026-03-03 15:46:49', '2026-03-03 15:46:49'),
(840, 1, 1200.00, NULL, -113019.00, NULL, 'Bike Service Expense', '2026-03-03', '2026-03-03 15:46:51', '2026-03-03 15:46:51'),
(841, 1, 6000.00, NULL, -119019.00, NULL, 'Bike Service Expense', '2026-03-03', '2026-03-03 15:46:54', '2026-03-03 15:46:54'),
(842, 1, 3800.00, NULL, -122819.00, NULL, 'Bike Service Expense', '2026-03-03', '2026-03-03 15:46:56', '2026-03-03 15:46:56'),
(843, 1, 100.00, NULL, -122919.00, NULL, 'Bike Service Expense', '2026-03-03', '2026-03-03 15:46:58', '2026-03-03 15:46:58'),
(844, 1, 100.00, NULL, -123019.00, NULL, 'Bike Service Expense', '2026-03-03', '2026-03-03 15:47:00', '2026-03-03 15:47:00'),
(845, 1, 3250.00, NULL, -126269.00, NULL, 'Bike Service Expense', '2026-03-03', '2026-03-03 15:47:02', '2026-03-03 15:47:02'),
(846, 1, 1650.00, NULL, -127919.00, NULL, 'Bike Service Expense', '2026-03-03', '2026-03-03 15:47:04', '2026-03-03 15:47:04'),
(847, 1, 600.00, NULL, -128519.00, NULL, 'Bike Service Expense', '2026-03-03', '2026-03-03 15:47:06', '2026-03-03 15:47:06'),
(848, 1, 700.00, NULL, -129219.00, NULL, 'Bike Service Expense', '2026-03-03', '2026-03-03 15:47:07', '2026-03-03 15:47:07'),
(849, 1, 3500.00, NULL, -132719.00, NULL, 'Bike Service Expense', '2026-03-03', '2026-03-03 15:47:09', '2026-03-03 15:47:09'),
(850, 1, 4100.00, NULL, -136819.00, NULL, 'Bike Service Expense', '2026-03-03', '2026-03-03 15:47:11', '2026-03-03 15:47:11'),
(851, 1, 3000.00, NULL, -139819.00, NULL, 'Bike Service Expense', '2026-03-03', '2026-03-03 15:47:13', '2026-03-03 15:47:13'),
(852, 1, 170.00, NULL, -139989.00, NULL, 'Bike Service Expense', '2026-03-02', '2026-03-03 15:47:15', '2026-03-03 15:47:15'),
(853, 1, 2420.00, NULL, -142409.00, NULL, 'Bike Service Expense', '2026-03-02', '2026-03-03 15:47:17', '2026-03-03 15:47:17'),
(854, 1, 300.00, NULL, -142709.00, NULL, 'Bike Service Expense', '2026-03-02', '2026-03-03 15:47:19', '2026-03-03 15:47:19'),
(855, 1, 300.00, NULL, -143009.00, NULL, 'Bike Service Expense', '2026-03-01', '2026-03-03 15:47:20', '2026-03-03 15:47:20'),
(856, 1, 300.00, NULL, -143309.00, NULL, 'Bike Service Expense', '2026-03-01', '2026-03-03 15:47:22', '2026-03-03 15:47:22'),
(857, 1, 360.00, NULL, -143669.00, NULL, 'Bike Service Expense', '2026-03-01', '2026-03-03 15:47:24', '2026-03-03 15:47:24'),
(858, 1, 360.00, NULL, -144029.00, NULL, 'Bike Service Expense', '2026-03-01', '2026-03-03 15:47:25', '2026-03-03 15:47:25'),
(859, 1, 1900.00, NULL, -145929.00, NULL, 'Bike Service Expense', '2026-03-01', '2026-03-03 15:47:27', '2026-03-03 15:47:27'),
(860, 1, 3440.00, NULL, -149369.00, NULL, 'Bike Service Expense', '2026-03-01', '2026-03-03 15:47:29', '2026-03-03 15:47:29'),
(861, 1, 1550.00, NULL, -150919.00, NULL, 'Bike Service Expense', '2026-03-01', '2026-03-03 15:47:30', '2026-03-03 15:47:30'),
(862, 1, 6200.00, NULL, -157119.00, NULL, 'Bike Service Expense', '2026-03-01', '2026-03-03 15:47:32', '2026-03-03 15:47:32'),
(863, 1, 400.00, NULL, -157519.00, NULL, 'Bike Service Expense', '2026-02-28', '2026-03-03 15:47:34', '2026-03-03 15:47:34'),
(864, 1, 700.00, NULL, -158219.00, NULL, 'Bike Service Expense', '2026-02-28', '2026-03-03 15:47:36', '2026-03-03 15:47:36'),
(865, 1, 1000.00, NULL, -159219.00, NULL, 'Bike Service Expense', '2026-02-28', '2026-03-03 15:47:37', '2026-03-03 15:47:37'),
(866, 1, 600.00, NULL, -159819.00, NULL, 'Bike Service Expense', '2026-02-28', '2026-03-03 15:47:39', '2026-03-03 15:47:39'),
(867, 1, 100.00, NULL, -159919.00, NULL, 'Bike Service Expense', '2026-02-28', '2026-03-03 15:47:41', '2026-03-03 15:47:41'),
(868, 1, 600.00, NULL, -160519.00, NULL, 'Bike Service Expense', '2026-02-28', '2026-03-03 15:47:46', '2026-03-03 15:47:46'),
(869, 1, NULL, 198000.00, 37481.00, NULL, 'Bike Sales', '2026-03-02', '2026-03-03 15:51:07', '2026-03-03 15:51:07'),
(870, 1, NULL, 120000.00, 157481.00, NULL, 'Bike Sales', '2026-03-01', '2026-03-03 15:51:42', '2026-03-03 15:51:42'),
(871, 1, NULL, 220000.00, 377481.00, NULL, 'Bike Sales', '2026-02-24', '2026-03-03 15:52:04', '2026-03-03 15:52:04'),
(872, 1, NULL, 196000.00, 573481.00, NULL, 'Bike Sales', '2026-02-25', '2026-03-03 15:52:22', '2026-03-03 15:52:22'),
(873, 1, NULL, 219000.00, 792481.00, NULL, 'Bike Sales', '2026-02-24', '2026-03-03 15:52:33', '2026-03-03 15:52:33'),
(874, 1, NULL, 218000.00, 1010481.00, NULL, 'Bike Sales', '2026-02-23', '2026-03-03 15:52:45', '2026-03-03 15:52:45'),
(875, 1, 207000.00, NULL, 803481.00, NULL, 'Bike Purchase', '2026-03-02', '2026-03-04 05:53:09', '2026-03-04 05:53:09'),
(876, 1, 212000.00, NULL, 591481.00, NULL, 'Bike Purchase', '2026-03-04', '2026-03-05 07:17:05', '2026-03-05 07:17:05'),
(877, 1, 100.00, NULL, 591381.00, NULL, 'Bike Purchase', '2026-03-03', '2026-03-05 07:17:29', '2026-03-05 07:17:29');

-- --------------------------------------------------------

--
-- Table structure for table `admins`
--

CREATE TABLE `admins` (
  `id` bigint(20) UNSIGNED NOT NULL,
  `investor_id` int(11) DEFAULT NULL,
  `name` varchar(50) NOT NULL,
  `username` varchar(30) DEFAULT NULL,
  `type` int(11) NOT NULL,
  `mobile` varchar(20) DEFAULT NULL,
  `email` varchar(255) NOT NULL,
  `password` varchar(255) NOT NULL,
  `image` varchar(100) DEFAULT NULL,
  `status` tinyint(4) NOT NULL,
  `created_at` timestamp NULL DEFAULT NULL,
  `updated_at` timestamp NULL DEFAULT NULL,
  `remember_token` varchar(100) DEFAULT NULL
) ENGINE=InnoDB DEFAULT CHARSET=utf8mb4 COLLATE=utf8mb4_unicode_ci;

--
-- Dumping data for table `admins`
--

INSERT INTO `admins` (`id`, `investor_id`, `name`, `username`, `type`, `mobile`, `email`, `password`, `image`, `status`, `created_at`, `updated_at`, `remember_token`) VALUES
(1, 1, 'Restart BD', NULL, 1, '01763634878', 'admin@gmail.com', '$2y$10$72mM6bhPWEoFlgJKq1WaueJN1g7vMISry0HMa1c5THjRYa7HTISV2', 'admin-1748925310.webp', 1, '2024-08-30 19:03:44', '2025-06-03 04:36:05', 'CAK6U0fKwVF437tYmXt30F8Ijt6SnfDFyJU9IutlQJZvPIEHXUjxLpnbt3Ny'),
(2, 2, 'Amanullah Sohel', NULL, 2, '01778172246', 'sohel@gmail.com', '$2y$10$zT5fYN/0rZPxSrnpdeRyWuH7tGco0SVpCZnMNYr05kr09cqb3.U.O', NULL, 1, '2025-05-31 09:58:59', '2025-05-31 09:59:32', NULL),
(3, 3, 'Alauddin Kochi', NULL, 2, '01843487313', 'alauddin@gmail.com', '$2y$10$3o3n1c2AknN9tRm3zbB39u1RSqqDK3iaUb68Da3mfJBVY.GjQOSqe', NULL, 1, '2025-05-31 15:57:10', '2025-05-31 15:57:28', NULL),
(4, 4, 'nizam Uddin Konok', NULL, 2, '01521428630', 'konok@gmail.com', '$2y$10$emiLVXun.6rnQ4QNChkC0.sCI3VjGr4CNssRoXnkMS3pEEk/LzXRm', NULL, 1, '2025-05-31 16:23:06', '2025-05-31 16:23:34', NULL),
(5, 5, 'Rasin', NULL, 2, '01732013544', 'rasin@gmail.com', '$2y$10$GPH17AS2jt98bswTRDvuvOPGN37J5m0uxmc8R59R80oXWO86af3cu', NULL, 1, '2025-05-31 16:40:22', '2025-05-31 16:42:17', NULL),
(6, 6, 'Shakibul Haque Shaon', NULL, 2, '01681880654', 'shaon@gmail.com', '$2y$10$DdL/S5mTR0G0tuDQus.Me.8xwOZGJNex/xk6dFL.RtcID3QrLqpDC', NULL, 1, '2025-05-31 16:41:37', '2025-05-31 16:42:11', NULL),
(7, 7, 'Istiak Ahmmed Shishir', NULL, 2, '01774905744', 'Shishir@gmail.com', '$2y$10$nCErQKHV0yuncbhKc9YzqOc7TAtUqhA5XaEj7j3eL.hftJCzZHra.', NULL, 1, '2025-05-31 16:45:10', '2025-06-02 12:05:35', NULL),
(10, NULL, 'ns@gmail.com', NULL, 1, NULL, 'ns@gmail.com', '$2y$10$72mM6bhPWEoFlgJKq1WaueJN1g7vMISry0HMa1c5THjRYa7HTISV2', NULL, 1, NULL, NULL, NULL),
(11, 8, 'Guest', NULL, 2, '01900000000', 'guest@gmail.com', '$2y$10$GIeoEFzbSbJ4hdofWsOTOO/4FRG.7tiJWv9Eo.ACJI1DmtAuaEN8O', NULL, 1, '2025-06-05 07:23:58', '2025-07-23 06:53:18', NULL),
(12, 9, 'Mehedi Hasan Rasel', NULL, 2, '01911202077', 'Rasel@gmail.com', '$2y$10$/LQvtmI7SxVcZ6y1/FJLEOn4tRPPB9GpsCzBVSInO/DF./rqO/XKC', NULL, 1, '2025-07-23 06:52:55', '2025-07-23 08:29:42', 'nmqnJVJUy1633I6QoW1x3qS0ScorNRSNtiRTJ778xdhTJvfMYMg3d4LBpfpf'),
(13, NULL, 'Robin', NULL, 12, '01839317038', 'robin@gmail.com', '$2y$10$2mXZ3Nb40BXgQSShMw5Rv.j1yyKpiRtQcx.gfC4HLMK26qDOLv4gC', NULL, 1, '2025-10-23 09:22:01', '2025-10-23 09:22:01', NULL);

-- --------------------------------------------------------

--
-- Table structure for table `basic_infos`
--

CREATE TABLE `basic_infos` (
  `id` bigint(20) UNSIGNED NOT NULL,
  `title` varchar(255) NOT NULL,
  `meta_keywords` text DEFAULT NULL,
  `meta_description` longtext DEFAULT NULL,
  `logo` varchar(255) NOT NULL,
  `favicon` varchar(255) NOT NULL,
  `phone` varchar(255) NOT NULL,
  `telephone` varchar(255) DEFAULT NULL,
  `fax` varchar(255) DEFAULT NULL,
  `email` varchar(255) NOT NULL,
  `location` text NOT NULL,
  `address` text NOT NULL,
  `web_link` text DEFAULT NULL,
  `facebook_link` text DEFAULT NULL,
  `twitter_link` text DEFAULT NULL,
  `linkedin_link` text DEFAULT NULL,
  `youtube_link` text DEFAULT NULL,
  `assets_value` int(11) NOT NULL,
  `total_employees` int(11) NOT NULL,
  `total_companies` int(11) NOT NULL,
  `start_year` int(11) NOT NULL,
  `map_embed` longtext NOT NULL,
  `video_embed_1` longtext NOT NULL,
  `video_embed_2` longtext NOT NULL,
  `video_embed_3` longtext NOT NULL,
  `currency_symbol` varchar(255) DEFAULT NULL,
  `created_at` timestamp NULL DEFAULT NULL,
  `updated_at` timestamp NULL DEFAULT NULL
) ENGINE=InnoDB DEFAULT CHARSET=utf8mb4 COLLATE=utf8mb4_unicode_ci;

--
-- Dumping data for table `basic_infos`
--

INSERT INTO `basic_infos` (`id`, `title`, `meta_keywords`, `meta_description`, `logo`, `favicon`, `phone`, `telephone`, `fax`, `email`, `location`, `address`, `web_link`, `facebook_link`, `twitter_link`, `linkedin_link`, `youtube_link`, `assets_value`, `total_employees`, `total_companies`, `start_year`, `map_embed`, `video_embed_1`, `video_embed_2`, `video_embed_3`, `currency_symbol`, `created_at`, `updated_at`) VALUES
(1, 'রি-স্টার্ট', 'In consequuntur quib', 'Iusto Nam consectetu', 'logo-1748061733.png', 'favicon-1748061733.png', '+88 01682 600 062', '456', '23456', 'restart.bd24@gmail.com', 'Velit quia corrupti', 'দোকান # ৩৫৭, পূর্ব রামপুরা\r\nডিআইটি রোড, রামপুরা, ঢাকা-১২১৯.', 'Quia atque nostrum q', 'Enim neque culpa ex', 'Deserunt odio cum ad', 'Deserunt in ducimus', 'Obcaecati autem reru', 60, 23, 72, 1993, 'Sit placeat et ut o', 'Vel dolore necessita', 'Consequuntur ex nesc', 'Proident dolore off', '৳', NULL, '2025-05-24 04:42:13');

-- --------------------------------------------------------

--
-- Table structure for table `bikes`
--

CREATE TABLE `bikes` (
  `id` bigint(20) UNSIGNED NOT NULL,
  `model_id` bigint(20) NOT NULL,
  `color_id` bigint(20) NOT NULL,
  `manufacture_year` year(4) DEFAULT NULL,
  `registration_no` varchar(255) DEFAULT NULL,
  `chassis_no` varchar(255) NOT NULL,
  `engine_no` varchar(255) NOT NULL,
  `created_at` timestamp NULL DEFAULT NULL,
  `updated_at` timestamp NULL DEFAULT NULL
) ENGINE=InnoDB DEFAULT CHARSET=utf8mb4 COLLATE=utf8mb4_unicode_ci;

--
-- Dumping data for table `bikes`
--

INSERT INTO `bikes` (`id`, `model_id`, `color_id`, `manufacture_year`, `registration_no`, `chassis_no`, `engine_no`, `created_at`, `updated_at`) VALUES
(1, 41, 9, '2022', 'Dhaka Metro Ha-73-1290', 'PS1JAW070NJJ00514', 'JA06EYN9G00559', '2025-05-31 10:05:54', '2025-05-31 10:05:54'),
(2, 58, 1, '2024', 'On-Test', 'PS625AF33N6223806', 'BF3GN1102603', '2025-05-31 10:09:42', '2025-05-31 10:09:42'),
(3, 11, 2, '2020', 'Dhaka Metro La-29-6816', 'ME1RG6711L0008929', 'G3N4E0008973', '2025-05-31 10:12:25', '2025-05-31 10:12:25'),
(4, 12, 1, '2021', 'Dhaka Metro La-55-3883', 'PS2RG64200A024531', 'G3L5E0206277', '2025-05-31 10:17:41', '2025-05-31 10:17:41'),
(5, 13, 9, '2023', 'Dhaka Metro La-30-1622', 'PS2RG64200A055833', 'G3L5E0294058', '2025-05-31 10:20:22', '2025-05-31 10:20:22'),
(6, 86, 2, '2011', 'Dhaka Metro Ha-43-2530', 'MBLJA06EZBGM00298', 'JA06EFBGM02871', '2025-05-31 10:26:48', '2025-05-31 10:26:48'),
(7, 76, 2, '2021', 'Dhaka Metro La-57-4176', 'MH8DL23ANMJ601972', 'CGA2ID157072', '2025-05-31 10:38:04', '2025-05-31 10:38:04'),
(8, 7, 1, '2018', 'Dhaka Metro La-58-6782', 'PS1KCS24XJJJ00010', 'KC13EFJGC01212', '2025-05-31 10:41:17', '2025-05-31 10:41:17'),
(10, 57, 9, '2020', 'On Test', 'PS625BF43L6F22076', 'FF4AL18L3946', '2025-05-31 10:51:30', '2025-05-31 10:51:30'),
(11, 77, 9, '2022', 'Dhaka Metro La-60-0554', 'ME1RG5916N0030461', 'G3K5E0161696', '2025-05-31 16:02:35', '2025-05-31 16:02:35'),
(12, 70, 1, '2021', 'Dhaka Metro La-59-0019', 'RMBL-ED11J-106045', 'BGA1-797964', '2025-05-31 16:05:03', '2025-05-31 16:05:03'),
(13, 76, 2, '2023', 'Dhaka Metro La-65-6354', 'RMBL-DL23F-103887', 'CGA2-853869', '2025-05-31 16:11:10', '2025-08-20 16:36:25'),
(14, 14, 2, '2023', 'On-Test', 'PS2RG82100A001728', 'G3N3E0275699', '2025-05-31 16:27:28', '2025-05-31 16:27:28'),
(15, 48, 12, '2021', 'On-Test', 'PSVA15AZ2MTC60013', 'JBXWME11351', '2025-05-31 16:29:26', '2025-05-31 16:31:29'),
(16, 66, 2, '2023', 'Dhaka Metro La-42-9755', 'RMBL-ED13F-125374', 'BGA5-131660', '2025-05-31 16:34:02', '2025-05-31 16:34:02'),
(17, 58, 9, '2022', 'Dhaka Metro Ha-63-9286', 'PS625AF37N6F12073', 'BF3DN1612664', '2025-05-31 16:51:23', '2025-05-31 16:51:23'),
(18, 63, 2, '2022', 'Dhaka Metro La-66-6710', 'MB8NG4BAMG9103083', 'BGA1-351172', '2025-05-31 16:56:04', '2025-05-31 16:56:04'),
(19, 2, 2, '2022', 'Dhaka Metro La-62-5615', 'PS2RG64100A060554', 'G3L5E0266862', '2025-05-31 16:58:41', '2025-05-31 16:58:41'),
(20, 7, 15, '2021', 'Dhaka Metro La-60-0922', 'PS1KCS244KJF00164', 'KC13EFKGC00698', '2025-05-31 17:01:16', '2025-05-31 17:01:16'),
(21, 2, 9, '2018', 'Dhaka Metro La-29-4528', 'ME1RG4457J0024585', 'G3J3E0327273', '2025-05-31 17:05:38', '2025-05-31 17:05:38'),
(22, 27, 1, '2019', 'Dhaka Metro La-43-7271', 'RS0KC2390JH202977', 'KC23E76023533', '2025-06-03 08:49:00', '2025-06-03 08:49:00'),
(23, 63, 2, '2023', 'O', 'RMBL-NG4BW-163013', 'BGA1-891186', '2025-06-04 10:13:50', '2025-06-04 10:13:50'),
(24, 76, 12, '2024', 'Dhaka Metro La-62-8017', 'RMBL-DL23F-105299', 'CGA2-855182', '2025-06-04 10:21:14', '2025-06-04 10:21:14'),
(25, 16, 6, '2024', 'Dhaka Metro La-63-3073', 'MH3RG4710MK151994', 'G3JGE0310479', '2025-06-04 13:01:42', '2025-06-04 13:01:42'),
(26, 2, 9, '2022', 'Dhaka Metro La-60-0460', 'PS2RG64100A045542', 'G3L5E0242022', '2025-06-05 07:28:08', '2025-06-05 07:28:08'),
(27, 58, 1, '2022', 'Dhaka Metro Ha-73-6451', 'PS625AF34N6G15659', 'BF3EN1401849', '2025-06-05 07:35:12', '2025-06-05 07:35:12'),
(28, 10, 13, '2019', 'Dhaka Metro La-46-2580', 'MH1KC2971KK008363', 'KC29E7007361', '2025-06-05 07:40:16', '2025-06-05 07:40:16'),
(29, 63, 9, '2019', 'Dhaka Metro La-41-5855', 'RMBL-NG4BW-101073', 'BGA1-604035', '2025-06-06 16:07:10', '2025-06-06 16:07:10'),
(30, 63, 8, '2022', 'Dhaka Metro La-12-0529', 'RMBL-NG4BW-140476', 'BGA1-814749', '2025-06-28 08:49:23', '2025-06-28 08:49:23'),
(31, 51, 2, '2023', 'On-Test', 'PS637AE70P6A87883', 'CE7EN2200776', '2025-06-28 12:24:25', '2025-06-28 12:24:25'),
(32, 64, 2, '2019', 'Dhaka Metro La-44-4846', 'RMBL-NG4BW-108630', 'BGA1-642054', '2025-06-28 12:31:13', '2025-06-28 12:31:13'),
(33, 53, 2, '2022', 'Dhaka Metro La-62-7086', 'PS637AE78N6D72795', 'CE7AN2800890', '2025-07-01 10:59:11', '2025-07-01 10:59:11'),
(34, 12, 2, '2021', 'Dhaka Metro La-55-0111', 'PS2RG64200A022269', 'G3L5E0206627', '2025-07-01 11:03:19', '2025-07-01 11:03:19'),
(35, 1, 2, '2022', 'Dhaka Metro La-59-8048', 'MH3RG7860NK008336', 'G3S7E0012718', '2025-07-03 14:05:25', '2025-07-03 14:05:25'),
(36, 79, 4, '2023', 'Dhaka Metro La-16-8330', 'ME1RG6821P0070268', 'G3N4E0413627', '2025-07-22 08:22:24', '2025-07-22 08:22:24'),
(37, 24, 2, '2024', 'Dhaka Metro La-66-0277', 'PS2RG93100A005880', 'G3N5E0456378', '2025-07-22 08:29:14', '2025-07-22 08:29:14'),
(38, 16, 2, '2024', 'Dhaka Metro La-65-4919', 'M113RG4710KK124649', 'G3JGE0232799', '2025-07-22 08:44:28', '2025-07-22 08:44:28'),
(39, 8, 16, '2018', 'Dhaka Metro La-63-9410', 'PS1KCS238JJE00736', 'KC13EFJGD00115', '2025-07-22 09:09:02', '2025-07-22 09:09:02'),
(40, 20, 3, '2022', 'On-Test', 'ME1RG6722N0013789', 'G3N4E0251985', '2025-07-22 09:15:58', '2025-07-22 09:15:58'),
(41, 29, 2, '2020', 'Dhaka Metro La-45-7940', 'PS0KC4190KH108637', 'KC35EA2006765', '2025-07-22 09:23:44', '2025-07-22 09:23:44'),
(42, 2, 9, '2024', 'On Test', 'PS2RG64100A114542', 'G3L5E0334596', '2025-07-23 06:57:14', '2025-07-23 06:57:14'),
(43, 58, 1, '2024', 'Dhaka Metro Ha-44-9317', 'PS625AF31R6D36448', 'BF3CP1300105', '2025-07-23 07:03:03', '2025-07-23 07:03:03'),
(44, 67, 2, '2021', 'Dhaka Metro La-61-4107', 'RMBL-ED13F-113675', 'BGA1-846641', '2025-07-23 07:11:11', '2025-07-23 07:11:11'),
(45, 63, 2, '2021', 'Dhaka Metro La-56-4703', 'RMBL-NG4BW-131900', 'BGA1-780318', '2025-07-23 07:16:55', '2025-07-23 07:16:55'),
(46, 53, 2, '2022', 'Dhaka Metro La-42-3464', 'PS637AE77N6C71960', 'CE7KM2X01812', '2025-07-23 07:36:14', '2025-07-23 07:36:14'),
(47, 66, 2, '2024', 'Dhaka Metro La-66-7494', 'RMBL-ED13F-166124', 'BGA5-248403', '2025-07-23 07:40:31', '2025-07-23 07:40:31'),
(48, 2, 2, '2023', 'Dhaka Metro la-48-6398', 'PS2R564100A096415', 'G3L5E0318923', '2025-07-23 07:46:22', '2025-07-23 07:46:22'),
(49, 46, 2, '2023', 'On Test', 'MD2354DX9PCK84479', 'PCXCPR66407', '2025-07-23 07:49:03', '2025-07-23 07:49:03'),
(50, 39, 2, '2025', 'Dhaka Metro Ha-74-4799', 'PS1JEU225JB00411', 'J07AV59A02190', '2025-07-29 07:14:16', '2025-07-29 07:18:56'),
(51, 67, 9, '2022', 'Dhaka Metro La-42-7329', 'RMBL-ED13F-100192', 'BGA1-707785', '2025-08-09 15:08:02', '2025-08-09 15:08:02'),
(52, 16, 3, '2021', 'Dhaka Metro La-57-0857', 'MH3RG4710MK155170', 'G3J6E-0321243', '2025-08-09 15:14:30', '2025-08-09 15:14:30'),
(53, 18, 4, '2025', 'Dhaka Metro La-66-9409', 'ME1RG67LBR0058386', 'G3N4E0870010', '2025-08-10 08:32:12', '2025-08-10 08:32:12'),
(54, 22, 2, '2022', 'Dhaka Metro La-59-9919', 'ME1RG4442N0047437', 'G3J3E0571471', '2025-08-10 08:41:43', '2025-08-10 08:41:43'),
(55, 11, 12, '2021', 'Dhaka Metro La-56-9300', 'ME1RG6714M0096241', 'G3N4E0155373', '2025-08-14 08:28:09', '2025-08-14 08:28:09'),
(56, 19, 2, '2022', 'Dhaka Metro La-58-2724', 'MH3RG7860MK001684', 'G3S7E0003319', '2025-08-19 08:26:55', '2025-08-19 08:26:55'),
(57, 11, 2, '2020', 'Dhaka Metro La-51-6052', 'ME1RG6718L0043895', 'G3N4E0059455', '2025-08-19 08:30:22', '2025-08-19 08:30:22'),
(58, 11, 2, '2021', 'Dhaka Metro La-40-6133', 'ME1RG6714M0088360', 'G3N4E0141182', '2025-08-19 08:34:56', '2025-08-19 08:34:56'),
(59, 11, 2, '2024', 'Dhaka Metro La-66-5801', 'ME1RG525BL0065059', 'G3K5E0157861', '2025-08-19 08:38:28', '2025-08-19 08:38:28'),
(60, 11, 2, '2021', 'Dhaka Metro La-55-4551', 'ME1RG6713M0080246', 'G3N4E0126183', '2025-08-19 08:42:56', '2025-08-19 08:42:56'),
(61, 53, 2, '2025', 'On-Test', 'PS637AE70S6C98736', 'CE7AS24U6146', '2025-09-07 08:02:26', '2025-09-07 08:02:26'),
(62, 5, 12, '2019', 'Dhaka Metro La-44-9109', 'MD2A11CY4KCC84241', 'DHYCKC73198', '2025-09-07 08:06:37', '2025-09-07 08:06:37'),
(63, 19, 2, '2022', 'Dhaka Metro La-62-4094', 'MH3RG7860NK006712', 'G3S7E0010235', '2025-09-17 10:58:49', '2025-09-17 10:58:49'),
(64, 21, 3, '2022', 'Dhaka Merto La-61-0944', 'MH3RG7810NK002809', 'G3S7E0024377', '2025-09-17 11:01:46', '2025-09-17 11:01:46'),
(65, 63, 2, '2022', 'Dhaka Metro La-65-1744', 'RMBL-NG4BW-162279', 'BGA1-887583', '2025-09-17 11:08:52', '2025-09-17 11:08:52'),
(66, 63, 2, '2023', 'On-Test', 'RMBL-NG4BW-143284', 'BGA1-828810', '2025-09-17 11:13:24', '2025-09-17 11:13:24'),
(67, 39, 2, '2024', 'Dhaka Metro Ha-73-2905', 'PS1JAU029RJL01052', 'JA07AVRGK39038', '2025-09-17 11:36:31', '2025-09-17 11:36:31'),
(68, 63, 2, '2024', 'Dhaka Metro La-64-0962', 'RMBL-NG4BW-205328', 'BGA1-940083', '2025-09-17 11:40:16', '2025-09-17 11:40:16'),
(69, 28, 9, '2024', 'Dhaka Metro La-66-7483', 'PS0MC5960SH003117', 'MC59E1003109', '2025-09-26 11:03:35', '2025-09-26 11:03:35'),
(70, 54, 2, '2023', 'Dhaka Metro La-30-9295', 'PS637GE57P6G00063', 'GE5DP2605522', '2025-09-26 11:07:06', '2025-09-26 11:07:06'),
(71, 78, 3, '2024', 'On-Test', 'MH3RG5610NK012984', 'G3S7E0045989', '2025-10-01 12:14:40', '2025-10-01 12:14:40'),
(72, 2, 2, '2022', 'Dhaka Metro La-12-2923', 'PS2RG64100A072197', 'G3L5EO286174', '2025-10-01 12:21:20', '2025-10-01 12:21:20'),
(73, 66, 13, '2023', 'Dhaka Metro La-45-4438', 'RMBL-ED13F-126489', 'BGA5-134542', '2025-10-01 12:29:46', '2025-10-01 12:29:46'),
(74, 39, 9, '2025', 'Dhaka Metro Ha-73-8991', 'PS1JAU027SJB00128', 'JA07AVS9A02759', '2025-10-01 12:37:14', '2025-10-01 12:37:14'),
(75, 63, 9, '2022', 'On-Test', 'RMBL-NG4BW-134894', 'BGA1-788366', '2025-10-01 12:45:05', '2025-10-01 12:45:05'),
(76, 67, 2, '2020', 'Dhaka Metro La-50-9070', 'RMBL-ED13F-100978', 'BGA1-713303', '2025-10-01 12:55:20', '2025-10-01 12:55:20'),
(77, 16, 2, '2021', 'Dhaka Metro La-40-1211', 'MH3RG4710LK138301', 'G3J6E0259957', '2025-10-01 13:00:00', '2025-10-01 13:00:00'),
(78, 66, 13, '2023', 'Dhaka Metro La-48-5395', 'RMBL-ED13F-133818', 'BGA5-151027', '2025-10-01 13:09:29', '2025-10-01 13:09:29'),
(79, 7, 5, '2019', 'On-Test', 'PS1KCS244KJC00186', 'KC13EFKGA01157', '2025-10-01 13:16:09', '2025-10-01 13:16:09'),
(80, 63, 2, '2024', 'On-Test', 'RMBL-NG4BW-193603', 'BGA1-929148', '2025-10-02 09:14:56', '2025-10-02 09:14:56'),
(81, 39, 2, '2025', 'Dhaka Metro Ha-75-2493', 'PS1JAU026SJB04767', 'A07AVS9A07390', '2025-10-02 15:01:26', '2025-10-02 15:01:26'),
(82, 54, 2, '2024', 'Dhaka Metro La-65-5529', 'PS637GE58R6P01077', 'GE5LR2803894', '2025-10-02 15:59:20', '2025-10-02 15:59:20'),
(83, 63, 13, '2025', 'On-Test', 'RMBL-NG4BW-237808', 'BGA5-312624', '2025-10-03 10:42:35', '2025-10-03 10:42:35'),
(84, 51, 1, '2021', 'On-Test', 'PS637AE73M6A40360', 'CE7AM22R0382', '2025-10-05 14:21:34', '2025-10-05 14:21:34'),
(85, 19, 2, '2022', 'Dhaka Metro La-58-8094', 'MH3RG7860NK006668', 'G3S7E0009888', '2025-10-07 08:17:57', '2025-10-07 08:17:57'),
(86, 66, 2, '2023', 'Dhaka Metro La-30-7056', 'RMBL-ED13F-125529', 'BGA5-132069', '2025-10-11 08:48:26', '2025-10-11 08:48:26'),
(87, 10, 12, '2022', 'Dhaka Metro La-61-3903', 'MLHKC3609M5201054', 'KC29E0101054', '2025-10-11 14:16:50', '2025-10-11 14:16:50'),
(88, 15, 5, '2024', 'On Test', 'PS2RG82200A008741', 'G3N3E0491551', '2025-10-12 06:34:47', '2025-10-12 06:34:47'),
(89, 2, 2, '2024', 'Dhaka Metro La-66-2861', 'PS2RG64100A119271', 'G3L5E0341013', '2025-10-12 06:55:12', '2025-10-12 06:55:12'),
(90, 67, 9, '2023', 'Dhaka Metro La-45-7295', 'RMBL-ED13F-124165', 'BGA5-130319', '2025-10-12 07:31:01', '2025-10-12 07:31:01'),
(91, 11, 2, '2021', 'Dhaka Metro La-53-9179', 'ME1RG6712M0073689', 'G3N4E0113496', '2025-10-12 08:06:54', '2025-10-12 08:06:54'),
(92, 67, 13, '2024', 'Dhaka Metro La-65-8544', 'RMBL-ED13F-161247', 'BGA5-245251', '2025-10-12 13:21:08', '2025-10-12 13:21:08'),
(93, 84, 5, '2024', 'Dhaka Metro La-67-1012', 'ME3J3C5FCSB000103', 'J3A5FAS2008495', '2025-10-14 08:12:37', '2025-10-14 08:12:37'),
(94, 67, 2, '2024', 'On-Test', 'RMBL-ED13F-140876', 'BGA5-175705', '2025-10-14 10:25:57', '2025-10-14 10:25:57'),
(95, 63, 6, '2024', 'Dhaka Metro La-66-2298', 'RMBL-NG4BW-213957', 'BGA1-946437', '2025-10-16 10:31:41', '2025-10-16 10:31:41'),
(96, 11, 2, '2021', 'Dhaka Metro La-40-4221', 'ME1RG6717M0104591', 'G3N4E0171680', '2025-10-17 07:58:01', '2025-10-17 07:58:01'),
(97, 65, 9, '2023', 'Dhaka Metro La-66-2990', 'RMBL-ED13J-114353', 'BGA5-113153', '2025-10-20 10:39:04', '2025-10-20 10:39:04'),
(98, 38, 5, '2024', 'Dhaka Metro La-62-9860', 'PS1KCU12XRJE00012', 'KC01AERHA50034', '2025-10-20 10:56:43', '2025-10-20 10:56:43'),
(99, 39, 1, '2025', 'On-Test', 'PS1JAU021SJJ00414', 'JA07AVSGH00650', '2025-10-20 11:08:40', '2025-10-20 11:08:40'),
(100, 63, 2, '2022', 'Dhaka Metro La-61-7555', 'RMBL-NG4BW-154550', 'BGA1-860498', '2025-10-21 07:50:08', '2025-10-21 07:50:08'),
(101, 67, 2, '2021', 'Dhaka Metro La-58-3860', 'RMBL-ED13F-101130', 'BGA1-712435', '2025-10-21 08:39:20', '2025-10-21 08:39:20'),
(102, 11, 9, '2022', 'Dhaka Metro La-30-1436', 'ME1RG525CN0067608', 'G3K5E0163286', '2025-10-21 10:20:59', '2025-10-21 10:20:59'),
(103, 53, 2, '2022', 'Dhaka Metro La-16-5045', 'PS637AE77N6G79925', 'CE7DN2X00573', '2025-10-22 08:57:21', '2025-10-22 08:57:21'),
(104, 53, 1, '2021', 'On Test', 'PS637AE76P6G91941', 'CE7NM2701534', '2025-10-22 15:47:56', '2025-10-22 15:47:56'),
(105, 67, 2, '2021', 'Dhaka Metro La-40-5681', 'RMBL-ED13F-105124', 'BGA1-770098', '2025-10-25 06:02:37', '2025-10-25 06:02:37'),
(106, 77, 10, '2020', 'Dhaka Metro La-53-8351', 'ME1RG5914M0029560', 'G3K5EO159818', '2025-10-25 06:18:51', '2025-10-25 06:18:51'),
(107, 87, 2, '2025', 'Dhaka Metro Ha-75-1958', 'PS1HAW356SJF00911', 'HA10FASJF00202', '2025-10-29 08:41:02', '2025-10-29 08:41:02'),
(108, 72, 13, '2023', 'On Test', 'RMBL-ED11F-121452', 'BGA5-108572', '2025-10-29 11:29:57', '2025-10-29 11:29:57'),
(109, 2, 9, '2018', 'Dhaka Metro La-37-9217', 'ME1RG4457JOO26675', 'G3J3E0334202', '2025-10-29 12:52:21', '2025-10-29 12:52:21'),
(110, 63, 6, '2022', 'Dhaka Metro La-61-9420', 'RMBL-NG4BW-158898', 'BGA1-867738', '2025-10-29 13:07:31', '2025-10-29 13:07:31'),
(111, 2, 2, '2022', 'Dhaka Metro La- 59-1005', 'PS2RG64100A040038', 'G3L5E0236683', '2025-10-30 14:33:50', '2025-10-30 14:33:50'),
(112, 88, 9, '2018', 'Dhaka Metro La-36-7651', 'MD2A85CY9HCH08153', 'PDYCHH77091', '2025-10-30 14:51:09', '2025-10-30 14:51:09'),
(113, 72, 2, '2023', 'Dhaka Metro La-45-5664', 'BGA5-137066', 'RMBL-ED11F-127572', '2025-11-04 09:45:51', '2025-11-04 09:45:51'),
(114, 47, 2, '2024', 'Dhaka Metro La-63-8028', 'PSUB97FY3RTC00959', 'PDXCRL57608', '2025-11-04 10:34:12', '2025-11-04 10:34:12'),
(115, 2, 17, '2024', 'On-Test', 'PS2RG64100A132695', 'G3L5E0353445', '2025-11-05 11:04:35', '2025-11-05 11:04:35'),
(116, 5, 12, '2019', 'Dhaka Metro La-44-9919', 'MD2A11CYXKCD85266', 'DHYCKD81677', '2025-11-05 14:48:31', '2025-11-05 14:48:31'),
(117, 72, 2, '2021', 'Dhaka Metro La-61-7680', 'RMBL-ED11F-105703', 'BGA1-758006', '2025-11-06 12:33:11', '2025-11-06 12:33:11'),
(118, 64, 2, '2020', 'Dhaka Metro La-50-2812', 'RMBL-NG4BW-117182', 'BGA1-694341', '2025-11-07 07:52:48', '2025-11-07 07:52:48'),
(119, 69, 2, '2019', 'On-Test', 'RMBL-NG4BX-105378', 'BGA1-658667', '2025-11-07 08:09:01', '2025-11-07 08:09:01'),
(120, 28, 10, '2024', 'Dhaka Metro La-64-0964', 'PS0MC5960SH000099', 'MC59E-1000492', '2025-11-09 08:41:53', '2025-11-09 08:41:53'),
(121, 46, 2, '2023', 'On-Test', 'MD2B54DX9PCM89137', 'PDXCPM95997', '2025-11-09 15:19:27', '2025-11-09 15:19:27'),
(122, 63, 2, '2023', 'Dhaka Metro La-48-0846', 'RMBL-NG4BW-134550', 'BGA1-771699', '2025-11-12 14:06:09', '2025-11-12 14:06:09'),
(123, 74, 10, '2024', 'On-Test', 'RMBL-ED222-100835', 'EJA1-267099', '2025-11-14 11:17:35', '2025-11-14 11:17:35'),
(124, 19, 2, '2022', 'Dhaka Metro La-59-8260', 'MH3RG7860NK005022', 'G3S7E0007923', '2025-11-18 10:34:30', '2025-11-18 10:34:30'),
(125, 42, 12, '2025', 'On-Test', 'PSUA11CY1STF83086', 'DHXPSA87010', '2025-11-18 14:28:04', '2025-11-18 14:28:04'),
(126, 72, 2, '2025', 'Dhaka Metro La-70-9349', 'RMBL-ED11F-146694', 'BGA5-319730', '2025-11-18 17:07:44', '2025-11-18 17:07:44'),
(127, 11, 2, '2019', 'Dhaka Metro La-46-6056', 'ME1RG5257K0039395', 'G3K5E0130513', '2025-11-21 09:53:39', '2025-11-21 09:53:39'),
(128, 11, 2, '2023', 'Dhaka Metro La-48-6173', 'ME1RG6717L0033567', 'G3N4E0049652', '2025-11-21 09:59:07', '2025-11-21 09:59:07'),
(129, 65, 9, '2021', 'Dhaka Metro La-58-3603', 'RMBL-ED13J-104780', 'BGA1-771312', '2025-11-21 10:04:50', '2025-11-21 10:04:50'),
(130, 57, 18, '2021', 'On-Test', 'PS625BF45M6K41797', 'FF4FM1700994', '2025-11-21 10:15:31', '2025-11-21 10:15:31'),
(131, 24, 9, '2022', 'Dhaka Metro La-42-3197', 'ME1RG7321N0002293', 'G3N5E0197167', '2025-11-21 10:24:23', '2025-11-21 10:24:23'),
(132, 15, 1, '2024', 'Dhaka Metro La-67-1620', 'PS2RG82200A010766', 'G3N3E0501243', '2025-11-21 13:27:22', '2025-11-21 13:27:22'),
(133, 65, 9, '2022', 'Dhaka Metro La-65-2025', 'RMBL-ED13J-111947', 'BGA1-844770', '2025-11-21 13:35:15', '2025-11-21 13:35:15'),
(134, 28, 2, '2024', 'Dhaka Metro La-64-7107', 'PS0MC5960SH000311', 'MC59E-1000302', '2025-11-27 10:25:25', '2025-11-27 10:25:25'),
(135, 20, 3, '2023', 'Dhaka Metro La-45-1372', 'ME1RG6792P0003214', 'G3N4E0443834', '2025-11-27 10:39:20', '2025-11-27 10:39:20'),
(136, 11, 9, '2021', 'Dhaka Metro La-53-4606', 'ME1RG6712M0075922', 'G3N4E0118224', '2025-11-29 08:56:36', '2025-11-29 08:56:36'),
(137, 71, 2, '2023', 'On-Test', 'RMBL-ED11F-127964', 'BGA5-138217', '2025-11-30 10:13:52', '2025-11-30 10:13:52'),
(138, 63, 2, '2024', 'Dhaka Metro La-66-2533', 'RMBL-NG4BW-212489', 'BGA1-951110', '2025-12-06 11:34:22', '2025-12-06 11:34:22'),
(139, 11, 2, '2019', 'Dhaka Metro La-44-8670', 'ME1RG5252K0017480', 'G3K5E0081702', '2026-01-08 10:00:43', '2026-01-08 10:00:43'),
(140, 16, 3, '2021', 'Dhaka Metro La-58-8599', 'MH3RG4710MK155157', 'G3J6E0321255', '2026-01-14 07:10:24', '2026-01-14 07:10:24'),
(141, 63, 3, '2022', 'Dhaka Metro La-59-6182', 'RMBL-NG4BW-142811', 'BGA1-827856', '2026-01-15 07:36:14', '2026-01-15 07:36:14'),
(142, 19, 2, '2022', 'Dhaka Mtero La-59-7934', 'MH3RG7860NK004508', 'G3S7E0007224', '2026-01-17 08:05:48', '2026-01-17 08:05:48'),
(143, 45, 8, '2021', 'Dhaka Metro La-56-2486', 'MD2A92CX0MCM81431', 'JEXCMM26901', '2026-01-18 10:32:25', '2026-01-18 10:32:25'),
(144, 13, 9, '2023', 'Dhaka Metro La-16-4668', 'PS2RG82100A000486', 'G3N3E0269093', '2026-01-22 14:36:56', '2026-01-22 14:36:56'),
(145, 46, 2, '2024', 'On-Test', 'PSUB54DY7STK04623', 'PDXCRG77538', '2026-01-23 10:57:56', '2026-01-23 10:57:56'),
(146, 63, 2, '2024', 'Dhaka Metro La-64-8432', 'RMBL-NG4BW-197246', 'BGA1-932727', '2026-01-28 08:14:18', '2026-01-28 08:14:18'),
(147, 90, 4, '2025', 'Dhaka Metro La-66-2166', '*NBCF3000125F00022*', '178MN-C*SM21F002*', '2026-01-30 09:27:44', '2026-01-30 09:27:44'),
(148, 11, 9, '2021', 'Dhaka Mtero La-58-9821', 'ME1RG6719M0120805', 'G3N4E0191424', '2026-02-02 08:32:07', '2026-02-02 08:32:07'),
(149, 14, 17, '2023', 'Dhaka Metro La-45-0838', 'PS2RG82100A009065', 'G3N3E0331622', '2026-02-04 15:29:59', '2026-02-04 15:29:59'),
(150, 72, 2, '2024', 'Dhka Metro La-66-8595', 'RMBL-ED11F-141121', 'BGA5-242080', '2026-02-05 15:24:53', '2026-02-05 15:24:53'),
(151, 66, 13, '2024', 'Dhaka Metro La-54-9519', 'RMBL-ED13F-141005', 'BGA5-175430', '2026-02-05 15:47:34', '2026-02-05 15:47:34'),
(152, 39, 19, '2024', 'Dhaka Metro Ha-75-3713', 'PS1JAU021SJA01689', 'JA07AVR9M02491', '2026-02-05 16:02:49', '2026-02-05 16:02:49'),
(153, 2, 2, '2025', 'On-Test', 'PS2RG64100A152754', 'G3L5E0371921', '2026-02-05 16:18:13', '2026-02-05 16:18:13'),
(154, 66, 2, '2024', 'Dhaka Metro La-67-5527', 'RMBL-ED13F-145749', 'BGA5-190152', '2026-02-07 10:01:28', '2026-02-07 10:01:28'),
(155, 66, 9, '2023', 'Dhaka Metro La-64-4397', 'RMBL-ED13F-125176', 'BGA5-123714', '2026-02-08 13:32:04', '2026-02-08 13:32:04'),
(156, 2, 2, '2024', 'Dhaka Metro La-65-0535', 'PS2RG64100A136211', 'G3L5E0356770', '2026-02-16 06:33:26', '2026-02-16 06:33:26'),
(157, 58, 6, '2022', 'Dhaka Metro Ha-69-5674', 'PS625AF3XN6B00360', 'BF3AN18A0512', '2026-02-16 07:04:23', '2026-02-16 07:04:23'),
(158, 11, 9, '2023', 'Dhaka Metro La-49-1911', 'ME1RG525BP0067865', 'G3K5E0163570', '2026-02-16 11:17:53', '2026-02-16 11:17:53'),
(159, 53, 1, '2023', 'On-Test', 'PS637AE71M6C45563', 'CE7AM26R1515', '2026-02-18 10:25:50', '2026-02-18 10:25:50'),
(160, 46, 2, '2022', 'Dhaka Metro La-12-8453', 'MD2B54DX3NCH82693', 'PDXCNH73965', '2026-02-18 10:45:08', '2026-02-18 10:45:08'),
(161, 2, 17, '2025', 'Dhaka Metro La-71-3453', 'PS2RG64100A177484', 'G3L5E0403672', '2026-02-20 13:33:22', '2026-02-20 13:33:22'),
(162, 2, 17, '2025', 'On-Test', 'PS2RG64100A185793', 'G3L5E0410395', '2026-02-20 13:47:21', '2026-02-20 13:47:21'),
(163, 11, 2, '2021', 'Dhaka Metro La-52-9428', 'ME1RG6711M0071016', 'G3N4E0109673', '2026-02-21 07:21:17', '2026-02-21 07:21:17'),
(164, 67, 13, '2023', 'Dhaka Metro La-45-9855', 'RMBL-ED13F-131918', 'BGA5-147134', '2026-02-22 05:42:25', '2026-02-22 05:42:25'),
(165, 11, 2, '2021', 'Dhaka Metro La-57-8729', 'ME1RG6717M0107080', 'G3N4E0175384', '2026-02-22 08:48:58', '2026-02-24 05:55:36'),
(166, 5, 2, '2021', 'Dhaka Metro La-61-2393', 'PSUA11CY7MTC03971', 'DHXCMA22475', '2026-02-23 06:37:26', '2026-02-23 06:37:26'),
(167, 72, 2, '2022', 'Dhaka Metro La-12-0887', 'RMBL-ED11F-117365', 'BGA1-888000', '2026-02-23 14:56:34', '2026-02-23 14:56:34'),
(168, 46, 2, '2023', 'Dhaka Metro La-48-9817', 'MD2B54DX5PCA92270', 'PDXCPA60484', '2026-02-26 08:14:32', '2026-02-26 08:14:32'),
(169, 2, 2, '2024', 'Dhaka Metro La-54-0679', 'PS2RG64100A113886', 'G3L5E0333516', '2026-02-26 10:26:14', '2026-02-26 10:26:14'),
(170, 72, 2, '2023', 'Dhaka Metro La-54-8538', 'RMBL-ED11F-101250', 'BGA1-709893', '2026-02-26 10:38:28', '2026-02-26 10:38:28'),
(171, 46, 2, '2023', 'Dhaka Metro La-30-9615', 'MD2B54DX9PCM87419', 'PDXCPM92012', '2026-02-26 11:07:54', '2026-02-26 11:07:54'),
(172, 16, 15, '2021', 'Dhaka Metro La-57-0926', 'MH3RG472111054024', 'G3J6E0217744', '2026-02-28 08:15:13', '2026-02-28 08:15:13'),
(173, 76, 6, '2021', 'Dhaka Metro La-58-3696', 'RMBL-DL23F-102803', 'CGA2-852792', '2026-02-28 11:08:30', '2026-02-28 11:08:30'),
(174, 6, 6, '2020', 'Dhaka Metro La-56-9613', 'PSUA11CY9LTE39803', 'DHYCLK69928', '2026-02-28 11:26:56', '2026-02-28 11:26:56'),
(175, 73, 2, '2023', 'Dhaka Metro La-16-8562', 'RMBL-ED13F-121095', 'BGA5-120820', '2026-03-02 10:42:02', '2026-03-02 10:42:02'),
(176, 5, 12, '2021', 'Dhaka Metro La-53-8437', 'PSUA11CY2MTE11183', 'DHXCMC48252', '2026-03-04 05:56:40', '2026-03-04 05:56:40'),
(177, 67, 13, '2023', 'Dhaka Mtero La-45-6968', 'RMBL-ED13F-128943', 'BGA5-135364', '2026-03-04 08:54:06', '2026-03-04 08:54:06'),
(178, 16, 2, '2020', 'Dhaka Metro La-31-3999', 'MH3RG4710LK131763', 'G3J6E0246418', '2026-03-07 09:08:41', '2026-03-07 09:08:41');

-- --------------------------------------------------------

--
-- Table structure for table `bike_models`
--

CREATE TABLE `bike_models` (
  `id` bigint(20) UNSIGNED NOT NULL,
  `brand_id` bigint(20) NOT NULL,
  `name` varchar(255) NOT NULL,
  `manufacture_year` bigint(20) DEFAULT NULL,
  `engine_capacity` bigint(20) DEFAULT NULL,
  `status` tinyint(4) NOT NULL DEFAULT 1 COMMENT '1=active, 0=inactive',
  `created_at` timestamp NULL DEFAULT NULL,
  `updated_at` timestamp NULL DEFAULT NULL
) ENGINE=InnoDB DEFAULT CHARSET=utf8mb4 COLLATE=utf8mb4_unicode_ci;

--
-- Dumping data for table `bike_models`
--

INSERT INTO `bike_models` (`id`, `brand_id`, `name`, `manufacture_year`, `engine_capacity`, `status`, `created_at`, `updated_at`) VALUES
(1, 1, 'Yamaha R15 V4', 2018, 155, 1, '2025-02-27 04:41:08', '2025-02-27 04:47:52'),
(2, 1, 'FZ V2', 2018, 150, 1, '2025-02-27 05:05:38', '2025-05-25 08:35:29'),
(3, 5, '4V Double Disk', 2009, 150, 1, '2025-02-27 05:20:03', '2025-05-25 08:34:57'),
(4, 5, '4V Single Disk', 2018, 150, 1, '2025-02-27 05:20:48', '2025-05-25 08:34:40'),
(5, 4, 'Pulsar Double Disk', 2018, 150, 1, '2025-02-27 05:21:33', '2025-05-25 08:34:09'),
(6, 4, 'Pulsar Single Disk', 1993, 150, 1, '2025-02-27 05:22:00', '2025-05-25 08:33:48'),
(7, 3, 'Hunk Double Disk', 2015, 150, 1, '2025-02-27 05:22:50', '2025-05-25 08:33:22'),
(8, 3, 'hunk Single Disk', 2017, 150, 1, '2025-02-27 05:23:18', '2025-05-25 08:32:53'),
(9, 2, 'Hornet CBS', 2018, 150, 1, '2025-02-27 08:56:40', '2025-05-25 08:32:15'),
(10, 2, 'CBR 150R', 2009, 150, 1, '2025-02-27 08:57:07', '2025-05-25 08:31:55'),
(11, 1, 'R15 V3 INDIAN', NULL, 155, 1, '2025-05-24 07:17:34', '2025-05-25 08:38:15'),
(12, 1, 'FZ V3 BS4', NULL, 150, 1, '2025-05-25 08:36:05', '2025-05-25 08:36:05'),
(13, 1, 'FZ V3 BS6', NULL, 150, 1, '2025-05-25 08:36:23', '2025-05-25 08:36:23'),
(14, 1, 'FZ V3 Delux', NULL, 150, 1, '2025-05-25 08:37:03', '2025-05-25 08:37:03'),
(15, 1, 'FZ V4', NULL, 150, 1, '2025-05-25 08:37:22', '2025-05-25 08:37:22'),
(16, 1, 'R15 V3 INDO', NULL, 150, 1, '2025-05-25 08:37:56', '2025-05-25 08:37:56'),
(17, 1, 'R15 V3 THAI', NULL, 150, 1, '2025-05-25 08:38:43', '2025-05-25 08:38:43'),
(18, 1, 'R15 V4 INDIA', NULL, 155, 1, '2025-05-25 08:39:43', '2025-05-25 08:39:43'),
(19, 1, 'R15 V4 INDO', NULL, 155, 1, '2025-05-25 08:40:05', '2025-05-25 08:40:05'),
(20, 1, 'R15M INDIA', NULL, 150, 1, '2025-05-25 08:40:23', '2025-05-25 08:40:23'),
(21, 1, 'R15M INDO', NULL, 155, 1, '2025-05-25 08:40:38', '2025-05-25 08:40:38'),
(22, 1, 'FAZER', NULL, 150, 1, '2025-05-25 08:40:57', '2025-05-25 08:40:57'),
(23, 1, 'SALUTO', NULL, 125, 1, '2025-05-25 08:41:14', '2025-05-25 08:41:14'),
(24, 1, 'FZ-X', NULL, 150, 1, '2025-05-25 08:41:32', '2025-05-25 08:41:32'),
(25, 1, 'FZ 25', NULL, 250, 1, '2025-05-25 08:41:47', '2025-05-25 08:41:47'),
(26, 2, 'HORNET Single Disk', NULL, 160, 1, '2025-05-25 08:42:15', '2025-05-25 08:43:58'),
(27, 2, 'Hornet Double Disk', NULL, 160, 1, '2025-05-25 08:42:55', '2025-05-25 08:43:49'),
(28, 2, 'Hornet 2.0', NULL, 185, 1, '2025-05-25 08:43:17', '2025-05-25 08:43:17'),
(29, 2, 'X-Blade Single Disk', NULL, 160, 1, '2025-05-25 08:43:40', '2025-05-25 08:43:40'),
(30, 2, 'X-Blade ABS', NULL, 160, 1, '2025-05-25 08:44:17', '2025-05-25 08:44:17'),
(31, 2, 'SP Shine', NULL, 125, 1, '2025-05-25 08:44:40', '2025-05-25 08:44:40'),
(32, 2, 'SP Shine FI', NULL, 160, 1, '2025-05-25 08:44:58', '2025-05-25 08:44:58'),
(33, 2, 'SP Shine FI', NULL, 125, 1, '2025-05-25 08:45:21', '2025-05-25 08:45:21'),
(34, 2, 'X-Motion', NULL, 150, 1, '2025-05-25 08:45:37', '2025-05-25 08:45:37'),
(35, 2, 'Dream New', NULL, 110, 1, '2025-05-25 08:45:51', '2025-05-25 08:45:51'),
(36, 2, 'CB Shine', NULL, 125, 1, '2025-05-25 08:46:15', '2025-05-25 08:46:15'),
(37, 3, 'Hunk ABS', NULL, 160, 1, '2025-05-25 08:47:07', '2025-05-25 08:47:07'),
(38, 3, 'Thriller', NULL, 160, 1, '2025-05-25 08:47:30', '2025-05-25 08:47:30'),
(39, 3, 'Xtreme 125', NULL, 125, 1, '2025-05-25 08:48:17', '2025-07-29 07:08:47'),
(40, 3, 'Xtreme', NULL, 160, 1, '2025-05-25 08:48:31', '2025-05-25 08:48:31'),
(41, 3, 'Ignitor', NULL, 125, 1, '2025-05-25 08:49:04', '2025-05-25 08:49:04'),
(42, 4, 'Pulsar ABS', NULL, 150, 1, '2025-05-25 08:49:41', '2025-05-25 08:49:41'),
(43, 4, 'Pulsar NS SD', NULL, 160, 1, '2025-05-25 08:49:59', '2025-05-25 08:50:38'),
(44, 4, 'Pulsar NS DD', NULL, 160, 1, '2025-05-25 08:50:28', '2025-05-25 08:50:28'),
(45, 4, 'Pulsar NS Carb ABS', NULL, 160, 1, '2025-05-25 08:51:38', '2025-05-25 08:51:38'),
(46, 4, 'N160', NULL, 160, 1, '2025-05-25 08:51:57', '2025-05-25 08:51:57'),
(47, 4, 'N250', NULL, 250, 1, '2025-05-25 08:52:09', '2025-05-25 08:52:09'),
(48, 4, 'Discover', NULL, 110, 1, '2025-05-25 08:52:32', '2025-05-25 08:52:32'),
(49, 4, 'Discover', NULL, 125, 1, '2025-05-25 08:52:46', '2025-05-25 08:52:46'),
(50, 4, 'V15', NULL, 150, 1, '2025-05-25 08:53:04', '2025-05-25 08:53:04'),
(51, 5, 'X-Connect Sigle Disk', NULL, 160, 1, '2025-05-25 08:54:03', '2025-05-25 08:54:03'),
(52, 5, 'X-Connect Double Disk', NULL, 160, 1, '2025-05-25 08:54:21', '2025-05-25 08:54:21'),
(53, 5, 'X-Connect ABS', NULL, 160, 1, '2025-05-25 08:54:34', '2025-05-25 08:54:34'),
(54, 5, 'X-Connect Fi ABS', NULL, 160, 1, '2025-05-25 08:55:02', '2025-05-25 08:55:02'),
(55, 5, 'Metro', NULL, 100, 1, '2025-05-25 08:55:25', '2025-05-25 08:55:25'),
(56, 5, 'Metro Plus', NULL, 110, 1, '2025-05-25 08:55:41', '2025-05-25 08:55:41'),
(57, 5, 'Stryker', NULL, 125, 1, '2025-05-25 08:56:00', '2025-05-25 08:56:00'),
(58, 5, 'Raider', NULL, 125, 1, '2025-05-25 08:57:44', '2025-05-25 08:57:44'),
(59, 5, 'RTR Single Disk', NULL, 160, 1, '2025-05-25 08:58:11', '2025-05-25 08:58:11'),
(60, 5, 'RTR Double Disk', NULL, 160, 1, '2025-05-25 08:58:30', '2025-05-25 08:58:30'),
(61, 5, 'RTR ABS', NULL, 160, 1, '2025-05-25 08:58:43', '2025-05-25 08:58:43'),
(62, 5, 'NTORQ', NULL, 125, 1, '2025-05-25 08:59:23', '2025-05-25 08:59:23'),
(63, 6, 'Gixxer Monotone', NULL, 155, 1, '2025-05-25 08:59:57', '2025-05-25 08:59:57'),
(64, 6, 'Gixxer Double Disk', NULL, 155, 1, '2025-05-25 09:00:16', '2025-05-25 09:00:16'),
(65, 6, 'Gixxer Carb', NULL, 155, 1, '2025-05-25 09:00:30', '2025-05-25 09:00:30'),
(66, 6, 'Gixxer Fi Disk', NULL, 155, 1, '2025-05-25 09:00:52', '2025-05-25 09:00:52'),
(67, 6, 'Gixxer FI ABS', NULL, 155, 1, '2025-05-25 09:01:11', '2025-05-25 09:01:11'),
(68, 6, 'Gixxer SF SD', NULL, 155, 1, '2025-05-25 09:01:29', '2025-05-25 09:01:29'),
(69, 6, 'Gixxer SF DD', NULL, 155, 1, '2025-05-25 09:01:44', '2025-05-25 09:01:44'),
(70, 6, 'Gixxer SF Carb', NULL, 155, 1, '2025-05-25 09:02:05', '2025-05-25 09:02:05'),
(71, 6, 'Gixxer SF Fi Disk', NULL, 155, 1, '2025-05-25 09:02:21', '2025-05-25 09:02:21'),
(72, 6, 'Gixxer SF FI ABS', NULL, 155, 1, '2025-05-25 09:02:37', '2025-05-25 09:02:37'),
(73, 6, 'Gixxer FI ABS', NULL, 250, 1, '2025-05-25 09:03:03', '2025-05-25 09:03:03'),
(74, 6, 'Gixxer SF Fi ABS 250', NULL, 250, 1, '2025-05-25 09:03:24', '2025-11-14 11:06:04'),
(75, 6, 'GSXR NON ABS', NULL, 150, 1, '2025-05-25 09:03:53', '2025-05-25 09:03:53'),
(76, 6, 'GSXR ABS', NULL, 150, 1, '2025-05-25 09:04:09', '2025-05-25 09:04:09'),
(77, 1, 'MT 15 V1 India', NULL, 155, 1, '2025-05-25 09:04:55', '2025-05-25 09:04:55'),
(78, 1, 'MT15 V1 Indo', NULL, 155, 1, '2025-05-25 09:05:28', '2025-05-25 09:05:28'),
(79, 1, 'MT15 V2 India', NULL, 155, 1, '2025-05-25 09:05:46', '2025-05-25 09:05:46'),
(80, 6, 'Hayate', NULL, 110, 1, '2025-05-25 09:06:47', '2025-05-25 09:06:47'),
(81, 7, 'Demon ABS', NULL, 160, 1, '2025-05-25 09:08:39', '2025-05-25 09:08:39'),
(82, 7, 'Demon NON ABS', NULL, 160, 1, '2025-05-25 09:09:01', '2025-05-25 09:09:01'),
(83, 8, 'Hunter', NULL, 350, 1, '2025-05-25 09:10:01', '2025-05-25 09:10:01'),
(84, 8, 'Classic', NULL, 350, 1, '2025-05-25 09:10:21', '2025-05-25 09:10:21'),
(85, 8, 'Bullet', NULL, 350, 1, '2025-05-25 09:10:38', '2025-05-25 09:10:47'),
(86, 3, 'Glamour', NULL, 125, 1, '2025-05-31 10:23:42', '2025-05-31 10:23:42'),
(87, 3, 'Splander', NULL, 100, 1, '2025-10-29 08:37:30', '2025-10-29 08:37:30'),
(88, 4, 'Avenger', NULL, 150, 1, '2025-10-30 14:46:18', '2025-10-30 14:46:18'),
(89, 4, 'Avenger ABS', NULL, 150, 1, '2025-10-30 14:46:42', '2025-10-30 14:46:42'),
(90, 9, 'SR 300', NULL, 300, 1, '2026-01-30 09:22:55', '2026-01-30 09:22:55');

-- --------------------------------------------------------

--
-- Table structure for table `bike_profits`
--

CREATE TABLE `bike_profits` (
  `id` bigint(20) UNSIGNED NOT NULL,
  `bike_sale_id` bigint(20) NOT NULL,
  `investor_id` bigint(20) NOT NULL,
  `profit_amount` decimal(20,2) NOT NULL DEFAULT 0.00,
  `profit_share_amount` decimal(20,2) DEFAULT NULL,
  `profit_entry_date` date NOT NULL,
  `profit_share_last_date` date DEFAULT NULL,
  `status` tinyint(4) NOT NULL DEFAULT 0 COMMENT '(To Share Profit) 0=Open, 1=Closed',
  `created_by_id` bigint(20) DEFAULT NULL,
  `updated_by_id` bigint(20) DEFAULT NULL,
  `created_at` timestamp NULL DEFAULT NULL,
  `updated_at` timestamp NULL DEFAULT NULL
) ENGINE=InnoDB DEFAULT CHARSET=utf8mb4 COLLATE=utf8mb4_unicode_ci;

--
-- Dumping data for table `bike_profits`
--

INSERT INTO `bike_profits` (`id`, `bike_sale_id`, `investor_id`, `profit_amount`, `profit_share_amount`, `profit_entry_date`, `profit_share_last_date`, `status`, `created_by_id`, `updated_by_id`, `created_at`, `updated_at`) VALUES
(1, 1, 1, 25980.00, NULL, '2025-06-03', NULL, 0, 1, NULL, '2025-06-03 08:58:02', '2025-06-03 08:58:02'),
(2, 2, 3, 23280.00, 11500.00, '2025-06-05', '2025-06-23', 0, 1, 1, '2025-06-05 12:09:03', '2025-06-23 08:23:12'),
(3, 3, 1, 70940.00, NULL, '2025-06-06', NULL, 0, 1, NULL, '2025-06-06 09:24:44', '2025-06-06 09:24:44'),
(4, 4, 2, 7230.00, 3600.00, '2025-06-06', '2025-06-07', 0, 1, 1, '2025-06-06 16:20:59', '2025-06-06 18:07:34'),
(5, 5, 2, 16120.00, 8000.00, '2025-06-06', '2025-06-07', 0, 1, 1, '2025-06-06 16:21:04', '2025-06-06 18:06:24'),
(6, 6, 1, 21000.00, NULL, '2025-06-06', NULL, 0, 1, NULL, '2025-06-06 16:21:07', '2025-06-06 16:21:07'),
(7, 7, 1, 39930.00, 20000.00, '2025-07-03', '2025-07-03', 0, 1, 1, '2025-07-03 14:12:11', '2025-07-03 14:16:14'),
(8, 8, 1, 23650.00, NULL, '2025-07-04', NULL, 0, 1, NULL, '2025-07-04 07:00:41', '2025-07-04 07:00:41'),
(9, 9, 1, 9700.00, 6000.00, '2025-07-04', '2025-07-04', 0, 1, 1, '2025-07-04 07:00:44', '2025-07-04 07:01:23'),
(10, 10, 8, 3550.00, NULL, '2025-07-04', NULL, 0, 1, NULL, '2025-07-04 07:00:47', '2025-07-04 07:00:47'),
(11, 11, 9, 15850.00, 7900.00, '2025-07-24', '2025-07-24', 0, 1, 1, '2025-07-24 06:38:09', '2025-07-24 06:53:59'),
(12, 12, 2, 0.00, NULL, '2025-07-24', NULL, 0, 1, NULL, '2025-07-24 07:42:44', '2025-07-24 07:42:44'),
(13, 13, 2, 24100.00, NULL, '2025-07-24', NULL, 0, 1, NULL, '2025-07-24 07:42:47', '2025-07-24 07:42:47'),
(14, 14, 2, 14550.00, NULL, '2025-07-24', NULL, 0, 1, NULL, '2025-07-24 07:42:49', '2025-07-24 07:42:49'),
(15, 15, 1, 15530.00, NULL, '2025-07-24', NULL, 0, 1, NULL, '2025-07-24 07:42:52', '2025-07-24 07:42:52'),
(16, 16, 2, 19300.00, NULL, '2025-07-24', NULL, 0, 1, NULL, '2025-07-24 07:42:54', '2025-07-24 07:42:54'),
(17, 17, 7, 0.00, NULL, '2025-07-24', NULL, 0, 1, NULL, '2025-07-24 07:42:57', '2025-07-24 07:42:57'),
(18, 19, 3, 21700.00, NULL, '2025-07-24', NULL, 0, 1, NULL, '2025-07-24 07:56:45', '2025-07-24 07:56:45'),
(19, 18, 2, 2600.00, NULL, '2025-07-24', NULL, 0, 1, NULL, '2025-07-24 07:56:52', '2025-07-24 07:56:52'),
(20, 21, 1, -3640.00, NULL, '2025-07-26', NULL, 0, 1, NULL, '2025-07-26 07:42:59', '2025-07-26 07:42:59'),
(21, 22, 2, 21050.00, NULL, '2025-07-26', NULL, 0, 1, NULL, '2025-07-26 07:43:02', '2025-07-26 07:43:02'),
(22, 23, 5, 9400.00, NULL, '2025-07-26', NULL, 0, 1, NULL, '2025-07-26 07:43:05', '2025-07-26 07:43:05'),
(23, 24, 1, 18650.00, NULL, '2025-07-26', NULL, 0, 1, NULL, '2025-07-26 07:43:10', '2025-07-26 07:43:10'),
(24, 20, 1, 15900.00, NULL, '2025-07-24', NULL, 0, 1, NULL, '2025-07-26 07:43:13', '2025-07-26 07:43:13'),
(25, 25, 1, -80050.00, NULL, '2025-07-26', NULL, 0, 1, NULL, '2025-07-26 07:46:13', '2025-07-26 07:46:13'),
(26, 26, 8, 7080.00, NULL, '2025-07-26', NULL, 0, 1, NULL, '2025-07-26 08:00:15', '2025-07-26 08:00:15'),
(27, 27, 1, 18500.00, NULL, '2025-07-29', NULL, 0, 1, NULL, '2025-07-29 08:12:45', '2025-07-29 08:12:45'),
(28, 28, 1, 60950.00, 10000.00, '2025-07-29', '2025-07-30', 0, 1, 1, '2025-07-29 08:12:48', '2025-07-30 07:28:20'),
(29, 29, 2, 19450.00, NULL, '2025-07-30', NULL, 0, 1, NULL, '2025-07-30 06:54:06', '2025-07-30 06:54:06'),
(30, 30, 9, 21000.00, 8700.00, '2025-07-30', '2025-07-31', 0, 1, 1, '2025-07-30 06:54:09', '2025-07-31 14:46:03'),
(31, 31, 9, 12050.00, NULL, '2025-08-18', NULL, 0, 1, NULL, '2025-08-18 07:12:22', '2025-08-18 07:12:22'),
(32, 32, 1, 45000.00, NULL, '2025-08-20', NULL, 0, 1, NULL, '2025-08-20 07:05:10', '2025-08-20 07:05:10'),
(33, 33, 1, 31000.00, NULL, '2025-08-20', NULL, 0, 1, NULL, '2025-08-20 07:05:13', '2025-08-20 07:05:13'),
(34, 34, 1, 132210.00, NULL, '2025-08-20', NULL, 0, 1, NULL, '2025-08-20 07:05:16', '2025-08-20 07:05:16'),
(35, 35, 3, 37550.00, NULL, '2025-08-20', NULL, 0, 1, NULL, '2025-08-20 07:05:19', '2025-08-20 07:05:19'),
(36, 36, 1, 30000.00, NULL, '2025-08-20', NULL, 0, 1, NULL, '2025-08-20 07:05:22', '2025-08-20 07:05:22'),
(37, 37, 3, 10450.00, NULL, '2025-09-25', NULL, 0, 1, NULL, '2025-09-25 15:09:36', '2025-09-25 15:09:36'),
(38, 46, 1, 1.00, NULL, '2025-10-02', NULL, 0, 1, NULL, '2025-10-03 07:51:40', '2025-10-03 07:51:40'),
(39, 47, 9, 30000.00, NULL, '2025-10-02', NULL, 0, 1, NULL, '2025-10-03 07:51:44', '2025-10-03 07:51:44'),
(40, 48, 2, 17790.00, NULL, '2025-10-02', NULL, 0, 1, NULL, '2025-10-03 07:51:47', '2025-10-03 07:51:47'),
(41, 52, 1, 0.00, NULL, '2025-10-02', NULL, 0, 1, NULL, '2025-10-03 07:51:50', '2025-10-03 07:51:50'),
(42, 43, 2, 39150.00, NULL, '2025-09-28', NULL, 0, 1, NULL, '2025-10-03 07:51:53', '2025-10-03 07:51:53'),
(43, 44, 2, 7200.00, NULL, '2025-09-28', NULL, 0, 1, NULL, '2025-10-03 07:51:56', '2025-10-03 07:51:56'),
(44, 45, 2, 32400.00, NULL, '2025-09-28', NULL, 0, 1, NULL, '2025-10-03 07:51:59', '2025-10-03 07:51:59'),
(45, 38, 9, 47530.00, NULL, '2025-09-26', NULL, 0, 1, NULL, '2025-10-03 07:52:02', '2025-10-03 07:52:02'),
(46, 39, 4, 200.00, NULL, '2025-09-26', NULL, 0, 1, NULL, '2025-10-03 07:52:05', '2025-10-03 07:52:05'),
(47, 40, 1, 22000.00, NULL, '2025-09-26', NULL, 0, 1, NULL, '2025-10-03 07:52:07', '2025-10-03 07:52:07'),
(48, 41, 1, 24000.00, NULL, '2025-09-26', NULL, 0, 1, NULL, '2025-10-03 07:52:10', '2025-10-03 07:52:10'),
(49, 42, 1, 40750.00, NULL, '2025-09-26', NULL, 0, 1, NULL, '2025-10-03 07:52:13', '2025-10-03 07:52:13'),
(50, 55, 2, 10820.00, NULL, '2025-09-26', NULL, 0, 1, NULL, '2025-10-03 07:52:16', '2025-10-03 07:52:16'),
(51, 54, 1, 10250.00, NULL, '2025-09-22', NULL, 0, 1, NULL, '2025-10-03 07:52:19', '2025-10-03 07:52:19'),
(52, 53, 1, 8080.00, NULL, '2025-09-20', NULL, 0, 1, NULL, '2025-10-03 07:52:21', '2025-10-03 07:52:21'),
(53, 49, 2, 13670.00, NULL, '2025-09-17', NULL, 0, 1, NULL, '2025-10-03 07:52:24', '2025-10-03 07:52:24'),
(54, 50, 1, 14000.00, NULL, '2025-09-16', NULL, 0, 1, NULL, '2025-10-03 07:52:27', '2025-10-03 07:52:27'),
(55, 51, 2, 5200.00, NULL, '2025-09-05', NULL, 0, 1, NULL, '2025-10-03 07:52:29', '2025-10-03 07:52:29'),
(56, 56, 1, 15620.00, NULL, '2025-09-03', NULL, 0, 1, NULL, '2025-10-03 07:52:32', '2025-10-03 07:52:32'),
(57, 57, 1, 23000.00, NULL, '2025-10-03', NULL, 0, 1, NULL, '2025-10-04 07:55:52', '2025-10-04 07:55:52'),
(58, 58, 2, 4650.00, NULL, '2025-10-03', NULL, 0, 1, NULL, '2025-10-04 07:55:55', '2025-10-04 07:55:55'),
(59, 59, 1, 214900.00, 207000.00, '2025-10-05', '2025-10-06', 1, 1, 1, '2025-10-06 15:17:57', '2025-11-23 16:48:33'),
(60, 60, 9, 30000.00, NULL, '2025-10-06', NULL, 0, 1, NULL, '2025-10-10 15:15:13', '2025-10-10 15:15:13'),
(61, 61, 2, 10500.00, NULL, '2025-10-07', NULL, 0, 1, NULL, '2025-10-10 15:15:27', '2025-10-10 15:15:27'),
(62, 62, 1, 4500.00, NULL, '2025-10-10', NULL, 0, 1, NULL, '2025-10-10 15:15:30', '2025-10-10 15:15:30'),
(63, 70, 1, 7900.00, NULL, '2025-10-21', NULL, 0, 1, NULL, '2025-10-25 11:11:32', '2025-10-25 11:11:32'),
(64, 69, 1, 30000.00, NULL, '2025-10-20', NULL, 0, 1, NULL, '2025-10-25 11:11:52', '2025-10-25 11:11:52'),
(65, 68, 1, 10700.00, NULL, '2025-10-19', NULL, 0, 1, NULL, '2025-10-25 11:11:59', '2025-10-25 11:11:59'),
(66, 67, 1, 11965.00, NULL, '2025-10-17', NULL, 0, 1, NULL, '2025-10-25 11:12:06', '2025-10-25 11:12:06'),
(67, 66, 1, 15000.00, NULL, '2025-10-16', NULL, 0, 1, NULL, '2025-10-25 11:12:16', '2025-10-25 11:12:16'),
(68, 65, 1, 0.00, NULL, '2025-10-14', NULL, 0, 1, NULL, '2025-10-25 11:12:24', '2025-10-25 11:12:24'),
(69, 63, 1, 12280.00, NULL, '2025-10-13', NULL, 0, 1, NULL, '2025-10-25 11:12:34', '2025-10-25 11:12:34'),
(70, 64, 2, 12450.00, NULL, '2025-10-13', NULL, 0, 1, NULL, '2025-10-25 11:12:40', '2025-10-25 11:12:40'),
(71, 72, 1, 6650.00, NULL, '2025-10-25', NULL, 0, 1, NULL, '2025-10-27 14:42:34', '2025-10-27 14:42:34'),
(72, 84, 1, 43500.00, NULL, '2025-11-02', NULL, 0, 1, NULL, '2025-11-03 07:36:48', '2025-11-03 07:36:48'),
(73, 85, 1, 14000.00, NULL, '2025-11-02', NULL, 0, 1, NULL, '2025-11-03 07:37:02', '2025-11-03 07:37:02'),
(74, 82, 1, 5000.00, NULL, '2025-10-31', NULL, 0, 1, NULL, '2025-11-03 07:37:09', '2025-11-03 07:37:09'),
(75, 83, 1, 22000.00, NULL, '2025-10-31', NULL, 0, 1, NULL, '2025-11-03 07:37:20', '2025-11-03 07:37:20'),
(76, 79, 1, 0.00, NULL, '2025-10-29', NULL, 0, 1, NULL, '2025-11-03 07:37:44', '2025-11-03 07:37:44'),
(77, 81, 1, 14200.00, NULL, '2025-10-29', NULL, 0, 1, NULL, '2025-11-03 07:38:01', '2025-11-03 07:38:01'),
(78, 73, 1, 21900.00, NULL, '2025-10-27', NULL, 0, 1, NULL, '2025-11-03 07:38:10', '2025-11-03 07:38:10'),
(79, 74, 1, 27630.00, NULL, '2025-10-27', NULL, 0, 1, NULL, '2025-11-03 07:39:21', '2025-11-03 07:39:21'),
(80, 75, 4, -5900.00, NULL, '2025-10-27', NULL, 0, 1, NULL, '2025-11-03 07:39:48', '2025-11-03 07:39:48'),
(81, 76, 1, 18000.00, NULL, '2025-10-27', NULL, 0, 1, NULL, '2025-11-03 07:40:14', '2025-11-03 07:40:14'),
(82, 78, 9, 24100.00, NULL, '2025-10-27', NULL, 0, 1, NULL, '2025-11-03 07:41:02', '2025-11-03 07:41:02'),
(83, 86, 1, 0.00, NULL, '2025-11-04', NULL, 0, 1, NULL, '2025-11-04 16:57:50', '2025-11-04 16:57:50'),
(84, 103, 1, 50300.00, NULL, '2025-11-23', NULL, 0, 1, NULL, '2025-11-23 16:12:07', '2025-11-23 16:12:07'),
(85, 102, 1, 16000.00, NULL, '2025-11-23', NULL, 0, 1, NULL, '2025-11-23 16:12:32', '2025-11-23 16:12:32'),
(86, 91, 2, 11950.00, NULL, '2025-11-07', NULL, 0, 1, NULL, '2025-11-23 16:15:41', '2025-11-23 16:15:41'),
(87, 92, 1, 211100.00, 208000.00, '2025-11-08', '2025-11-23', 1, 1, 1, '2025-11-23 16:16:44', '2025-11-23 16:48:13'),
(88, 101, 1, 14480.00, NULL, '2025-11-19', NULL, 0, 1, NULL, '2025-11-23 16:20:19', '2025-11-23 16:20:19'),
(89, 100, 1, 30000.00, NULL, '2025-11-18', NULL, 0, 1, NULL, '2025-11-23 16:20:34', '2025-11-23 16:20:34'),
(90, 99, 1, 21200.00, NULL, '2025-11-18', NULL, 0, 1, NULL, '2025-11-23 16:25:05', '2025-11-23 16:25:05'),
(91, 98, 1, 113300.00, 110000.00, '2025-11-14', '2025-11-23', 1, 1, 1, '2025-11-23 16:25:36', '2025-11-23 16:48:02'),
(92, 97, 1, 211900.00, 211000.00, '2025-11-14', '2025-11-23', 1, 1, 1, '2025-11-23 16:25:46', '2025-11-23 16:47:56'),
(93, 96, 1, 9900.00, NULL, '2025-11-13', NULL, 0, 1, NULL, '2025-11-23 16:28:14', '2025-11-23 16:28:14'),
(94, 95, 1, 20000.00, NULL, '2025-11-13', NULL, 0, 1, NULL, '2025-11-23 16:29:53', '2025-11-23 16:29:53'),
(95, 89, 1, 19000.00, NULL, '2025-11-06', NULL, 0, 1, NULL, '2025-11-23 16:30:09', '2025-11-23 16:30:09'),
(96, 94, 1, 0.00, NULL, '2025-11-12', NULL, 0, 1, NULL, '2025-11-23 16:30:27', '2025-11-23 16:30:27'),
(97, 93, 1, 13000.00, NULL, '2025-11-11', NULL, 0, 1, NULL, '2025-11-23 16:30:37', '2025-11-23 16:30:37'),
(98, 88, 9, 28500.00, NULL, '2025-11-06', NULL, 0, 1, NULL, '2025-11-23 16:30:54', '2025-11-23 16:30:54'),
(99, 90, 1, 359250.00, 340000.00, '2025-11-06', '2025-11-23', 1, 1, 1, '2025-11-23 16:31:02', '2025-11-23 16:47:46'),
(100, 87, 1, 18000.00, NULL, '2025-11-05', NULL, 0, 1, NULL, '2025-11-23 16:31:33', '2025-11-23 16:31:33'),
(101, 104, 1, 5000.00, NULL, '2025-11-25', NULL, 0, 1, NULL, '2025-11-25 16:50:24', '2025-11-25 16:50:24'),
(102, 107, 1, 11150.00, NULL, '2025-11-30', NULL, 0, 1, NULL, '2025-11-30 16:09:15', '2025-11-30 16:09:15'),
(103, 106, 1, 34330.00, NULL, '2025-11-29', NULL, 0, 1, NULL, '2025-11-30 16:10:04', '2025-11-30 16:10:04'),
(104, 105, 1, 22500.00, NULL, '2025-11-28', NULL, 0, 1, NULL, '2025-11-30 16:10:16', '2025-11-30 16:10:16'),
(105, 113, 1, 0.00, NULL, '2025-12-01', NULL, 0, 1, NULL, '2025-12-01 06:02:36', '2025-12-01 06:02:36'),
(106, 112, 2, 0.00, NULL, '2025-12-01', NULL, 0, 1, NULL, '2025-12-01 06:02:40', '2025-12-01 06:02:40'),
(107, 111, 6, 50.00, NULL, '2025-12-01', NULL, 0, 1, NULL, '2025-12-01 06:02:42', '2025-12-01 06:02:42'),
(108, 110, 5, 240.00, NULL, '2025-12-01', NULL, 0, 1, NULL, '2025-12-01 06:02:45', '2025-12-01 06:02:45'),
(109, 109, 4, 400.00, NULL, '2025-12-01', NULL, 0, 1, NULL, '2025-12-01 06:02:49', '2025-12-01 06:02:49'),
(110, 108, 2, 450.00, NULL, '2025-12-01', NULL, 0, 1, NULL, '2025-12-01 06:02:55', '2025-12-01 06:02:55'),
(111, 114, 1, 223670.00, 220000.00, '2025-12-06', '2026-02-20', 0, 1, 1, '2025-12-07 15:53:58', '2026-02-20 08:24:40'),
(112, 127, 1, 0.00, NULL, '2026-01-18', NULL, 0, 1, NULL, '2026-01-18 15:26:40', '2026-01-18 15:26:40'),
(113, 131, 1, 15500.00, NULL, '2026-01-25', NULL, 0, 1, NULL, '2026-01-28 07:21:53', '2026-01-28 07:21:53'),
(114, 129, 1, 139900.00, 135000.00, '2026-01-20', '2026-02-20', 0, 1, 1, '2026-01-28 07:22:19', '2026-02-20 08:25:16'),
(115, 128, 1, 25000.00, NULL, '2026-01-19', NULL, 0, 1, NULL, '2026-01-28 07:23:38', '2026-01-28 07:23:38'),
(116, 126, 1, 45000.00, NULL, '2026-01-14', NULL, 0, 1, NULL, '2026-01-28 07:23:48', '2026-01-28 07:23:48'),
(117, 123, 1, 0.00, NULL, '2026-01-13', NULL, 0, 1, NULL, '2026-01-28 07:23:59', '2026-01-28 07:23:59'),
(118, 125, 1, 0.00, NULL, '2026-01-13', NULL, 0, 1, NULL, '2026-01-28 07:25:09', '2026-01-28 07:25:09'),
(119, 115, 1, 0.00, NULL, '2025-12-07', NULL, 0, 1, NULL, '2026-01-28 07:26:04', '2026-01-28 07:26:04'),
(120, 116, 1, 12490.00, NULL, '2025-12-08', NULL, 0, 1, NULL, '2026-01-28 07:26:33', '2026-01-28 07:26:33'),
(121, 117, 1, 25000.00, NULL, '2025-12-10', NULL, 0, 1, NULL, '2026-01-28 07:26:44', '2026-01-28 07:26:44'),
(122, 118, 1, 19400.00, NULL, '2025-12-14', NULL, 0, 1, NULL, '2026-01-28 07:26:52', '2026-01-28 07:26:52'),
(123, 119, 1, 0.00, NULL, '2025-12-31', NULL, 0, 1, NULL, '2026-01-28 07:27:16', '2026-01-28 07:27:16'),
(124, 120, 1, 0.00, NULL, '2026-01-08', NULL, 0, 1, NULL, '2026-01-28 07:27:46', '2026-01-28 07:27:46'),
(125, 121, 1, 0.00, NULL, '2026-01-09', NULL, 0, 1, NULL, '2026-01-28 07:30:09', '2026-01-28 07:30:09'),
(126, 122, 9, 9300.00, NULL, '2026-01-11', NULL, 0, 1, NULL, '2026-01-28 07:30:23', '2026-01-28 07:30:23'),
(127, 124, 1, 700.00, NULL, '2026-01-13', NULL, 0, 1, NULL, '2026-01-28 07:30:30', '2026-01-28 07:30:30'),
(128, 133, 1, 9680.00, NULL, '2026-01-31', NULL, 0, 1, NULL, '2026-02-05 10:36:06', '2026-02-05 10:36:06'),
(129, 134, 1, 12260.00, NULL, '2026-02-03', NULL, 0, 1, NULL, '2026-02-05 10:36:27', '2026-02-05 10:36:27'),
(130, 130, 1, 34930.00, NULL, '2026-01-25', NULL, 0, 1, NULL, '2026-02-05 10:37:17', '2026-02-05 10:37:17'),
(131, 142, 1, 113600.00, 110000.00, '2026-02-17', '2026-02-20', 0, 1, 1, '2026-02-20 08:18:56', '2026-02-20 08:23:48'),
(132, 141, 1, 5000.00, NULL, '2026-02-17', NULL, 0, 1, NULL, '2026-02-20 08:18:59', '2026-02-20 08:18:59'),
(133, 139, 1, 16950.00, NULL, '2026-02-14', NULL, 0, 1, NULL, '2026-02-20 08:19:02', '2026-02-20 08:19:02'),
(134, 140, 1, 4600.00, NULL, '2026-02-14', NULL, 0, 1, NULL, '2026-02-20 08:19:05', '2026-02-20 08:19:05'),
(135, 138, 1, 14300.00, NULL, '2026-02-10', NULL, 0, 1, NULL, '2026-02-20 08:19:07', '2026-02-20 08:19:07'),
(136, 137, 1, 241360.00, 235000.00, '2026-02-10', '2026-02-20', 0, 1, 1, '2026-02-20 08:19:09', '2026-02-20 08:22:25'),
(137, 136, 1, 58530.00, 26500.00, '2026-02-09', '2026-02-20', 0, 1, 1, '2026-02-20 08:19:12', '2026-02-20 08:21:29'),
(138, 135, 1, 355570.00, 350000.00, '2026-02-06', '2026-02-20', 0, 1, 1, '2026-02-20 08:19:13', '2026-02-20 08:20:36'),
(139, 132, 1, 9600.00, NULL, '2025-12-26', NULL, 0, 1, NULL, '2026-02-20 08:19:19', '2026-02-20 08:19:19'),
(140, 143, 1, 13000.00, NULL, '2026-02-21', NULL, 0, 1, NULL, '2026-02-22 13:01:06', '2026-02-22 13:01:06'),
(141, 147, 1, 0.00, NULL, '2026-02-22', NULL, 0, 1, NULL, '2026-02-22 13:05:28', '2026-02-22 13:05:28'),
(142, 146, 1, 0.00, NULL, '2026-02-22', NULL, 0, 1, NULL, '2026-02-22 13:05:34', '2026-02-22 13:05:34'),
(143, 145, 1, 148500.00, NULL, '2026-02-22', NULL, 0, 1, NULL, '2026-02-22 13:05:37', '2026-02-22 13:05:37'),
(144, 144, 1, 0.00, NULL, '2026-02-22', NULL, 0, 1, NULL, '2026-02-22 13:05:42', '2026-02-22 13:05:42'),
(145, 149, 1, 0.00, NULL, '2026-02-22', NULL, 0, 1, NULL, '2026-02-22 13:07:36', '2026-02-22 13:07:36'),
(146, 148, 1, 0.00, NULL, '2026-02-22', NULL, 0, 1, NULL, '2026-02-22 13:07:40', '2026-02-22 13:07:40'),
(147, 150, 1, 0.00, NULL, '2026-02-22', NULL, 0, 1, NULL, '2026-02-22 13:08:49', '2026-02-22 13:08:49'),
(148, 151, 1, 0.00, NULL, '2026-02-22', NULL, 0, 1, NULL, '2026-02-22 13:09:44', '2026-02-22 13:09:44'),
(149, 152, 1, 0.00, NULL, '2026-02-22', NULL, 0, 1, NULL, '2026-02-22 13:10:45', '2026-02-22 13:10:45'),
(150, 153, 1, 0.00, NULL, '2026-02-22', NULL, 0, 1, NULL, '2026-02-22 13:11:42', '2026-02-22 13:11:42'),
(151, 154, 1, 0.00, NULL, '2026-02-22', NULL, 0, 1, NULL, '2026-02-22 13:12:38', '2026-02-22 13:12:38'),
(152, 155, 1, 0.00, NULL, '2026-02-22', NULL, 0, 1, NULL, '2026-02-22 13:13:38', '2026-02-22 13:13:38'),
(153, 156, 1, 0.00, NULL, '2026-02-22', NULL, 0, 1, NULL, '2026-02-22 13:14:20', '2026-02-22 13:14:20'),
(154, 157, 1, 0.00, NULL, '2026-02-22', NULL, 0, 1, NULL, '2026-02-22 13:15:09', '2026-02-22 13:15:09'),
(155, 158, 1, 0.00, NULL, '2026-02-22', NULL, 0, 1, NULL, '2026-02-22 13:16:01', '2026-02-22 13:16:01'),
(156, 159, 1, 0.00, NULL, '2026-02-22', NULL, 0, 1, NULL, '2026-02-22 13:16:55', '2026-02-22 13:16:55'),
(157, 160, 1, 0.00, NULL, '2026-02-22', NULL, 0, 1, NULL, '2026-02-22 13:17:49', '2026-02-22 13:17:49'),
(158, 161, 1, 0.00, NULL, '2026-02-22', NULL, 0, 1, NULL, '2026-02-22 13:18:33', '2026-02-22 13:18:33'),
(159, 162, 1, 0.00, NULL, '2026-02-22', NULL, 0, 1, NULL, '2026-02-22 13:19:36', '2026-02-22 13:19:36'),
(160, 163, 9, 0.00, NULL, '2026-02-22', NULL, 0, 1, NULL, '2026-02-22 13:20:26', '2026-02-22 13:20:26'),
(161, 169, 1, 28300.00, NULL, '2026-03-02', NULL, 0, 1, NULL, '2026-03-03 15:51:07', '2026-03-03 15:51:07'),
(162, 168, 1, 18450.00, NULL, '2026-03-01', NULL, 0, 1, NULL, '2026-03-03 15:51:42', '2026-03-03 15:51:42'),
(163, 165, 1, 219600.00, NULL, '2026-02-24', NULL, 0, 1, NULL, '2026-03-03 15:52:04', '2026-03-03 15:52:04'),
(164, 167, 1, 15500.00, NULL, '2026-02-25', NULL, 0, 1, NULL, '2026-03-03 15:52:22', '2026-03-03 15:52:22'),
(165, 166, 1, 3970.00, NULL, '2026-02-24', NULL, 0, 1, NULL, '2026-03-03 15:52:33', '2026-03-03 15:52:33'),
(166, 164, 1, 16800.00, NULL, '2026-02-23', NULL, 0, 1, NULL, '2026-03-03 15:52:45', '2026-03-03 15:52:45');

-- --------------------------------------------------------

--
-- Table structure for table `bike_profit_share_records`
--

CREATE TABLE `bike_profit_share_records` (
  `id` bigint(20) UNSIGNED NOT NULL,
  `bike_profit_id` bigint(20) NOT NULL,
  `account_id` bigint(20) NOT NULL,
  `amount` decimal(20,2) NOT NULL DEFAULT 0.00,
  `date` date NOT NULL,
  `note` text DEFAULT NULL,
  `reference_number` varchar(255) DEFAULT NULL,
  `status` tinyint(4) NOT NULL DEFAULT 0 COMMENT '0=Pending, 1=Approved',
  `created_by_id` bigint(20) DEFAULT NULL,
  `updated_by_id` bigint(20) DEFAULT NULL,
  `created_at` timestamp NULL DEFAULT NULL,
  `updated_at` timestamp NULL DEFAULT NULL
) ENGINE=InnoDB DEFAULT CHARSET=utf8mb4 COLLATE=utf8mb4_unicode_ci;

--
-- Dumping data for table `bike_profit_share_records`
--

INSERT INTO `bike_profit_share_records` (`id`, `bike_profit_id`, `account_id`, `amount`, `date`, `note`, `reference_number`, `status`, `created_by_id`, `updated_by_id`, `created_at`, `updated_at`) VALUES
(1, 5, 1, 8000.00, '2025-06-07', NULL, NULL, 1, 1, 1, '2025-06-06 18:06:16', '2025-06-06 18:06:24'),
(2, 4, 1, 3600.00, '2025-06-07', NULL, NULL, 1, 1, 1, '2025-06-06 18:07:30', '2025-06-06 18:07:34'),
(3, 2, 1, 11500.00, '2025-06-23', NULL, NULL, 1, 1, 1, '2025-06-23 08:23:04', '2025-06-23 08:23:12'),
(4, 7, 1, 20000.00, '2025-07-03', NULL, NULL, 1, 1, 1, '2025-07-03 14:16:08', '2025-07-03 14:16:14'),
(5, 9, 1, 6000.00, '2025-07-04', NULL, NULL, 1, 1, 1, '2025-07-04 07:01:18', '2025-07-04 07:01:23'),
(6, 11, 1, 7900.00, '2025-07-24', NULL, NULL, 1, 1, 1, '2025-07-24 06:53:46', '2025-07-24 06:53:59'),
(7, 28, 1, 10000.00, '2025-07-30', NULL, NULL, 1, 1, 1, '2025-07-30 07:28:15', '2025-07-30 07:28:20'),
(8, 30, 1, 8700.00, '2025-07-31', NULL, NULL, 1, 1, 1, '2025-07-31 14:45:58', '2025-07-31 14:46:03'),
(9, 59, 1, 207000.00, '2025-10-06', NULL, NULL, 1, 1, 1, '2025-10-06 15:18:32', '2025-10-06 15:18:46'),
(10, 99, 1, 340000.00, '2025-11-23', NULL, NULL, 1, 1, 1, '2025-11-23 16:38:02', '2025-11-23 16:38:07'),
(11, 92, 1, 211000.00, '2025-11-23', NULL, NULL, 1, 1, 1, '2025-11-23 16:39:09', '2025-11-23 16:39:14'),
(12, 91, 1, 110000.00, '2025-11-23', NULL, NULL, 1, 1, 1, '2025-11-23 16:39:53', '2025-11-23 16:39:59'),
(13, 87, 1, 208000.00, '2025-11-23', NULL, NULL, 1, 1, 1, '2025-11-23 16:40:45', '2025-11-23 16:40:51'),
(14, 138, 1, 350000.00, '2026-02-20', NULL, NULL, 1, 1, 1, '2026-02-20 08:20:30', '2026-02-20 08:20:36'),
(15, 137, 1, 26500.00, '2026-02-20', NULL, NULL, 1, 1, 1, '2026-02-20 08:21:19', '2026-02-20 08:21:29'),
(16, 136, 1, 235000.00, '2026-02-20', NULL, NULL, 1, 1, 1, '2026-02-20 08:22:21', '2026-02-20 08:22:25'),
(19, 131, 1, 110000.00, '2026-02-20', NULL, NULL, 1, 1, 1, '2026-02-20 08:23:37', '2026-02-20 08:23:48'),
(20, 111, 1, 220000.00, '2026-02-20', NULL, NULL, 1, 1, 1, '2026-02-20 08:24:35', '2026-02-20 08:24:40'),
(21, 114, 1, 135000.00, '2026-02-20', NULL, NULL, 1, 1, 1, '2026-02-20 08:25:12', '2026-02-20 08:25:16');

-- --------------------------------------------------------

--
-- Table structure for table `bike_purchases`
--

CREATE TABLE `bike_purchases` (
  `id` bigint(20) UNSIGNED NOT NULL,
  `investor_id` bigint(20) NOT NULL,
  `bike_id` bigint(20) NOT NULL,
  `account_id` bigint(20) NOT NULL,
  `seller_id` bigint(20) NOT NULL,
  `broker_id` bigint(20) DEFAULT NULL,
  `bike_sale_id` int(11) DEFAULT NULL COMMENT 'Need in repurchase',
  `purchase_price` decimal(20,2) NOT NULL DEFAULT 0.00,
  `servicing_cost` decimal(20,2) NOT NULL DEFAULT 0.00,
  `total_cost` decimal(20,2) NOT NULL DEFAULT 0.00,
  `purchase_date` date NOT NULL,
  `doc_nid` varchar(255) DEFAULT NULL,
  `doc_reg_card` varchar(255) DEFAULT NULL,
  `doc_image` varchar(255) DEFAULT NULL,
  `doc_deed` varchar(255) DEFAULT NULL,
  `doc_tax_token` varchar(255) DEFAULT NULL,
  `note` text DEFAULT NULL,
  `reference_number` varchar(255) DEFAULT NULL,
  `purchase_status` tinyint(4) NOT NULL DEFAULT 0 COMMENT '0=Pending, 1=Approved',
  `selling_status` tinyint(4) NOT NULL DEFAULT 0 COMMENT '0=Unsold, 1=Sold',
  `created_by_id` bigint(20) DEFAULT NULL,
  `updated_by_id` bigint(20) DEFAULT NULL,
  `created_at` timestamp NULL DEFAULT NULL,
  `updated_at` timestamp NULL DEFAULT NULL
) ENGINE=InnoDB DEFAULT CHARSET=utf8mb4 COLLATE=utf8mb4_unicode_ci;

--
-- Dumping data for table `bike_purchases`
--

INSERT INTO `bike_purchases` (`id`, `investor_id`, `bike_id`, `account_id`, `seller_id`, `broker_id`, `bike_sale_id`, `purchase_price`, `servicing_cost`, `total_cost`, `purchase_date`, `doc_nid`, `doc_reg_card`, `doc_image`, `doc_deed`, `doc_tax_token`, `note`, `reference_number`, `purchase_status`, `selling_status`, `created_by_id`, `updated_by_id`, `created_at`, `updated_at`) VALUES
(1, 2, 1, 1, 1, NULL, NULL, 65000.00, 7880.00, 72880.00, '2025-05-31', NULL, NULL, NULL, NULL, NULL, NULL, NULL, 1, 1, 1, 1, '2025-05-31 10:05:54', '2025-06-06 16:21:04'),
(2, 2, 2, 1, 2, NULL, NULL, 110000.00, 2770.00, 112770.00, '2025-05-31', NULL, NULL, NULL, NULL, NULL, NULL, NULL, 1, 1, 1, 1, '2025-05-31 10:09:42', '2025-06-06 16:20:59'),
(3, 2, 3, 1, 3, NULL, NULL, 300000.00, 15900.00, 315900.00, '2025-05-31', NULL, NULL, NULL, NULL, NULL, NULL, NULL, 1, 1, 1, 1, '2025-05-31 10:12:25', '2025-07-24 07:42:47'),
(4, 2, 4, 1, 4, NULL, NULL, 176000.00, 2350.00, 178350.00, '2025-05-31', NULL, NULL, NULL, NULL, NULL, NULL, NULL, 1, 1, 1, 1, '2025-05-31 10:17:41', '2025-10-04 07:55:55'),
(5, 2, 5, 1, 5, NULL, NULL, 187000.00, 7180.00, 194180.00, '2025-05-31', NULL, NULL, NULL, NULL, NULL, NULL, NULL, 1, 1, 1, 1, '2025-05-31 10:20:22', '2025-10-03 07:52:16'),
(6, 2, 6, 1, 6, NULL, NULL, 50000.00, 10240.00, 60240.00, '2025-05-31', NULL, NULL, NULL, NULL, NULL, NULL, NULL, 1, 1, 1, 1, '2025-05-31 10:26:48', '2025-07-24 07:42:44'),
(7, 2, 7, 1, 7, NULL, NULL, 281000.00, 8550.00, 289550.00, '2025-05-31', NULL, NULL, NULL, NULL, NULL, NULL, NULL, 1, 1, 1, 1, '2025-05-31 10:38:04', '2025-12-01 06:02:55'),
(8, 2, 8, 1, 8, NULL, NULL, 81000.00, 4700.00, 85700.00, '2025-05-31', NULL, NULL, NULL, NULL, NULL, NULL, NULL, 1, 1, 1, 1, '2025-05-31 10:41:17', '2025-07-24 07:42:54'),
(9, 2, 10, 1, 10, NULL, NULL, 62000.00, 5400.00, 67400.00, '2025-05-31', NULL, NULL, NULL, NULL, NULL, NULL, NULL, 1, 1, 1, 1, '2025-05-31 10:51:30', '2025-07-24 07:56:52'),
(10, 3, 11, 1, 11, NULL, NULL, 275000.00, 7450.00, 282450.00, '2025-05-31', NULL, NULL, NULL, NULL, NULL, NULL, NULL, 1, 1, 1, 1, '2025-05-31 16:02:35', '2025-08-20 07:05:19'),
(11, 3, 12, 1, 12, NULL, NULL, 175000.00, 14550.00, 189550.00, '2025-05-31', NULL, NULL, NULL, NULL, NULL, NULL, NULL, 1, 1, 1, 1, '2025-05-31 16:05:03', '2025-09-25 15:09:36'),
(12, 3, 13, 1, 13, NULL, NULL, 340000.00, 1720.00, 341720.00, '2025-05-31', NULL, NULL, NULL, NULL, NULL, NULL, NULL, 1, 1, 1, 1, '2025-05-31 16:11:10', '2025-06-05 12:09:03'),
(13, 4, 14, 1, 14, NULL, NULL, 205000.00, 6900.00, 211900.00, '2025-05-31', NULL, NULL, NULL, NULL, NULL, NULL, NULL, 1, 1, 1, 1, '2025-05-31 16:27:28', '2025-11-03 07:39:48'),
(14, 4, 15, 1, 15, NULL, NULL, 93000.00, 1600.00, 94600.00, '2025-05-31', NULL, NULL, NULL, NULL, NULL, NULL, NULL, 1, 1, 1, 1, '2025-05-31 16:29:26', '2025-12-01 06:02:49'),
(15, 4, 16, 1, 16, NULL, NULL, 200000.00, 2800.00, 202800.00, '2025-05-31', NULL, NULL, NULL, NULL, NULL, NULL, NULL, 1, 1, 1, 1, '2025-05-31 16:34:02', '2025-10-03 07:52:05'),
(16, 5, 17, 1, 17, NULL, NULL, 107000.00, 6600.00, 113600.00, '2025-05-31', NULL, NULL, NULL, NULL, NULL, NULL, NULL, 1, 1, 1, 1, '2025-05-31 16:51:23', '2025-07-26 07:43:05'),
(17, 5, 18, 1, 18, NULL, NULL, 146000.00, 7760.00, 153760.00, '2025-05-31', NULL, NULL, NULL, NULL, NULL, NULL, NULL, 1, 1, 1, 1, '2025-05-31 16:56:04', '2025-12-01 06:02:45'),
(18, 6, 19, 1, 19, NULL, NULL, 165000.00, 13450.00, 178450.00, '2025-05-31', NULL, NULL, NULL, NULL, NULL, NULL, NULL, 1, 1, 1, 1, '2025-05-31 16:58:41', '2025-12-01 06:02:42'),
(19, 7, 20, 1, 20, NULL, NULL, 104000.00, 1400.00, 105400.00, '2025-05-31', NULL, NULL, NULL, NULL, NULL, NULL, NULL, 1, 1, 1, 1, '2025-05-31 17:01:16', '2025-07-24 07:42:57'),
(20, 2, 21, 1, 21, NULL, NULL, 125000.00, 10950.00, 135950.00, '2025-05-31', NULL, NULL, NULL, NULL, NULL, NULL, NULL, 1, 1, 1, 1, '2025-05-31 17:05:38', '2025-07-24 07:42:49'),
(21, 1, 22, 1, 22, NULL, NULL, 101000.00, 3020.00, 104020.00, '2025-06-03', NULL, NULL, NULL, NULL, NULL, 'Previus Bike', NULL, 1, 1, 1, 1, '2025-06-03 08:49:00', '2025-06-03 08:58:02'),
(22, 1, 23, 1, 23, NULL, NULL, 152000.00, 1470.00, 153470.00, '2025-06-04', NULL, NULL, NULL, NULL, NULL, NULL, NULL, 1, 1, 1, 1, '2025-06-04 10:13:50', '2025-07-24 07:42:52'),
(23, 1, 24, 1, 24, NULL, NULL, 371000.00, 10380.00, 381380.00, '2025-06-04', NULL, NULL, NULL, NULL, NULL, 'NID, Money Receipt, Bank Draft', NULL, 1, 1, 1, 1, '2025-06-04 10:21:14', '2025-10-03 07:52:32'),
(24, 1, 25, 1, 25, NULL, NULL, 365000.00, 1560.00, 366560.00, '2025-06-04', NULL, NULL, NULL, NULL, NULL, 'Stamp, Photo', NULL, 1, 1, 1, 1, '2025-06-04 13:01:42', '2025-06-06 09:24:44'),
(25, 8, 26, 1, 26, NULL, NULL, 165000.00, 920.00, 165920.00, '2025-06-05', NULL, NULL, NULL, NULL, NULL, NULL, 'Parvez (Bongshal)', 1, 1, 1, 1, '2025-06-05 07:28:08', '2025-07-26 08:00:15'),
(26, 8, 27, 1, 27, NULL, NULL, 100.00, 2350.00, 2450.00, '2025-06-05', NULL, NULL, NULL, NULL, NULL, NULL, 'Saim (Mama) Konok', 1, 1, 1, 1, '2025-06-05 07:35:12', '2025-07-04 07:00:47'),
(27, 8, 28, 1, 28, NULL, NULL, 242000.00, 20580.00, 262580.00, '2025-06-05', NULL, NULL, NULL, NULL, NULL, NULL, 'SMA', 1, 0, 1, 1, '2025-06-05 07:40:16', '2025-11-12 12:26:15'),
(28, 1, 29, 1, 29, NULL, NULL, 115000.00, 2000.00, 117000.00, '2025-06-06', NULL, NULL, NULL, NULL, NULL, NULL, NULL, 1, 1, 1, 1, '2025-06-06 16:07:10', '2025-06-06 16:21:07'),
(29, 1, 30, 1, 30, NULL, NULL, 135000.00, 11920.00, 146920.00, '2025-06-28', NULL, NULL, NULL, NULL, NULL, 'Repurchase', 'S.V', 1, 1, 1, 1, '2025-06-28 08:49:23', '2025-10-03 07:52:21'),
(30, 1, 25, 1, 31, NULL, 3, 417500.00, 3850.00, 421350.00, '2025-06-28', NULL, NULL, NULL, NULL, NULL, 'Repurchase', NULL, 1, 1, 1, 1, '2025-06-28 12:20:55', '2025-07-04 07:00:41'),
(31, 1, 31, 1, 32, NULL, NULL, 130000.00, 2300.00, 132300.00, '2025-06-28', NULL, NULL, NULL, NULL, NULL, 'Full File Available', 'P.Bong', 1, 1, 1, 1, '2025-06-28 12:24:25', '2025-07-04 07:00:44'),
(32, 2, 32, 1, 33, NULL, NULL, 130000.00, 3950.00, 133950.00, '2025-06-28', NULL, NULL, NULL, NULL, NULL, 'Stamp,NID,DL', NULL, 1, 1, 1, 1, '2025-06-28 12:31:13', '2025-07-26 07:43:02'),
(33, 1, 33, 1, 34, NULL, NULL, 130000.00, 26350.00, 156350.00, '2025-07-01', NULL, NULL, NULL, NULL, NULL, 'Exchange (Gixxer 42-7319)', 'Riad Vai', 1, 1, 1, 1, '2025-07-01 10:59:11', '2025-07-26 07:43:10'),
(34, 1, 34, 1, 35, NULL, NULL, 160000.00, 2750.00, 162750.00, '2025-07-01', NULL, NULL, NULL, NULL, NULL, NULL, 'Parvez-Bongshal', 1, 1, 1, 1, '2025-07-01 11:03:19', '2025-10-03 07:52:19'),
(35, 1, 35, 1, 36, NULL, NULL, 400000.00, 5070.00, 405070.00, '2025-07-03', NULL, NULL, NULL, NULL, NULL, NULL, NULL, 1, 1, 1, 1, '2025-07-03 14:05:25', '2025-07-03 14:12:11'),
(36, 3, 36, 1, 37, NULL, NULL, 355000.00, 13600.00, 368600.00, '2025-07-22', NULL, NULL, NULL, NULL, NULL, NULL, NULL, 1, 0, 1, 1, '2025-07-22 08:22:24', '2026-01-28 07:32:28'),
(37, 1, 37, 1, 38, NULL, NULL, 250000.00, 2050.00, 252050.00, '2025-07-22', NULL, NULL, NULL, NULL, NULL, NULL, NULL, 1, 1, 1, 1, '2025-07-22 08:29:14', '2025-07-26 07:46:13'),
(38, 1, 38, 1, 39, NULL, NULL, 330000.00, 33050.00, 363050.00, '2025-07-22', NULL, NULL, NULL, NULL, NULL, NULL, NULL, 1, 1, 1, 1, '2025-07-22 08:44:28', '2025-07-29 08:12:48'),
(39, 2, 39, 1, 40, NULL, NULL, 60000.00, 17800.00, 77800.00, '2025-07-22', NULL, NULL, NULL, NULL, NULL, NULL, 'Re Purchase 02', 1, 1, 1, 1, '2025-07-22 09:09:02', '2025-10-03 07:51:56'),
(40, 2, 40, 1, 41, NULL, NULL, 385000.00, 17210.00, 402210.00, '2025-07-22', NULL, NULL, NULL, NULL, NULL, 'Full File Available', NULL, 1, 1, 1, 1, '2025-07-22 09:15:58', '2025-10-03 07:51:47'),
(41, 2, 41, 1, 42, NULL, NULL, 129000.00, 1550.00, 130550.00, '2025-07-22', NULL, NULL, NULL, NULL, NULL, 'NID, Stamp', NULL, 1, 1, 1, 1, '2025-07-22 09:23:44', '2025-07-30 06:54:06'),
(42, 9, 42, 1, 43, NULL, NULL, 182000.00, 7770.00, 189770.00, '2025-07-23', NULL, NULL, NULL, NULL, NULL, 'Full File Available', NULL, 1, 0, 1, 1, '2025-07-23 06:57:14', '2026-03-03 15:47:02'),
(43, 9, 43, 1, 44, NULL, NULL, 110000.00, 3950.00, 113950.00, '2025-07-23', NULL, NULL, NULL, NULL, NULL, 'NID in whats app', NULL, 1, 1, 1, 1, '2025-07-23 07:03:03', '2025-08-18 07:12:22'),
(44, 9, 44, 1, 45, NULL, NULL, 196000.00, 500.00, 196500.00, '2025-07-23', NULL, NULL, NULL, NULL, NULL, 'Money Receipt', NULL, 1, 1, 1, 1, '2025-07-23 07:11:11', '2025-07-30 06:54:09'),
(45, 3, 45, 1, 46, NULL, NULL, 128000.00, 3300.00, 131300.00, '2025-07-23', NULL, NULL, NULL, NULL, NULL, NULL, 'Re Purchase', 1, 1, 1, 1, '2025-07-23 07:16:55', '2025-07-24 07:56:45'),
(46, 1, 46, 1, 47, NULL, NULL, 150000.00, 1100.00, 151100.00, '2025-07-23', NULL, NULL, NULL, NULL, NULL, 'Showroom Purchase', NULL, 1, 1, 1, 1, '2025-07-23 07:36:14', '2025-07-26 07:43:13'),
(47, 9, 47, 1, 48, NULL, NULL, 210000.00, 1150.00, 211150.00, '2025-07-23', NULL, NULL, NULL, NULL, NULL, 'NID,Stamp', NULL, 1, 1, 1, 1, '2025-07-23 07:40:31', '2025-07-24 06:38:09'),
(48, 2, 48, 1, 49, NULL, NULL, 192500.00, 1600.00, 194100.00, '2025-07-23', NULL, NULL, NULL, NULL, NULL, 'Stamp, NID, Photo, Money Receipt', NULL, 1, 1, 1, 1, '2025-07-23 07:46:22', '2025-12-01 06:02:40'),
(49, 1, 49, 1, 50, NULL, NULL, 182000.00, 26640.00, 208640.00, '2025-07-23', NULL, NULL, NULL, NULL, NULL, NULL, 'Masum (Molom)', 1, 1, 1, 1, '2025-07-23 07:49:03', '2025-07-26 07:42:59'),
(50, 1, 13, 1, 51, NULL, 2, 240000.00, 17790.00, 257790.00, '2025-07-29', NULL, NULL, NULL, NULL, NULL, NULL, NULL, 1, 1, 1, 1, '2025-07-29 07:01:46', '2025-08-20 07:05:16'),
(51, 1, 50, 1, 52, NULL, NULL, 140000.00, 500.00, 140500.00, '2025-07-29', NULL, NULL, NULL, NULL, NULL, NULL, NULL, 1, 1, 1, 1, '2025-07-29 07:14:16', '2025-07-29 08:12:45'),
(52, 9, 51, 1, 53, NULL, NULL, 170000.00, 20000.00, 190000.00, '2025-08-09', NULL, NULL, NULL, NULL, NULL, NULL, 'Riad Vai-comb', 1, 1, 1, 1, '2025-08-09 15:08:02', '2026-02-22 13:20:26'),
(53, 9, 52, 1, 54, NULL, NULL, 315000.00, 43470.00, 358470.00, '2025-08-09', NULL, NULL, NULL, NULL, NULL, 'GD, Stamp', NULL, 1, 1, 1, 1, '2025-08-09 15:14:30', '2025-10-03 07:52:02'),
(54, 1, 53, 1, 55, NULL, NULL, 500000.00, 0.00, 500000.00, '2025-08-10', NULL, NULL, NULL, NULL, NULL, NULL, NULL, 1, 1, 1, 1, '2025-08-10 08:32:12', '2025-08-20 07:05:10'),
(55, 2, 54, 1, 56, NULL, NULL, 175500.00, 5830.00, 181330.00, '2025-08-10', NULL, NULL, NULL, NULL, NULL, NULL, NULL, 1, 1, 1, 1, '2025-08-10 08:41:43', '2025-10-03 07:52:24'),
(56, 9, 55, 1, 57, NULL, NULL, 320000.00, 0.00, 320000.00, '2025-08-14', NULL, NULL, NULL, NULL, NULL, 'Riad', NULL, 1, 1, 1, 1, '2025-08-14 08:28:09', '2025-10-03 07:51:44'),
(57, 1, 56, 1, 58, NULL, NULL, 390000.00, 0.00, 390000.00, '2025-08-19', NULL, NULL, NULL, NULL, NULL, NULL, NULL, 1, 1, 1, 1, '2025-08-19 08:26:55', '2025-08-20 07:05:22'),
(58, 2, 57, 1, 59, NULL, NULL, 285000.00, 17350.00, 302350.00, '2025-08-19', NULL, NULL, NULL, NULL, NULL, NULL, NULL, 1, 1, 1, 1, '2025-08-19 08:30:22', '2025-10-03 07:51:53'),
(59, 1, 58, 1, 60, NULL, NULL, 300000.00, 6250.00, 306250.00, '2025-08-19', NULL, NULL, NULL, NULL, NULL, NULL, NULL, 1, 1, 1, 1, '2025-08-19 08:34:56', '2025-10-03 07:52:13'),
(60, 2, 59, 1, 61, NULL, NULL, 365000.00, 20600.00, 385600.00, '2025-08-19', NULL, NULL, NULL, NULL, NULL, NULL, NULL, 1, 1, 1, 1, '2025-08-19 08:38:28', '2025-10-03 07:51:59'),
(61, 1, 60, 1, 62, NULL, NULL, 319000.00, 0.00, 319000.00, '2025-08-19', NULL, NULL, NULL, NULL, NULL, NULL, NULL, 1, 1, 1, 1, '2025-08-19 08:42:56', '2025-08-20 07:05:13'),
(62, 1, 13, 1, 63, NULL, 34, 345000.00, 14300.00, 359300.00, '2025-08-20', NULL, NULL, NULL, NULL, NULL, NULL, NULL, 1, 1, 1, 1, '2025-08-20 16:36:05', '2026-01-28 07:30:30'),
(63, 1, 61, 1, 64, NULL, NULL, 190000.00, 350.00, 190350.00, '2025-09-07', NULL, NULL, NULL, NULL, NULL, 'Money Receipt Only TK Motors', 'Parvez -2', 1, 1, 1, 1, '2025-09-07 08:02:26', '2025-10-03 16:37:36'),
(64, 1, 62, 1, 65, NULL, NULL, 110000.00, 0.00, 110000.00, '2025-09-07', NULL, NULL, NULL, NULL, NULL, NULL, NULL, 1, 1, 1, 1, '2025-09-07 08:06:37', '2025-10-03 07:52:27'),
(65, 1, 63, 1, 66, NULL, NULL, 100.00, 6980.00, 7080.00, '2025-09-17', NULL, NULL, NULL, NULL, NULL, NULL, 'Rifat V4-01', 1, 1, 1, 1, '2025-09-17 10:58:49', '2026-02-22 13:19:36'),
(66, 1, 64, 1, 67, NULL, NULL, 100.00, 0.00, 100.00, '2025-09-17', NULL, NULL, NULL, NULL, NULL, NULL, 'Asif Vai R15M-01', 1, 1, 1, 1, '2025-09-17 11:01:46', '2025-10-03 07:51:40'),
(67, 1, 65, 1, 68, NULL, NULL, 150000.00, 4300.00, 154300.00, '2025-09-17', NULL, NULL, NULL, NULL, NULL, 'Stamp,NID', NULL, 1, 1, 1, 1, '2025-09-17 11:08:52', '2026-02-22 13:18:33'),
(68, 1, 66, 1, 69, NULL, NULL, 105000.00, 18670.00, 123670.00, '2025-09-17', NULL, NULL, NULL, NULL, NULL, NULL, NULL, 1, 1, 1, 1, '2025-09-17 11:13:24', '2025-11-30 16:10:04'),
(69, 1, 67, 1, 70, NULL, NULL, 144000.00, 4350.00, 148350.00, '2025-09-17', NULL, NULL, NULL, NULL, NULL, 'User Manual, Money Recipt', NULL, 1, 1, 1, 1, '2025-09-17 11:36:31', '2025-10-27 14:42:34'),
(70, 1, 68, 1, 71, NULL, NULL, 152000.00, 0.00, 152000.00, '2025-09-17', NULL, NULL, NULL, NULL, NULL, 'Due-10,000/-', NULL, 1, 1, 1, 1, '2025-09-17 11:40:16', '2025-10-03 07:52:07'),
(71, 1, 69, 1, 72, NULL, NULL, 245000.00, 1000.00, 246000.00, '2025-09-26', NULL, NULL, NULL, NULL, NULL, NULL, NULL, 1, 1, 1, 1, '2025-09-26 11:03:35', '2025-11-03 07:37:02'),
(72, 1, 70, 1, 73, NULL, NULL, 185000.00, 3100.00, 188100.00, '2025-09-26', NULL, NULL, NULL, NULL, NULL, NULL, NULL, 1, 1, 1, 1, '2025-09-26 11:07:06', '2025-11-03 07:38:10'),
(73, 1, 71, 1, 74, NULL, NULL, 390000.00, 1500.00, 391500.00, '2025-10-01', NULL, NULL, NULL, NULL, NULL, NULL, NULL, 1, 1, 1, 1, '2025-10-01 12:14:40', '2025-10-08 09:36:50'),
(74, 1, 72, 1, 75, NULL, NULL, 169000.00, 3520.00, 172520.00, '2025-10-01', NULL, NULL, NULL, NULL, NULL, NULL, 'Shaon Vai-01', 1, 1, 1, 1, '2025-10-01 12:21:20', '2025-10-25 11:12:55'),
(75, 1, 73, 1, 76, NULL, NULL, 100.00, 0.00, 100.00, '2025-10-02', NULL, NULL, NULL, NULL, NULL, NULL, 'Asif Vai Fi Disc-01', 1, 1, 1, 1, '2025-10-01 12:29:46', '2025-10-06 15:17:57'),
(76, 2, 74, 1, 77, NULL, NULL, 138000.00, 2050.00, 140050.00, '2025-10-01', NULL, NULL, NULL, NULL, NULL, 'Sohel Vai (Aftabnogor)', NULL, 1, 1, 1, 1, '2025-10-01 12:37:14', '2025-11-23 16:15:41'),
(77, 1, 75, 1, 78, NULL, NULL, 100.00, 0.00, 100.00, '2025-10-01', NULL, NULL, NULL, NULL, NULL, NULL, 'Guest-01 Rajib', 1, 1, 1, 1, '2025-10-01 12:45:05', '2026-02-22 13:17:49'),
(78, 9, 76, 1, 79, NULL, NULL, 170000.00, 4050.00, 174050.00, '2025-10-01', NULL, NULL, NULL, NULL, NULL, 'Repurchase', NULL, 1, 1, 1, 1, '2025-10-01 12:55:20', '2025-10-23 07:19:46'),
(79, 1, 77, 1, 80, NULL, NULL, 100.00, 29330.00, 29430.00, '2025-10-01', NULL, NULL, NULL, NULL, NULL, NULL, 'Rifat V3-01', 1, 1, 1, 1, '2025-10-01 13:00:00', '2026-02-20 08:19:13'),
(80, 1, 78, 1, 81, NULL, NULL, 100.00, 800.00, 900.00, '2025-10-01', NULL, NULL, NULL, NULL, NULL, NULL, 'Rifat Fi Disc-01', 1, 1, 1, 1, '2025-10-01 13:09:29', '2025-11-23 16:16:44'),
(81, 1, 79, 1, 82, NULL, NULL, 73000.00, 5850.00, 78850.00, '2025-10-01', NULL, NULL, NULL, NULL, NULL, NULL, NULL, 1, 1, 1, 1, '2025-10-01 13:16:09', '2025-11-30 16:09:15'),
(82, 1, 80, 1, 83, NULL, NULL, 155000.00, 2735.00, 157735.00, '2025-10-02', NULL, NULL, NULL, NULL, NULL, NULL, NULL, 1, 1, 1, 1, '2025-10-02 09:14:56', '2025-10-25 11:12:50'),
(83, 2, 81, 1, 84, NULL, NULL, 148000.00, 1500.00, 149500.00, '2025-10-02', NULL, NULL, NULL, NULL, NULL, NULL, NULL, 1, 1, 1, 1, '2025-10-02 15:01:26', '2025-10-10 15:15:27'),
(84, 1, 82, 1, 85, NULL, NULL, 240000.00, 0.00, 240000.00, '2025-10-02', NULL, NULL, NULL, NULL, NULL, NULL, NULL, 1, 1, 1, 1, '2025-10-02 15:59:20', '2025-10-03 07:51:50'),
(85, 1, 83, 1, 86, NULL, NULL, 182000.00, 500.00, 182500.00, '2025-10-03', NULL, NULL, NULL, NULL, NULL, NULL, NULL, 1, 1, 1, 1, '2025-10-03 10:42:35', '2025-10-10 15:15:30'),
(86, 2, 84, 1, 87, NULL, NULL, 115000.00, 9350.00, 124350.00, '2025-10-05', NULL, NULL, NULL, NULL, NULL, NULL, NULL, 1, 1, 1, 1, '2025-10-05 14:21:34', '2025-10-25 11:13:46'),
(87, 1, 85, 1, 88, NULL, NULL, 400000.00, 9700.00, 409700.00, '2025-09-07', NULL, NULL, NULL, NULL, NULL, NULL, 'Parvez R15 V4-01', 1, 1, 1, 1, '2025-10-07 08:17:57', '2025-11-23 16:12:07'),
(88, 1, 86, 1, 89, NULL, NULL, 195000.00, 5100.00, 200100.00, '2025-10-11', NULL, NULL, NULL, NULL, NULL, NULL, NULL, 1, 1, 1, 1, '2025-10-11 08:48:26', '2025-11-23 16:28:14'),
(89, 1, 87, 1, 90, NULL, NULL, 410000.00, 0.00, 410000.00, '2025-10-11', NULL, NULL, NULL, NULL, NULL, NULL, NULL, 1, 1, 1, 1, '2025-10-11 14:16:50', '2025-10-25 11:11:52'),
(90, 9, 88, 1, 91, NULL, NULL, 250000.00, 1500.00, 251500.00, '2025-10-11', NULL, NULL, NULL, NULL, NULL, NULL, NULL, 1, 1, 1, 1, '2025-10-12 06:34:47', '2025-11-23 16:30:54'),
(91, 1, 89, 1, 92, NULL, NULL, 190000.00, 6550.00, 196550.00, '2025-10-10', NULL, NULL, NULL, NULL, NULL, NULL, NULL, 1, 1, 1, 1, '2025-10-12 06:55:12', '2025-10-25 11:13:54'),
(92, 1, 90, 1, 93, NULL, NULL, 220000.00, 300.00, 220300.00, '2025-10-12', NULL, NULL, NULL, NULL, NULL, NULL, NULL, 1, 1, 1, 1, '2025-10-12 07:31:01', '2025-10-25 11:13:09'),
(93, 1, 91, 1, 94, NULL, NULL, 312000.00, 9800.00, 321800.00, '2025-10-12', NULL, NULL, NULL, NULL, NULL, NULL, NULL, 1, 1, 1, 1, '2025-10-12 08:06:54', '2025-11-23 16:25:05'),
(94, 1, 92, 1, 95, NULL, NULL, 210000.00, 2370.00, 212370.00, '2025-10-12', NULL, NULL, NULL, NULL, NULL, NULL, NULL, 1, 1, 1, 1, '2025-10-12 13:21:08', '2025-11-03 07:39:21'),
(95, 1, 93, 1, 96, NULL, NULL, 415000.00, 0.00, 415000.00, '2025-10-14', NULL, NULL, NULL, NULL, NULL, NULL, NULL, 1, 1, 1, 1, '2025-10-14 08:12:37', '2025-10-25 11:12:24'),
(96, 1, 94, 1, 97, NULL, NULL, 200000.00, 2000.00, 202000.00, '2025-10-12', NULL, NULL, NULL, NULL, NULL, NULL, NULL, 1, 1, 1, 1, '2025-10-14 10:25:57', '2025-11-03 07:40:14'),
(97, 1, 95, 1, 98, NULL, NULL, 160000.00, 1000.00, 161000.00, '2025-10-15', NULL, NULL, NULL, NULL, NULL, NULL, NULL, 1, 1, 1, 1, '2025-10-16 10:31:41', '2025-11-23 16:12:32'),
(98, 1, 96, 1, 99, NULL, NULL, 295000.00, 6500.00, 301500.00, '2025-10-17', NULL, NULL, NULL, NULL, NULL, NULL, NULL, 1, 1, 1, 1, '2025-10-17 07:58:01', '2025-11-03 07:36:48'),
(99, 1, 97, 1, 100, NULL, NULL, 160000.00, 16380.00, 176380.00, '2025-10-10', NULL, NULL, NULL, NULL, NULL, NULL, NULL, 1, 1, 1, 1, '2025-10-20 10:39:04', '2026-02-22 13:16:55'),
(100, 1, 98, 1, 101, NULL, NULL, 162000.00, 1840.00, 163840.00, '2025-10-18', NULL, NULL, NULL, NULL, NULL, NULL, NULL, 1, 0, 1, 1, '2025-10-20 10:56:43', '2026-02-03 14:41:58'),
(101, 1, 99, 1, 102, NULL, NULL, 150000.00, 400.00, 150400.00, '2025-10-17', NULL, NULL, NULL, NULL, NULL, NULL, NULL, 1, 1, 1, 1, '2025-10-20 11:08:40', '2025-10-25 11:14:16'),
(102, 1, 100, 1, 103, NULL, NULL, 136000.00, 0.00, 136000.00, '2025-10-21', NULL, NULL, NULL, NULL, NULL, 'Shofiq Vai Mirpur BRTA M: 01799466788 / 01964270292, With Hazira', NULL, 1, 1, 1, 1, '2025-10-21 07:50:08', '2025-11-23 16:30:09'),
(103, 9, 101, 1, 104, NULL, NULL, 185000.00, 10700.00, 195700.00, '2025-10-12', NULL, NULL, NULL, NULL, NULL, NULL, NULL, 1, 1, 1, 1, '2025-10-21 08:39:20', '2026-01-28 07:30:23'),
(104, 1, 102, 1, 105, NULL, NULL, 100.00, 4650.00, 4750.00, '2025-10-17', NULL, NULL, NULL, NULL, NULL, NULL, NULL, 1, 1, 1, 1, '2025-10-21 10:20:59', '2025-11-23 16:31:02'),
(105, 9, 103, 1, 106, NULL, NULL, 142000.00, 1900.00, 143900.00, '2025-10-19', NULL, NULL, NULL, NULL, NULL, NULL, NULL, 1, 1, 1, 1, '2025-10-22 08:57:21', '2025-11-03 07:41:02'),
(106, 1, 104, 1, 107, NULL, NULL, 150000.00, 10800.00, 160800.00, '2025-10-22', NULL, NULL, NULL, NULL, NULL, NULL, NULL, 1, 1, 1, 1, '2025-10-22 15:47:56', '2025-11-03 07:38:01'),
(107, 1, 105, 1, 108, NULL, NULL, 183000.00, 0.00, 183000.00, '2025-10-20', NULL, NULL, NULL, NULL, NULL, NULL, NULL, 1, 1, 1, 1, '2025-10-25 06:02:37', '2025-11-03 07:37:20'),
(108, 1, 106, 1, 109, NULL, NULL, 100.00, 0.00, 100.00, '2025-10-25', NULL, NULL, NULL, NULL, NULL, 'Yunus Vai Motoshed', NULL, 1, 1, 1, 1, '2025-10-25 06:18:51', '2026-02-22 13:16:01'),
(109, 1, 39, 1, 110, NULL, 44, 70000.00, 0.00, 70000.00, '2025-10-23', NULL, NULL, NULL, NULL, NULL, NULL, NULL, 1, 1, 1, 1, '2025-10-25 06:31:37', '2025-11-23 16:30:37'),
(110, 1, 107, 1, 111, NULL, NULL, 115000.00, 0.00, 115000.00, '2025-10-29', NULL, NULL, NULL, NULL, NULL, NULL, NULL, 1, 1, 1, 1, '2025-10-29 08:41:02', '2025-11-03 07:37:44'),
(111, 1, 73, 1, 112, NULL, 59, 190000.00, 0.00, 190000.00, '2025-10-28', NULL, NULL, NULL, NULL, NULL, NULL, NULL, 1, 1, 1, 1, '2025-10-29 10:36:09', '2025-11-23 16:29:53'),
(112, 1, 108, 1, 113, NULL, NULL, 250000.00, 0.00, 250000.00, '2025-10-29', NULL, NULL, NULL, NULL, NULL, NULL, NULL, 1, 1, 1, 1, '2025-10-29 11:29:57', '2025-12-01 06:02:36'),
(113, 1, 70, 1, 114, NULL, 73, 190000.00, 400.00, 190400.00, '2025-10-24', NULL, NULL, NULL, NULL, NULL, NULL, NULL, 1, 1, 1, 1, '2025-10-29 12:42:31', '2026-02-20 08:19:05'),
(114, 1, 109, 1, 115, NULL, NULL, 100.00, 6380.00, 6480.00, '2025-10-24', NULL, NULL, NULL, NULL, NULL, NULL, NULL, 1, 1, 1, 1, '2025-10-29 12:52:21', '2026-01-28 07:23:59'),
(115, 1, 67, 1, 116, NULL, 72, 147000.00, 1000.00, 148000.00, '2025-10-27', NULL, NULL, NULL, NULL, NULL, NULL, NULL, 1, 1, 1, 1, '2025-10-29 12:58:54', '2025-11-03 07:37:09'),
(116, 1, 110, 1, 117, NULL, NULL, 125000.00, 16510.00, 141510.00, '2025-10-23', NULL, NULL, NULL, NULL, NULL, NULL, NULL, 1, 1, 1, 1, '2025-10-29 13:07:31', '2026-01-28 07:26:33'),
(117, 1, 111, 1, 118, NULL, NULL, 100.00, 0.00, 100.00, '2025-10-30', NULL, NULL, NULL, NULL, NULL, NULL, NULL, 1, 1, 1, 1, '2025-10-30 14:33:50', '2026-02-22 13:15:09'),
(118, 1, 112, 1, 119, NULL, NULL, 100.00, 6600.00, 6700.00, '2025-10-30', NULL, NULL, NULL, NULL, NULL, NULL, NULL, 1, 1, 1, 1, '2025-10-30 14:51:09', '2025-11-23 16:25:36'),
(119, 1, 82, 1, 120, NULL, 52, 220000.00, 0.00, 220000.00, '2025-10-31', NULL, NULL, NULL, NULL, NULL, NULL, NULL, 1, 1, 1, 1, '2025-11-01 10:00:52', '2025-11-23 16:31:33'),
(120, 1, 89, 1, 121, NULL, 68, 180000.00, 2600.00, 182600.00, '2025-11-03', NULL, NULL, NULL, NULL, NULL, NULL, NULL, 1, 1, 1, 1, '2025-11-03 14:28:53', '2026-01-28 07:26:52'),
(121, 1, 113, 1, 122, NULL, NULL, 256000.00, 0.00, 256000.00, '2025-11-04', NULL, NULL, NULL, NULL, NULL, NULL, NULL, 1, 1, 1, 1, '2025-11-04 09:45:51', '2025-11-04 16:57:50'),
(122, 1, 114, 1, 123, 125, NULL, 100.00, 0.00, 100.00, '2025-11-04', NULL, NULL, NULL, NULL, NULL, NULL, NULL, 1, 1, 1, 1, '2025-11-04 10:34:12', '2026-01-28 07:25:09'),
(123, 1, 115, 1, 124, 125, NULL, 100.00, 0.00, 100.00, '2025-10-15', NULL, NULL, NULL, NULL, NULL, NULL, NULL, 1, 1, 1, 1, '2025-11-05 11:04:35', '2025-11-23 16:25:46'),
(124, 1, 116, 1, 126, 127, NULL, 100.00, 0.00, 100.00, '2025-11-04', NULL, NULL, NULL, NULL, NULL, NULL, NULL, 1, 1, 1, 1, '2025-11-05 14:48:31', '2026-02-22 13:14:20'),
(125, 1, 117, 1, 128, NULL, NULL, 210000.00, 12520.00, 222520.00, '2025-11-06', NULL, NULL, NULL, NULL, NULL, 'Return Bike of Shanto Vai Motomart', NULL, 1, 1, 1, 1, '2025-11-06 12:33:11', '2025-11-23 16:20:19'),
(126, 1, 16, 1, 129, NULL, 39, 185000.00, 0.00, 185000.00, '2025-11-05', NULL, NULL, NULL, NULL, NULL, NULL, NULL, 1, 1, 1, 1, '2025-11-06 13:30:09', '2026-02-22 13:13:38'),
(127, 1, 118, 1, 130, 131, NULL, 100.00, 0.00, 100.00, '2025-10-10', NULL, NULL, NULL, NULL, NULL, 'Jiku Motka', NULL, 1, 1, 1, 1, '2025-11-07 07:52:48', '2025-11-23 16:30:27'),
(128, 1, 119, 1, 132, 133, NULL, 100.00, 1430.00, 1530.00, '2025-10-10', NULL, NULL, NULL, NULL, NULL, 'Jiku Motka', NULL, 1, 1, 1, 1, '2025-11-07 08:09:01', '2026-02-22 13:12:38'),
(129, 1, 120, 1, 134, NULL, NULL, 225000.00, 400.00, 225400.00, '2025-11-07', NULL, NULL, NULL, NULL, NULL, 'Purchase by Robin', NULL, 1, 1, 1, 1, '2025-11-09 08:41:53', '2026-02-22 13:11:42'),
(130, 1, 121, 1, 135, 136, NULL, 175000.00, 8900.00, 183900.00, '2025-11-09', NULL, NULL, NULL, NULL, NULL, NULL, NULL, 1, 1, 1, 1, '2025-11-09 15:19:27', '2026-02-22 13:10:45'),
(131, 1, 69, 1, 137, NULL, 85, 240000.00, 0.00, 240000.00, '2025-11-09', NULL, NULL, NULL, NULL, NULL, 'Repurchase', NULL, 1, 1, 1, 1, '2025-11-11 08:42:00', '2026-02-22 13:09:44'),
(132, 1, 122, 1, 138, NULL, NULL, 130000.00, 7415.00, 137415.00, '2025-11-12', NULL, NULL, NULL, NULL, NULL, 'Repurchase (Old file)', NULL, 1, 0, 1, 1, '2025-11-12 14:06:09', '2026-03-03 15:47:06'),
(133, 1, 123, 1, 139, NULL, NULL, 335000.00, 500.00, 335500.00, '2025-11-13', NULL, NULL, NULL, NULL, NULL, NULL, NULL, 1, 1, 1, 1, '2025-11-14 11:17:35', '2026-01-28 07:30:09'),
(134, 1, 124, 1, 140, 141, NULL, 100.00, 0.00, 100.00, '2025-11-15', NULL, NULL, NULL, NULL, NULL, NULL, NULL, 1, 1, 1, 1, '2025-11-18 10:34:30', '2025-11-25 16:50:24'),
(135, 1, 125, 1, 142, NULL, NULL, 180000.00, 0.00, 180000.00, '2025-11-17', NULL, NULL, NULL, NULL, NULL, NULL, NULL, 1, 1, 1, 1, '2025-11-18 14:28:04', '2026-01-28 07:26:44'),
(136, 1, 126, 1, 143, NULL, NULL, 280000.00, 0.00, 280000.00, '2025-11-18', NULL, NULL, NULL, NULL, NULL, NULL, NULL, 1, 1, 1, 1, '2025-11-18 17:07:44', '2025-11-23 16:20:34'),
(137, 1, 127, 1, 144, NULL, NULL, 100.00, 0.00, 100.00, '2025-11-20', NULL, NULL, NULL, NULL, NULL, 'Sohel Vai Bike House BD', NULL, 1, 1, 1, 1, '2025-11-21 09:53:39', '2026-02-22 13:08:49'),
(138, 1, 128, 1, 145, 125, NULL, 100.00, 0.00, 100.00, '2025-11-19', NULL, NULL, NULL, NULL, NULL, 'Sohel Vai Bike House BD', NULL, 1, 1, 1, 1, '2025-11-21 09:59:07', '2026-01-28 07:27:16'),
(139, 1, 129, 1, 146, 147, NULL, 100.00, 0.00, 100.00, '2025-11-19', NULL, NULL, NULL, NULL, NULL, 'Sohel Vai Bike House BD', NULL, 1, 1, 1, 1, '2025-11-21 10:04:50', '2026-02-22 13:07:36'),
(140, 1, 130, 1, 148, 125, NULL, 100.00, 0.00, 100.00, '2025-11-19', NULL, NULL, NULL, NULL, NULL, 'Sohel Vai Bike House BD', NULL, 1, 1, 1, 1, '2025-11-21 10:15:31', '2026-02-22 13:07:40'),
(141, 1, 131, 1, 149, 125, NULL, 100.00, 0.00, 100.00, '2025-11-19', NULL, NULL, NULL, NULL, NULL, 'Sohel Vai Bike House BD', NULL, 1, 1, 1, 1, '2025-11-21 10:24:23', '2026-02-22 13:05:34'),
(142, 1, 132, 1, 150, 151, NULL, 2450000.00, 4700.00, 2454700.00, '2025-11-21', NULL, NULL, NULL, NULL, NULL, NULL, NULL, 1, 0, 1, 1, '2025-11-21 13:27:22', '2026-02-03 14:42:07'),
(143, 1, 133, 1, 152, 136, NULL, 157000.00, 5500.00, 162500.00, '2025-11-21', NULL, NULL, NULL, NULL, NULL, 'Ujjal Gajipur', NULL, 1, 1, 1, 1, '2025-11-21 13:35:15', '2025-11-30 16:10:16'),
(144, 1, 134, 1, 153, 154, NULL, 100.00, 540.00, 640.00, '2025-11-27', NULL, NULL, NULL, NULL, NULL, 'Asif Vai M.pur', NULL, 1, 1, 1, 1, '2025-11-27 10:25:25', '2026-02-20 08:19:09'),
(145, 1, 135, 1, 155, NULL, NULL, 100.00, 100.00, 200.00, '2025-11-26', NULL, NULL, NULL, NULL, NULL, 'Sanim', NULL, 1, 1, 1, 1, '2025-11-27 10:39:20', '2026-01-28 07:27:46'),
(146, 1, 87, 1, 156, NULL, 69, 100.00, 720.00, 820.00, '2025-11-25', NULL, NULL, NULL, NULL, NULL, 'Repurchase', NULL, 1, 0, 1, 1, '2025-11-27 10:45:36', '2026-02-03 14:41:51'),
(147, 1, 136, 1, 157, 125, NULL, 100.00, 0.00, 100.00, '2025-11-29', NULL, NULL, NULL, NULL, NULL, 'Sohel Vai Bike House BD', NULL, 1, 1, 1, 1, '2025-11-29 08:56:36', '2026-01-28 07:26:04'),
(148, 1, 137, 1, 158, NULL, NULL, 100.00, 11230.00, 11330.00, '2025-11-30', NULL, NULL, NULL, NULL, NULL, 'Sakibul Hoque Shaon', NULL, 1, 1, 1, 1, '2025-11-30 10:13:52', '2025-12-07 15:53:58'),
(149, 1, 138, 1, 159, NULL, NULL, 160000.00, 0.00, 160000.00, '2025-12-06', NULL, NULL, NULL, NULL, NULL, 'Due 5,000 Taka', NULL, 1, 1, 1, 1, '2025-12-06 11:34:22', '2026-02-22 13:05:28'),
(150, 1, 31, 1, 160, NULL, 9, 85000.00, 0.00, 85000.00, '2025-12-26', NULL, 'doc-79846d2a-32fc-4d43-9787-ef8e44469ba7.pdf', NULL, NULL, NULL, NULL, NULL, 1, 1, 1, 1, '2026-01-07 13:02:36', '2026-01-28 07:23:48'),
(151, 1, 139, 1, 161, NULL, NULL, 240000.00, 22070.00, 262070.00, '2026-01-08', 'doc-8c0a7a40-6e59-41e9-8cfe-502ffbaecc06.pdf', NULL, NULL, NULL, NULL, 'Exchange with R15 M La-45-1372', NULL, 1, 1, 1, 1, '2026-01-08 10:00:43', '2026-02-05 10:37:17'),
(152, 1, 96, 1, 162, NULL, 84, 315000.00, 2020.00, 317020.00, '2026-01-11', NULL, NULL, NULL, NULL, NULL, 'Exchanged with Gixxer FI ABS 40-4221', NULL, 1, 1, 1, 1, '2026-01-11 13:14:37', '2026-01-28 07:32:36'),
(153, 1, 8, 1, 163, NULL, 16, 66000.00, 8320.00, 74320.00, '2026-01-11', NULL, NULL, NULL, NULL, NULL, '#Re_Purchase', NULL, 1, 1, 1, 1, '2026-01-11 13:20:01', '2026-02-05 10:36:06'),
(154, 1, 109, 1, 164, NULL, 123, 100.00, 16400.00, 16500.00, '2026-01-13', NULL, NULL, NULL, NULL, NULL, 'Repurchase', NULL, 1, 1, 1, 1, '2026-01-13 06:09:07', '2026-02-22 13:05:37'),
(157, 1, 142, 1, 166, 167, NULL, 335000.00, 56470.00, 391470.00, '2026-01-16', NULL, NULL, NULL, NULL, NULL, 'Purchase by Rifat Khilkhet from Khulna', NULL, 1, 1, 1, 1, '2026-01-17 08:05:48', '2026-02-20 08:19:12'),
(158, 1, 143, 1, 168, NULL, NULL, 100.00, 0.00, 100.00, '2026-01-18', NULL, NULL, NULL, NULL, NULL, 'Bulldozer Sifat', NULL, 1, 1, 1, 1, '2026-01-18 10:32:25', '2026-01-28 07:22:19'),
(159, 1, 144, 1, 169, NULL, NULL, 168000.00, 1700.00, 169700.00, '2026-01-22', 'doc-6183e735-366a-45a4-b329-61a838567c7f.jpeg', NULL, NULL, NULL, NULL, NULL, NULL, 1, 1, 1, 1, '2026-01-22 14:36:56', '2026-03-03 15:51:07'),
(160, 1, 145, 1, 170, NULL, NULL, 147000.00, 0.00, 147000.00, '2026-01-21', NULL, NULL, NULL, NULL, NULL, 'Purchase by Rifat Khilkhet.', NULL, 1, 1, 1, 1, '2026-01-23 10:57:56', '2026-01-28 07:21:53'),
(161, 1, 70, 1, 171, NULL, 132, 162000.00, 0.00, 162000.00, '2026-01-24', NULL, NULL, NULL, NULL, NULL, 'Repurchase', NULL, 1, 1, 1, 1, '2026-01-28 07:54:22', '2026-02-22 13:05:42'),
(162, 1, 146, 1, 172, NULL, NULL, 163000.00, 740.00, 163740.00, '2026-01-27', NULL, NULL, NULL, NULL, NULL, 'Purchase by Rifat Khilkhet.', NULL, 1, 1, 1, 1, '2026-01-28 08:14:18', '2026-02-05 10:36:27'),
(163, 1, 147, 1, 173, NULL, NULL, 100.00, 300.00, 400.00, '2026-01-29', NULL, NULL, NULL, NULL, NULL, 'Asif Vai M.pur', NULL, 1, 0, 1, 1, '2026-01-30 09:27:44', '2026-03-03 15:46:58'),
(164, 1, 148, 1, 174, NULL, NULL, 300000.00, 30700.00, 330700.00, '2026-02-01', NULL, NULL, NULL, NULL, NULL, 'Purchase by Rifat Khilkhet from Pabna', NULL, 1, 1, 1, 1, '2026-02-02 08:32:07', '2026-02-20 08:19:07'),
(165, 1, 149, 1, 175, NULL, NULL, 207000.00, 8030.00, 215030.00, '2026-02-04', NULL, NULL, NULL, NULL, NULL, 'Due 5,000 Taka, will be paid after Name Transfer', NULL, 1, 1, 1, 1, '2026-02-04 15:29:59', '2026-03-03 15:52:33'),
(166, 1, 150, 1, 176, NULL, NULL, 275000.00, 2050.00, 277050.00, '2026-02-04', NULL, NULL, NULL, NULL, NULL, 'From Ujjol Gazipur', NULL, 1, 1, 1, 1, '2026-02-05 15:24:53', '2026-02-20 08:19:02'),
(167, 1, 151, 1, 177, NULL, NULL, 100.00, 1000.00, 1100.00, '2026-02-05', NULL, NULL, NULL, NULL, NULL, 'From Ujjol Gazipur', NULL, 1, 0, 1, 1, '2026-02-05 15:47:34', '2026-03-03 15:47:07'),
(168, 1, 152, 1, 178, NULL, NULL, 143000.00, 4000.00, 147000.00, '2026-02-05', NULL, NULL, NULL, NULL, NULL, 'From Ujjol Gazipur', NULL, 1, 1, 1, 1, '2026-02-05 16:02:49', '2026-02-20 08:18:59'),
(169, 1, 153, 1, 179, NULL, NULL, 100.00, 1500.00, 1600.00, '2026-02-05', NULL, NULL, NULL, NULL, NULL, 'From Ujjol Gazipur', NULL, 1, 0, 1, 1, '2026-02-05 16:18:13', '2026-03-03 15:46:51'),
(170, 1, 154, 1, 180, NULL, NULL, 100.00, 300.00, 400.00, '2026-02-06', NULL, NULL, NULL, NULL, NULL, 'From Rifat Khilkhet', NULL, 1, 1, 1, 1, '2026-02-07 10:01:28', '2026-03-03 15:52:04'),
(171, 1, 128, 1, 181, NULL, 119, 100.00, 5500.00, 5600.00, '2026-02-07', NULL, NULL, NULL, NULL, NULL, 'Repurchase', NULL, 1, 0, 1, 1, '2026-02-07 12:22:13', '2026-03-03 15:46:56'),
(172, 1, 155, 1, 182, NULL, NULL, 197000.00, 4200.00, 201200.00, '2026-02-08', NULL, NULL, NULL, NULL, NULL, 'From Rifat Khilkhet', NULL, 1, 1, 1, 1, '2026-02-08 13:32:04', '2026-03-03 15:52:45'),
(173, 1, 156, 1, 183, NULL, NULL, 200000.00, 2500.00, 202500.00, '2026-02-14', NULL, NULL, NULL, NULL, NULL, 'From Rifat Khilkhet', NULL, 1, 0, 1, 1, '2026-02-16 06:33:26', '2026-02-28 07:03:22'),
(174, 1, 157, 1, 184, NULL, NULL, 100.00, 1300.00, 1400.00, '2026-02-15', NULL, NULL, NULL, NULL, NULL, 'Purchase by Rifat Khilkhet', NULL, 1, 1, 1, 1, '2026-02-16 07:04:23', '2026-02-20 08:18:56'),
(175, 1, 158, 1, 185, NULL, NULL, 375000.00, 16410.00, 391410.00, '2026-02-15', NULL, NULL, NULL, NULL, NULL, 'From Gazipur, name transfer would be without owner.', NULL, 1, 0, 1, 1, '2026-02-16 11:17:53', '2026-03-03 15:47:00'),
(176, 1, 159, 1, 186, NULL, NULL, 132000.00, 27280.00, 159280.00, '2026-02-16', NULL, NULL, NULL, NULL, NULL, NULL, NULL, 1, 0, 1, 1, '2026-02-18 10:25:50', '2026-03-03 15:47:46'),
(177, 1, 160, 1, 187, NULL, NULL, 180000.00, 500.00, 180500.00, '2026-02-17', NULL, NULL, NULL, NULL, NULL, 'Purchase by Rifat Khilkhet.', NULL, 1, 1, 1, 1, '2026-02-18 10:45:08', '2026-03-03 15:52:22'),
(178, 1, 161, 1, 188, NULL, NULL, 212000.00, 950.00, 212950.00, '2026-02-19', NULL, NULL, NULL, NULL, NULL, 'Buy By Spanner Technisian Hasan', NULL, 1, 1, 1, 1, '2026-02-20 13:33:22', '2026-02-25 12:59:51'),
(179, 1, 162, 1, 189, NULL, NULL, 100.00, 0.00, 100.00, '2026-02-19', NULL, NULL, NULL, NULL, NULL, 'Brand New Bike Of Shamim.', NULL, 1, 0, 1, 1, '2026-02-20 13:47:21', '2026-02-21 08:08:34'),
(180, 1, 163, 1, 190, NULL, NULL, 100.00, 33870.00, 33970.00, '2026-02-20', NULL, NULL, NULL, NULL, NULL, 'Purchase by Rifat Khilkhet', NULL, 1, 0, 1, 1, '2026-02-21 07:21:17', '2026-03-03 15:47:25'),
(181, 1, 164, 1, 191, 196, NULL, 210000.00, 5020.00, 215020.00, '2026-02-21', NULL, NULL, NULL, NULL, NULL, 'Bought from Jatrabari (Konapara) by Sohel vai & Sourav', NULL, 1, 0, 1, 1, '2026-02-22 05:42:25', '2026-03-03 15:47:41'),
(182, 1, 165, 1, 192, NULL, NULL, 305000.00, 1110.00, 306110.00, '2026-02-21', NULL, NULL, NULL, NULL, NULL, 'By Sanim Khadem Garden', NULL, 1, 0, 1, 1, '2026-02-22 08:48:58', '2026-03-03 15:47:24'),
(183, 1, 166, 1, 193, 196, NULL, 105000.00, 13360.00, 118360.00, '2026-02-22', NULL, NULL, NULL, NULL, NULL, 'Bought from Jatrabari (Konapara) by Sohel vai & Sourav', NULL, 1, 0, 1, 1, '2026-02-23 06:37:26', '2026-03-03 15:47:36'),
(184, 1, 167, 1, 194, 195, NULL, 217000.00, 4060.00, 221060.00, '2026-02-23', NULL, NULL, NULL, NULL, NULL, NULL, NULL, 1, 0, 1, 1, '2026-02-23 14:56:34', '2026-03-03 15:47:20'),
(185, 1, 168, 1, 197, NULL, NULL, 165000.00, 1500.00, 166500.00, '2026-02-20', NULL, NULL, NULL, NULL, NULL, 'From Jahangir Motors', NULL, 1, 0, 1, 1, '2026-02-26 08:14:32', '2026-02-28 07:03:08'),
(186, 1, 169, 1, 198, NULL, NULL, 188000.00, 2420.00, 190420.00, '2026-02-25', NULL, NULL, NULL, NULL, NULL, 'Purchase by Sohel vai & Sourav', NULL, 1, 0, 1, 1, '2026-02-26 10:26:14', '2026-03-03 15:47:17'),
(187, 1, 170, 1, 199, NULL, NULL, 240000.00, 2300.00, 242300.00, '2026-02-25', NULL, NULL, NULL, NULL, NULL, 'Purchase by Sohel vai & Sourav', NULL, 1, 0, 1, 1, '2026-02-26 10:38:28', '2026-03-03 15:47:34'),
(188, 1, 171, 1, 200, NULL, NULL, 190000.00, 1300.00, 191300.00, '2026-02-26', NULL, NULL, NULL, NULL, NULL, NULL, NULL, 1, 0, 1, 1, '2026-02-26 11:07:54', '2026-03-03 15:47:37'),
(189, 1, 172, 1, 201, NULL, NULL, 100.00, 3610.00, 3710.00, '2026-02-27', NULL, NULL, NULL, NULL, NULL, 'Purchase by Rifat Khilkhet.', NULL, 1, 0, 1, 1, '2026-02-28 08:15:13', '2026-03-03 15:47:29'),
(190, 1, 173, 1, 202, NULL, NULL, 278000.00, 9200.00, 287200.00, '2026-02-28', NULL, NULL, NULL, NULL, NULL, 'Purchase from Sanarpar, carried by Siam & Sakib', NULL, 1, 0, 1, 1, '2026-02-28 11:08:30', '2026-03-03 15:47:32'),
(191, 1, 174, 1, 203, NULL, NULL, 100000.00, 1550.00, 101550.00, '2026-02-28', NULL, NULL, NULL, NULL, NULL, 'Purchase from Sanarpar, carried by Siam & Sakib', NULL, 1, 1, 1, 1, '2026-02-28 11:26:56', '2026-03-03 15:51:42'),
(192, 1, 175, 1, 205, NULL, NULL, 207000.00, 0.00, 207000.00, '2026-03-02', NULL, NULL, NULL, NULL, NULL, 'Purchase by Sohel vai & Sourav from Molla College', NULL, 1, 0, 1, 1, '2026-03-02 10:42:02', '2026-03-04 05:53:09'),
(193, 1, 176, 1, 206, NULL, NULL, 100.00, 0.00, 100.00, '2026-03-03', NULL, NULL, NULL, NULL, NULL, 'From Rifat Khilkhet', NULL, 1, 0, 1, 1, '2026-03-04 05:56:40', '2026-03-05 07:17:29'),
(194, 1, 177, 1, 207, NULL, NULL, 212000.00, 0.00, 212000.00, '2026-03-04', NULL, NULL, NULL, NULL, NULL, 'Purchase by Sakib from Molla Collage', NULL, 1, 0, 1, 1, '2026-03-04 08:54:06', '2026-03-05 07:17:05'),
(195, 1, 178, 1, 208, NULL, NULL, 337000.00, 0.00, 337000.00, '2026-03-06', NULL, NULL, NULL, NULL, NULL, 'Purchase by Rifat Khilkhet.', NULL, 0, 0, 1, NULL, '2026-03-07 09:08:41', '2026-03-07 09:08:41');

-- --------------------------------------------------------

--
-- Table structure for table `bike_sales`
--

CREATE TABLE `bike_sales` (
  `id` bigint(20) UNSIGNED NOT NULL,
  `bike_purchase_id` bigint(20) NOT NULL,
  `account_id` bigint(20) NOT NULL,
  `buyer_id` bigint(20) NOT NULL,
  `sale_price` decimal(20,2) NOT NULL DEFAULT 0.00,
  `sale_date` date NOT NULL,
  `doc_nid` varchar(255) DEFAULT NULL,
  `doc_reg_card` varchar(255) DEFAULT NULL,
  `doc_image` varchar(255) DEFAULT NULL,
  `doc_deed` varchar(255) DEFAULT NULL,
  `doc_tax_token` varchar(255) DEFAULT NULL,
  `note` text DEFAULT NULL,
  `reference_number` varchar(255) DEFAULT NULL,
  `name_transfer_date` date DEFAULT NULL,
  `is_name_transfered` tinyint(4) NOT NULL DEFAULT 0 COMMENT '0=Pending, 1=Transfered',
  `is_repurchased` tinyint(4) NOT NULL DEFAULT 0,
  `status` tinyint(4) NOT NULL DEFAULT 0 COMMENT '0=Pending, 1=Approved',
  `created_by_id` bigint(20) DEFAULT NULL,
  `updated_by_id` bigint(20) DEFAULT NULL,
  `created_at` timestamp NULL DEFAULT NULL,
  `updated_at` timestamp NULL DEFAULT NULL
) ENGINE=InnoDB DEFAULT CHARSET=utf8mb4 COLLATE=utf8mb4_unicode_ci;

--
-- Dumping data for table `bike_sales`
--

INSERT INTO `bike_sales` (`id`, `bike_purchase_id`, `account_id`, `buyer_id`, `sale_price`, `sale_date`, `doc_nid`, `doc_reg_card`, `doc_image`, `doc_deed`, `doc_tax_token`, `note`, `reference_number`, `name_transfer_date`, `is_name_transfered`, `is_repurchased`, `status`, `created_by_id`, `updated_by_id`, `created_at`, `updated_at`) VALUES
(1, 21, 1, 1, 130000.00, '2025-06-03', 'doc-7c43194a-6d87-4574-a352-4dc7370e7625.jpg', NULL, NULL, NULL, NULL, NULL, NULL, NULL, 0, 0, 1, 1, 1, '2025-06-03 08:57:30', '2025-06-03 08:58:02'),
(2, 12, 1, 2, 365000.00, '2025-06-05', NULL, NULL, NULL, NULL, NULL, NULL, NULL, NULL, 0, 1, 1, 1, 1, '2025-06-05 12:08:51', '2025-07-29 07:19:09'),
(3, 24, 1, 3, 437500.00, '2025-06-06', NULL, NULL, NULL, NULL, NULL, NULL, NULL, NULL, 0, 1, 1, 1, 1, '2025-06-06 08:23:19', '2025-06-28 13:55:16'),
(4, 2, 1, 4, 120000.00, '2025-06-06', NULL, NULL, NULL, NULL, NULL, NULL, NULL, NULL, 0, 0, 1, 1, 1, '2025-06-06 14:16:03', '2025-06-06 16:20:59'),
(5, 1, 1, 5, 89000.00, '2025-06-06', NULL, NULL, NULL, NULL, NULL, NULL, NULL, NULL, 0, 0, 1, 1, 1, '2025-06-06 15:41:14', '2025-06-06 16:21:04'),
(6, 28, 1, 6, 138000.00, '2025-06-06', NULL, NULL, NULL, NULL, NULL, NULL, NULL, NULL, 0, 0, 1, 1, 1, '2025-06-06 16:13:25', '2025-06-06 16:21:07'),
(7, 35, 1, 7, 445000.00, '2025-07-03', NULL, NULL, NULL, NULL, NULL, NULL, NULL, '2025-11-11', 1, 0, 1, 1, 1, '2025-07-03 14:12:00', '2025-11-11 13:25:47'),
(8, 30, 1, 8, 445000.00, '2025-07-04', NULL, NULL, NULL, NULL, NULL, NULL, NULL, NULL, 0, 0, 1, 1, 1, '2025-07-04 06:51:53', '2025-07-04 07:00:41'),
(9, 31, 1, 9, 142000.00, '2025-07-04', NULL, NULL, NULL, NULL, NULL, NULL, NULL, NULL, 0, 1, 1, 1, 1, '2025-07-04 06:54:58', '2026-01-14 11:33:30'),
(10, 26, 1, 10, 6000.00, '2025-07-04', NULL, NULL, NULL, NULL, NULL, NULL, NULL, NULL, 0, 0, 1, 1, 1, '2025-07-04 06:58:24', '2025-07-04 07:00:47'),
(11, 47, 1, 11, 227000.00, '2025-07-24', NULL, NULL, NULL, NULL, NULL, NULL, NULL, NULL, 0, 0, 1, 1, 1, '2025-07-24 06:38:00', '2025-07-24 06:38:09'),
(12, 6, 1, 12, 60240.00, '2025-07-24', NULL, NULL, NULL, NULL, NULL, NULL, NULL, NULL, 0, 0, 1, 1, 1, '2025-07-24 07:01:34', '2025-07-24 07:42:44'),
(13, 3, 1, 13, 340000.00, '2025-07-24', NULL, NULL, NULL, NULL, NULL, NULL, NULL, NULL, 0, 0, 1, 1, 1, '2025-07-24 07:04:45', '2025-07-24 07:42:47'),
(14, 20, 1, 14, 150500.00, '2025-07-24', NULL, NULL, NULL, NULL, NULL, NULL, NULL, NULL, 0, 0, 1, 1, 1, '2025-07-24 07:07:52', '2025-07-24 07:42:49'),
(15, 22, 1, 15, 169000.00, '2025-07-24', NULL, NULL, NULL, NULL, NULL, NULL, NULL, NULL, 0, 0, 1, 1, 1, '2025-07-24 07:15:04', '2025-07-24 07:42:52'),
(16, 8, 1, 16, 105000.00, '2025-07-24', NULL, NULL, NULL, NULL, NULL, NULL, NULL, NULL, 0, 1, 1, 1, 1, '2025-07-24 07:21:21', '2026-01-14 11:32:40'),
(17, 19, 1, 17, 105400.00, '2025-07-24', NULL, NULL, NULL, NULL, NULL, NULL, NULL, NULL, 0, 0, 1, 1, 1, '2025-07-24 07:24:38', '2025-07-24 07:42:57'),
(18, 9, 1, 18, 70000.00, '2025-07-24', NULL, NULL, NULL, NULL, NULL, NULL, NULL, NULL, 0, 0, 1, 1, 1, '2025-07-24 07:52:25', '2025-07-24 07:56:52'),
(19, 45, 1, 19, 153000.00, '2025-07-24', NULL, NULL, NULL, NULL, NULL, NULL, NULL, NULL, 0, 0, 1, 1, 1, '2025-07-24 07:54:38', '2025-07-24 07:56:45'),
(20, 46, 1, 20, 167000.00, '2025-07-24', NULL, NULL, NULL, NULL, NULL, NULL, NULL, NULL, 0, 0, 1, 1, 1, '2025-07-24 07:58:07', '2025-07-26 07:43:13'),
(21, 49, 1, 21, 205000.00, '2025-07-26', NULL, NULL, NULL, NULL, NULL, NULL, NULL, NULL, 0, 0, 1, 1, 1, '2025-07-26 07:15:16', '2025-07-26 07:42:59'),
(22, 32, 1, 22, 155000.00, '2025-07-26', NULL, NULL, NULL, NULL, NULL, NULL, NULL, NULL, 0, 0, 1, 1, 1, '2025-07-26 07:17:53', '2025-07-26 07:43:02'),
(23, 16, 1, 23, 123000.00, '2025-07-26', NULL, NULL, NULL, NULL, NULL, NULL, NULL, NULL, 0, 0, 1, 1, 1, '2025-07-26 07:21:05', '2025-07-26 07:43:05'),
(24, 33, 1, 24, 175000.00, '2025-07-26', NULL, NULL, NULL, NULL, NULL, NULL, NULL, NULL, 0, 0, 1, 1, 1, '2025-07-26 07:35:33', '2025-07-26 07:43:10'),
(25, 37, 1, 25, 172000.00, '2025-07-26', NULL, NULL, NULL, NULL, NULL, NULL, NULL, NULL, 0, 0, 1, 1, 1, '2025-07-26 07:46:07', '2025-07-26 07:46:13'),
(26, 25, 1, 26, 173000.00, '2025-07-26', NULL, NULL, NULL, NULL, NULL, NULL, NULL, NULL, 0, 0, 1, 1, 1, '2025-07-26 08:00:08', '2025-07-26 08:00:15'),
(27, 51, 1, 27, 159000.00, '2025-07-29', NULL, NULL, NULL, NULL, NULL, NULL, NULL, NULL, 0, 0, 1, 1, 1, '2025-07-29 08:10:05', '2025-07-29 08:12:45'),
(28, 38, 1, 28, 424000.00, '2025-07-29', NULL, NULL, NULL, NULL, NULL, NULL, NULL, NULL, 0, 0, 1, 1, 1, '2025-07-29 08:11:26', '2025-07-29 08:12:48'),
(29, 41, 1, 29, 150000.00, '2025-07-30', NULL, NULL, NULL, NULL, NULL, NULL, NULL, NULL, 0, 0, 1, 1, 1, '2025-07-30 06:51:18', '2025-07-30 06:54:06'),
(30, 44, 1, 30, 217500.00, '2025-07-30', NULL, NULL, NULL, NULL, NULL, NULL, NULL, NULL, 0, 0, 1, 1, 1, '2025-07-30 06:54:00', '2025-07-30 06:54:09'),
(31, 43, 1, 31, 126000.00, '2025-08-18', NULL, NULL, NULL, NULL, NULL, NULL, NULL, NULL, 0, 0, 1, 1, 1, '2025-08-18 07:10:24', '2025-08-18 07:12:22'),
(32, 54, 1, 32, 545000.00, '2025-08-20', NULL, NULL, NULL, NULL, NULL, NULL, NULL, NULL, 0, 0, 1, 1, 1, '2025-08-20 06:57:13', '2025-08-20 07:05:10'),
(33, 61, 1, 33, 350000.00, '2025-08-20', NULL, NULL, NULL, NULL, NULL, NULL, NULL, NULL, 0, 0, 1, 1, 1, '2025-08-20 06:58:53', '2025-08-20 07:05:13'),
(34, 50, 1, 34, 390000.00, '2025-08-20', NULL, NULL, NULL, NULL, NULL, NULL, NULL, NULL, 0, 1, 1, 1, 1, '2025-08-20 07:00:44', '2025-08-20 16:36:38'),
(35, 10, 1, 35, 320000.00, '2025-08-20', NULL, NULL, NULL, NULL, NULL, NULL, NULL, NULL, 0, 0, 1, 1, 1, '2025-08-20 07:02:11', '2025-08-20 07:05:19'),
(36, 57, 1, 36, 420000.00, '2025-08-20', NULL, NULL, NULL, NULL, NULL, NULL, NULL, NULL, 0, 0, 1, 1, 1, '2025-08-20 07:04:32', '2025-08-20 07:05:22'),
(37, 11, 1, 37, 200000.00, '2025-09-25', NULL, NULL, NULL, NULL, NULL, NULL, NULL, NULL, 0, 0, 1, 1, 1, '2025-09-25 10:07:13', '2025-09-25 15:09:36'),
(38, 53, 1, 38, 406000.00, '2025-09-26', NULL, NULL, NULL, NULL, NULL, NULL, NULL, NULL, 0, 0, 1, 1, 1, '2025-09-26 10:34:25', '2025-10-03 07:52:02'),
(39, 15, 1, 39, 203000.00, '2025-09-26', NULL, NULL, NULL, NULL, NULL, NULL, NULL, NULL, 0, 1, 1, 1, 1, '2025-09-26 10:38:34', '2025-11-30 16:07:20'),
(40, 70, 1, 40, 174000.00, '2025-09-26', NULL, NULL, NULL, NULL, NULL, NULL, NULL, NULL, 0, 0, 1, 1, 1, '2025-09-26 10:41:23', '2025-10-03 07:52:07'),
(41, 63, 1, 41, 214000.00, '2025-09-26', NULL, NULL, NULL, NULL, NULL, NULL, NULL, NULL, 0, 0, 1, 1, 1, '2025-09-26 10:45:49', '2025-10-03 07:52:10'),
(42, 59, 1, 42, 347000.00, '2025-09-26', NULL, NULL, NULL, NULL, NULL, NULL, NULL, NULL, 0, 0, 1, 1, 1, '2025-09-26 10:48:23', '2025-10-03 07:52:13'),
(43, 58, 1, 43, 341500.00, '2025-09-28', 'doc-eea1030d-850d-40d5-95a6-194d525acf3a.jpg', NULL, NULL, NULL, NULL, NULL, NULL, NULL, 0, 0, 1, 1, 1, '2025-09-28 12:24:12', '2025-10-03 07:51:53'),
(44, 39, 1, 44, 85000.00, '2025-09-28', NULL, NULL, NULL, NULL, NULL, NULL, NULL, NULL, 0, 1, 1, 1, 1, '2025-09-28 13:23:56', '2025-10-27 14:29:28'),
(45, 60, 1, 45, 418000.00, '2025-09-28', 'doc-69f805a9-f4f7-4e47-ad47-67402c2a083c.jpg', NULL, NULL, NULL, NULL, NULL, NULL, NULL, 0, 0, 1, 1, 1, '2025-09-28 15:55:07', '2025-10-03 07:51:59'),
(46, 66, 1, 46, 101.00, '2025-10-02', NULL, NULL, NULL, NULL, NULL, NULL, NULL, '2025-11-03', 1, 0, 1, 1, 1, '2025-10-02 15:10:33', '2025-11-05 15:51:01'),
(47, 56, 1, 47, 350000.00, '2025-10-02', NULL, NULL, NULL, NULL, NULL, NULL, NULL, NULL, 0, 0, 1, 1, 1, '2025-10-02 15:16:10', '2025-10-03 07:51:44'),
(48, 40, 1, 48, 420000.00, '2025-10-02', NULL, NULL, NULL, NULL, NULL, NULL, NULL, NULL, 0, 0, 1, 1, 1, '2025-10-02 15:21:17', '2025-10-03 07:51:47'),
(49, 55, 1, 49, 195000.00, '2025-09-17', NULL, NULL, NULL, NULL, NULL, NULL, NULL, NULL, 0, 0, 1, 1, 1, '2025-10-02 15:25:30', '2025-10-03 07:52:24'),
(50, 64, 1, 50, 124000.00, '2025-09-16', NULL, NULL, NULL, NULL, NULL, NULL, NULL, NULL, 0, 0, 1, 1, 1, '2025-10-02 15:28:09', '2025-10-03 07:52:27'),
(51, 39, 1, 51, 83000.00, '2025-09-05', NULL, NULL, NULL, NULL, NULL, NULL, NULL, NULL, 0, 0, 1, 1, 1, '2025-10-02 15:31:45', '2025-10-03 07:52:29'),
(52, 84, 1, 52, 240000.00, '2025-10-02', NULL, NULL, NULL, NULL, NULL, NULL, NULL, NULL, 0, 1, 1, 1, 1, '2025-10-02 16:22:51', '2025-11-03 07:41:38'),
(53, 29, 1, 53, 155000.00, '2025-09-20', NULL, NULL, NULL, NULL, NULL, NULL, NULL, '2026-01-25', 1, 0, 1, 1, 1, '2025-10-03 07:26:08', '2026-01-27 09:07:23'),
(54, 34, 1, 54, 173000.00, '2025-09-22', NULL, NULL, NULL, NULL, NULL, NULL, NULL, NULL, 0, 0, 1, 1, 1, '2025-10-03 07:31:19', '2025-10-03 07:52:19'),
(55, 5, 1, 55, 205000.00, '2025-09-26', NULL, NULL, NULL, NULL, NULL, NULL, NULL, NULL, 0, 0, 1, 1, 1, '2025-10-03 07:43:40', '2025-10-03 07:52:16'),
(56, 23, 1, 56, 397000.00, '2025-09-03', NULL, NULL, NULL, NULL, NULL, NULL, NULL, NULL, 0, 0, 1, 1, 1, '2025-10-03 07:50:01', '2025-10-03 07:52:32'),
(57, 73, 1, 57, 414000.00, '2025-10-03', 'doc-979eb483-0b21-4fc5-80d7-c3e43d697434.jpeg', NULL, NULL, NULL, NULL, 'Full File Provide to Customer', NULL, NULL, 0, 0, 1, 1, 1, '2025-10-03 13:16:02', '2025-10-04 07:55:52'),
(58, 4, 1, 58, 183000.00, '2025-10-03', 'doc-6fff3829-48e3-42b2-b20d-ada9280d5568.jpeg', NULL, NULL, NULL, NULL, NULL, NULL, '2025-11-25', 1, 0, 1, 1, 1, '2025-10-03 14:22:28', '2025-11-27 11:10:30'),
(59, 75, 1, 59, 215000.00, '2025-10-05', NULL, NULL, NULL, NULL, NULL, NULL, NULL, NULL, 0, 1, 1, 1, 1, '2025-10-05 09:43:48', '2025-10-30 15:03:08'),
(60, 78, 1, 60, 200000.00, '2025-10-06', NULL, NULL, NULL, NULL, NULL, NULL, NULL, NULL, 0, 0, 1, 1, 1, '2025-10-06 15:58:00', '2025-10-10 15:15:13'),
(61, 83, 1, 61, 160000.00, '2025-10-07', NULL, NULL, NULL, NULL, NULL, NULL, NULL, NULL, 0, 0, 1, 1, 1, '2025-10-07 08:41:58', '2025-10-10 15:15:27'),
(62, 85, 1, 62, 187000.00, '2025-10-10', NULL, NULL, NULL, NULL, NULL, NULL, NULL, NULL, 0, 0, 1, 1, 1, '2025-10-10 13:36:56', '2025-10-10 15:15:30'),
(63, 74, 1, 63, 184500.00, '2025-10-13', NULL, NULL, NULL, NULL, NULL, NULL, NULL, NULL, 0, 0, 1, 1, 1, '2025-10-13 08:08:52', '2025-10-25 11:12:34'),
(64, 86, 1, 64, 130000.00, '2025-10-13', NULL, NULL, NULL, NULL, NULL, 'Full File Provide to Customer.', NULL, NULL, 0, 0, 1, 1, 1, '2025-10-13 16:09:54', '2025-10-25 11:12:40'),
(65, 95, 1, 65, 415000.00, '2025-10-14', NULL, NULL, NULL, NULL, NULL, NULL, NULL, NULL, 0, 0, 1, 1, 1, '2025-10-14 08:14:17', '2025-10-25 11:12:24'),
(66, 92, 1, 66, 235000.00, '2025-10-16', NULL, NULL, NULL, NULL, NULL, NULL, NULL, NULL, 0, 0, 1, 1, 1, '2025-10-16 17:39:30', '2025-10-25 11:12:16'),
(67, 82, 1, 67, 169000.00, '2025-10-17', NULL, NULL, NULL, NULL, NULL, NULL, NULL, NULL, 0, 0, 1, 1, 1, '2025-10-17 12:17:28', '2025-10-25 11:12:06'),
(68, 91, 1, 68, 203000.00, '2025-10-19', NULL, NULL, NULL, NULL, NULL, NULL, NULL, NULL, 0, 1, 1, 1, 1, '2025-10-19 14:56:16', '2025-11-04 16:57:33'),
(69, 89, 1, 69, 440000.00, '2025-10-20', NULL, NULL, NULL, NULL, NULL, NULL, NULL, NULL, 0, 1, 1, 1, 1, '2025-10-20 11:54:06', '2025-11-28 12:52:41'),
(70, 101, 1, 70, 158000.00, '2025-10-21', NULL, NULL, NULL, NULL, NULL, NULL, NULL, NULL, 0, 0, 1, 1, 1, '2025-10-21 10:36:02', '2025-10-25 11:11:32'),
(72, 69, 1, 72, 155000.00, '2025-10-25', NULL, NULL, NULL, NULL, NULL, NULL, NULL, NULL, 0, 1, 1, 1, 1, '2025-10-25 08:19:21', '2025-10-30 15:02:10'),
(73, 72, 1, 73, 210000.00, '2025-10-27', NULL, NULL, NULL, NULL, NULL, NULL, NULL, NULL, 0, 1, 1, 1, 1, '2025-10-27 14:53:31', '2025-11-03 07:38:10'),
(74, 94, 1, 74, 240000.00, '2025-10-27', NULL, NULL, NULL, NULL, NULL, NULL, NULL, NULL, 0, 0, 1, 1, 1, '2025-10-27 14:56:32', '2025-11-03 07:39:21'),
(75, 13, 1, 75, 206000.00, '2025-10-27', NULL, NULL, NULL, NULL, NULL, NULL, NULL, NULL, 0, 0, 1, 1, 1, '2025-10-27 14:59:40', '2025-11-03 07:39:48'),
(76, 96, 1, 76, 220000.00, '2025-10-27', NULL, NULL, NULL, NULL, NULL, NULL, NULL, NULL, 0, 0, 1, 1, 1, '2025-10-27 15:04:03', '2025-11-03 07:40:14'),
(78, 105, 1, 78, 168000.00, '2025-10-27', NULL, NULL, NULL, NULL, NULL, NULL, NULL, NULL, 0, 0, 1, 1, 1, '2025-10-27 15:06:51', '2025-11-03 07:41:02'),
(79, 110, 1, 79, 115000.00, '2025-10-29', NULL, NULL, NULL, NULL, NULL, NULL, NULL, NULL, 0, 0, 1, 1, 1, '2025-10-29 08:43:33', '2025-11-03 07:37:44'),
(81, 106, 1, 81, 175000.00, '2025-10-29', NULL, NULL, NULL, NULL, NULL, NULL, NULL, NULL, 0, 0, 1, 1, 1, '2025-10-29 14:13:11', '2025-11-03 07:38:01'),
(82, 115, 1, 82, 153000.00, '2025-10-31', NULL, NULL, NULL, NULL, NULL, NULL, NULL, '2025-11-06', 1, 0, 1, 1, 1, '2025-10-31 11:33:06', '2025-11-06 09:15:09'),
(83, 107, 1, 83, 205000.00, '2025-10-31', NULL, NULL, NULL, NULL, NULL, NULL, NULL, '2025-11-04', 1, 0, 1, 1, 1, '2025-10-31 16:47:55', '2025-11-05 15:38:25'),
(84, 98, 1, 84, 345000.00, '2025-11-02', NULL, NULL, NULL, NULL, NULL, NULL, NULL, NULL, 0, 1, 1, 1, 1, '2025-11-02 11:34:30', '2026-01-14 11:32:50'),
(85, 71, 1, 21, 260000.00, '2025-11-02', NULL, NULL, NULL, NULL, NULL, NULL, NULL, NULL, 0, 1, 1, 1, 1, '2025-11-02 15:08:00', '2025-11-12 11:34:03'),
(86, 121, 1, 85, 256000.00, '2025-11-04', NULL, NULL, NULL, NULL, NULL, NULL, NULL, NULL, 0, 0, 1, 1, 1, '2025-11-04 09:50:14', '2025-11-04 16:57:50'),
(87, 119, 1, 86, 238000.00, '2025-11-05', NULL, NULL, NULL, NULL, NULL, NULL, NULL, NULL, 0, 0, 1, 1, 1, '2025-11-05 08:13:07', '2025-11-23 16:31:33'),
(88, 90, 1, 87, 280000.00, '2025-11-06', NULL, NULL, NULL, NULL, NULL, NULL, NULL, NULL, 0, 0, 1, 1, 1, '2025-11-06 08:26:01', '2025-11-23 16:30:54'),
(89, 102, 1, 88, 155000.00, '2025-11-06', NULL, NULL, NULL, NULL, NULL, NULL, NULL, '2025-11-12', 1, 0, 1, 1, 1, '2025-11-06 08:27:35', '2025-11-23 16:30:09'),
(90, 104, 1, 89, 364000.00, '2025-11-06', NULL, NULL, NULL, NULL, NULL, NULL, NULL, NULL, 0, 0, 1, 1, 1, '2025-11-06 08:30:53', '2025-11-23 16:31:02'),
(91, 76, 1, 90, 152000.00, '2025-11-07', NULL, NULL, NULL, NULL, NULL, NULL, NULL, '2025-11-20', 1, 0, 1, 1, 1, '2025-11-07 09:48:38', '2025-11-23 16:15:41'),
(92, 80, 1, 91, 212000.00, '2025-11-08', NULL, NULL, NULL, NULL, NULL, NULL, NULL, '2025-11-18', 1, 0, 1, 1, 1, '2025-11-08 10:40:14', '2025-11-23 16:16:44'),
(93, 109, 1, 92, 83000.00, '2025-11-11', NULL, NULL, NULL, NULL, NULL, NULL, NULL, NULL, 0, 0, 1, 1, 1, '2025-11-11 11:26:31', '2025-11-23 16:30:37'),
(94, 127, 1, 93, 100.00, '2025-11-12', NULL, NULL, NULL, NULL, NULL, 'Jiku sold the bike to used bike showroom owner Mainul', NULL, NULL, 0, 0, 1, 1, 1, '2025-11-12 13:54:59', '2025-11-23 16:30:27'),
(95, 111, 1, 94, 210000.00, '2025-11-13', NULL, NULL, NULL, NULL, NULL, NULL, NULL, NULL, 0, 0, 1, 1, 1, '2025-11-13 11:49:09', '2025-11-23 16:29:53'),
(96, 88, 1, 95, 210000.00, '2025-11-13', NULL, NULL, NULL, NULL, NULL, NULL, NULL, '2025-11-24', 1, 0, 1, 1, 1, '2025-11-13 13:21:16', '2025-11-27 11:11:33'),
(97, 123, 1, 96, 212000.00, '2025-11-14', NULL, NULL, NULL, NULL, NULL, NULL, NULL, NULL, 0, 0, 1, 1, 1, '2025-11-14 06:44:30', '2025-11-23 16:25:46'),
(98, 118, 1, 97, 120000.00, '2025-11-14', NULL, NULL, NULL, NULL, NULL, NULL, NULL, NULL, 0, 0, 1, 1, 1, '2025-11-14 14:53:32', '2025-11-23 16:25:36'),
(99, 93, 1, 98, 343000.00, '2025-11-18', NULL, NULL, NULL, NULL, NULL, NULL, NULL, '2026-01-25', 1, 0, 1, 1, 1, '2025-11-18 08:56:05', '2026-01-27 09:06:44'),
(100, 136, 1, 99, 310000.00, '2025-11-18', NULL, NULL, NULL, NULL, NULL, NULL, NULL, NULL, 0, 0, 1, 1, 1, '2025-11-18 17:09:16', '2025-11-23 16:20:34'),
(101, 125, 1, 100, 237000.00, '2025-11-19', NULL, NULL, NULL, NULL, NULL, NULL, NULL, NULL, 0, 0, 1, 1, 1, '2025-11-19 11:22:07', '2025-11-23 16:20:19'),
(102, 97, 1, 101, 177000.00, '2025-11-23', NULL, NULL, NULL, NULL, NULL, NULL, NULL, NULL, 0, 0, 1, 1, 1, '2025-11-23 15:36:43', '2025-11-23 16:12:32'),
(103, 87, 1, 102, 460000.00, '2025-11-23', NULL, NULL, NULL, NULL, NULL, NULL, NULL, NULL, 0, 0, 1, 1, 1, '2025-11-23 15:39:38', '2025-11-23 16:12:07'),
(104, 134, 1, 103, 5100.00, '2025-11-25', NULL, NULL, NULL, NULL, NULL, NULL, NULL, '2025-12-04', 1, 0, 1, 1, 1, '2025-11-25 16:24:45', '2025-12-05 12:08:54'),
(105, 143, 1, 104, 185000.00, '2025-11-28', NULL, NULL, NULL, NULL, NULL, NULL, NULL, NULL, 0, 0, 1, 1, 1, '2025-11-28 10:18:31', '2025-11-30 16:10:16'),
(106, 68, 1, 105, 158000.00, '2025-11-29', NULL, NULL, NULL, NULL, NULL, NULL, NULL, NULL, 0, 0, 1, 1, 1, '2025-11-29 07:44:33', '2025-11-30 16:10:04'),
(107, 81, 1, 106, 90000.00, '2025-11-30', NULL, NULL, NULL, NULL, NULL, 'Registration Money Also Paid 20,000/-', NULL, NULL, 0, 0, 1, 1, 1, '2025-11-30 10:44:10', '2025-11-30 16:09:15'),
(108, 7, 1, 107, 290000.00, '2025-12-01', NULL, NULL, NULL, NULL, NULL, NULL, NULL, NULL, 0, 0, 1, 1, 1, '2025-12-01 05:58:20', '2025-12-01 06:02:55'),
(109, 14, 1, 108, 95000.00, '2025-12-01', NULL, NULL, NULL, NULL, NULL, NULL, NULL, NULL, 0, 0, 1, 1, 1, '2025-12-01 05:59:09', '2025-12-01 06:02:49'),
(110, 17, 1, 109, 154000.00, '2025-12-01', NULL, NULL, NULL, NULL, NULL, NULL, NULL, NULL, 0, 0, 1, 1, 1, '2025-12-01 05:59:52', '2025-12-01 06:02:45'),
(111, 18, 1, 110, 178500.00, '2025-12-01', NULL, NULL, NULL, NULL, NULL, NULL, NULL, NULL, 0, 0, 1, 1, 1, '2025-12-01 06:00:39', '2025-12-01 06:02:42'),
(112, 48, 1, 111, 194100.00, '2025-12-01', NULL, NULL, NULL, NULL, NULL, NULL, NULL, NULL, 0, 0, 1, 1, 1, '2025-12-01 06:01:37', '2025-12-01 06:02:40'),
(113, 112, 1, 112, 250000.00, '2025-12-01', NULL, NULL, NULL, NULL, NULL, NULL, NULL, NULL, 0, 0, 1, 1, 1, '2025-12-01 06:02:24', '2025-12-01 06:02:36'),
(114, 148, 1, 113, 235000.00, '2025-12-06', NULL, NULL, NULL, NULL, NULL, NULL, NULL, NULL, 0, 0, 1, 1, 1, '2025-12-06 14:57:40', '2025-12-07 15:53:58'),
(115, 147, 1, 114, 100.00, '2025-12-07', NULL, NULL, NULL, NULL, NULL, NULL, NULL, NULL, 0, 0, 1, 1, 1, '2025-12-07 17:17:32', '2026-01-28 07:26:04'),
(116, 116, 1, 115, 154000.00, '2025-12-08', NULL, NULL, NULL, NULL, NULL, NULL, NULL, NULL, 0, 0, 1, 1, 1, '2025-12-08 10:04:24', '2026-01-28 07:26:33'),
(117, 135, 1, 116, 205000.00, '2025-12-10', 'doc-352f2c93-9de7-48f0-b876-69b4cfffa09b.pdf', NULL, NULL, NULL, NULL, NULL, NULL, NULL, 0, 0, 1, 1, 1, '2025-12-10 08:50:32', '2026-01-28 07:26:44'),
(118, 120, 1, 117, 202000.00, '2025-12-14', NULL, NULL, NULL, NULL, NULL, 'Money receipt has been created on customer\'s wife information, cause customer doesn\'t live in BD.', NULL, NULL, 0, 0, 1, 1, 1, '2025-12-14 09:30:09', '2026-01-28 07:26:52'),
(119, 138, 1, 118, 100.00, '2025-12-31', NULL, NULL, NULL, NULL, NULL, NULL, NULL, NULL, 0, 1, 1, 1, 1, '2025-12-31 07:55:38', '2026-02-10 16:51:04'),
(120, 145, 1, 119, 200.00, '2026-01-08', 'doc-a7569ef4-e7c9-4913-b1f9-74ca3bae6769.pdf', NULL, NULL, NULL, NULL, NULL, NULL, NULL, 0, 0, 1, 1, 1, '2026-01-08 09:55:25', '2026-01-28 07:27:46'),
(121, 133, 1, 120, 335500.00, '2026-01-09', 'doc-07fbc5b8-c529-4503-a8b1-4acfa6e521cd.jpeg', NULL, NULL, NULL, NULL, 'Rgistration money also included in this price.', NULL, NULL, 0, 0, 1, 1, 1, '2026-01-09 09:49:18', '2026-01-28 07:30:09'),
(122, 103, 1, 121, 205000.00, '2026-01-11', NULL, NULL, NULL, NULL, NULL, 'Exchanged with R15 V3 40-4221', NULL, NULL, 0, 0, 1, 1, 1, '2026-01-11 12:59:24', '2026-01-28 07:30:23'),
(123, 114, 1, 122, 6480.00, '2026-01-13', NULL, NULL, NULL, NULL, NULL, NULL, NULL, NULL, 0, 1, 1, 1, 1, '2026-01-13 06:08:25', '2026-01-28 07:23:59'),
(124, 62, 1, 123, 360000.00, '2026-01-13', 'doc-8cfaaa0e-5006-45ba-94c8-4a9fbe1b168d.jpeg', NULL, NULL, NULL, NULL, NULL, NULL, NULL, 0, 0, 1, 1, 1, '2026-01-13 11:23:18', '2026-01-28 07:30:30'),
(125, 122, 1, 21, 100.00, '2026-01-13', NULL, NULL, NULL, NULL, NULL, NULL, NULL, NULL, 0, 0, 1, 1, 1, '2026-01-13 13:17:09', '2026-01-28 07:25:09'),
(126, 150, 1, 124, 130000.00, '2026-01-14', NULL, NULL, NULL, NULL, NULL, NULL, NULL, NULL, 0, 0, 1, 1, 1, '2026-01-14 15:31:23', '2026-01-28 07:23:48'),
(127, 114, 1, 125, 6480.00, '2026-01-18', 'doc-4548c24d-0558-4d98-9eba-8fde6a2a7ff4.jpeg', NULL, NULL, NULL, NULL, NULL, NULL, NULL, 0, 0, 1, 1, 1, '2026-01-18 14:42:25', '2026-01-18 15:26:40'),
(128, 152, 1, 126, 340000.00, '2026-01-19', NULL, NULL, NULL, NULL, NULL, NULL, NULL, NULL, 0, 0, 1, 1, 1, '2026-01-19 10:25:48', '2026-01-28 07:23:38'),
(129, 158, 1, 127, 140000.00, '2026-01-20', NULL, NULL, NULL, NULL, NULL, NULL, NULL, NULL, 0, 0, 1, 1, 1, '2026-01-20 09:03:49', '2026-01-28 07:22:19'),
(130, 151, 1, 128, 297000.00, '2026-01-25', 'doc-23723951-39b8-4580-8013-150eb8f57795.jpeg', NULL, NULL, NULL, NULL, 'Advance : 1,30,000, DUE- 2,68,000', NULL, NULL, 0, 0, 1, 1, 1, '2026-01-25 10:58:39', '2026-02-05 10:37:17'),
(131, 160, 1, 129, 162500.00, '2026-01-25', 'doc-1342bac8-c460-4eb5-acbb-fc498933263c.jpeg', NULL, NULL, NULL, NULL, NULL, NULL, NULL, 0, 0, 1, 1, 1, '2026-01-25 11:21:47', '2026-01-28 07:21:53'),
(132, 113, 1, 130, 200000.00, '2025-12-26', NULL, NULL, NULL, NULL, NULL, NULL, NULL, NULL, 0, 1, 1, 1, 1, '2026-01-28 07:53:00', '2026-02-20 08:19:20'),
(133, 153, 1, 131, 84000.00, '2026-01-31', NULL, NULL, NULL, NULL, NULL, NULL, NULL, NULL, 0, 0, 1, 1, 1, '2026-01-31 16:38:11', '2026-02-05 10:36:06'),
(134, 162, 1, 132, 176000.00, '2026-02-03', 'doc-9277ed64-6505-4ead-8c82-a44552056e8c.jpeg', NULL, NULL, NULL, NULL, NULL, NULL, '2026-02-23', 1, 0, 1, 1, 1, '2026-02-03 10:24:53', '2026-02-25 07:06:29'),
(135, 79, 1, 133, 385000.00, '2026-02-06', 'doc-64e1b728-50b8-4810-aaea-d95bb0bd5673.jpeg', NULL, NULL, NULL, NULL, NULL, NULL, NULL, 0, 0, 1, 1, 1, '2026-02-06 11:32:11', '2026-02-20 08:19:13'),
(136, 157, 1, 134, 450000.00, '2026-02-09', NULL, NULL, NULL, NULL, NULL, NULL, NULL, NULL, 0, 0, 1, 1, 1, '2026-02-09 07:24:33', '2026-02-20 08:19:12'),
(137, 144, 1, 135, 242000.00, '2026-02-10', NULL, NULL, NULL, NULL, NULL, NULL, NULL, NULL, 0, 0, 1, 1, 1, '2026-02-10 10:47:43', '2026-02-20 08:19:09'),
(138, 164, 1, 136, 345000.00, '2026-02-10', 'doc-c9f4fb7b-4344-4547-a4df-753e46192bbe.jpeg', NULL, NULL, NULL, NULL, NULL, NULL, NULL, 0, 0, 1, 1, 1, '2026-02-10 16:07:47', '2026-02-20 08:19:07'),
(139, 166, 1, 137, 294000.00, '2026-02-14', NULL, NULL, NULL, NULL, NULL, NULL, NULL, NULL, 0, 0, 1, 1, 1, '2026-02-14 11:57:31', '2026-02-20 08:19:02'),
(140, 113, 1, 138, 195000.00, '2026-02-14', NULL, NULL, NULL, NULL, NULL, NULL, NULL, NULL, 0, 0, 1, 1, 1, '2026-02-14 12:09:34', '2026-02-20 08:19:05'),
(141, 168, 1, 139, 152000.00, '2026-02-17', 'doc-34683bc0-ac44-4f91-8932-959d2431e2cd.jpeg', NULL, NULL, NULL, NULL, NULL, NULL, NULL, 0, 0, 1, 1, 1, '2026-02-17 15:53:16', '2026-02-20 08:18:59'),
(142, 174, 1, 140, 115000.00, '2026-02-17', 'doc-26d7808e-7f2e-42f5-8b1d-ac2a153ec414.jpeg', NULL, NULL, NULL, NULL, NULL, NULL, NULL, 0, 0, 1, 1, 1, '2026-02-17 16:03:30', '2026-02-20 08:18:56'),
(143, 178, 1, 141, 225000.00, '2026-02-21', 'doc-1b867dac-19a1-4899-b282-cd602e02737a.pdf', NULL, NULL, NULL, NULL, NULL, NULL, NULL, 0, 0, 1, 1, 1, '2026-02-21 15:12:47', '2026-02-22 13:01:06'),
(144, 161, 1, 142, 162000.00, '2026-02-22', NULL, NULL, NULL, NULL, NULL, NULL, NULL, NULL, 0, 0, 1, 1, 1, '2026-02-22 13:02:45', '2026-02-22 13:05:42'),
(145, 154, 1, 143, 165000.00, '2026-02-22', NULL, NULL, NULL, NULL, NULL, NULL, NULL, NULL, 0, 0, 1, 1, 1, '2026-02-22 13:03:28', '2026-02-22 13:05:37'),
(146, 141, 1, 144, 100.00, '2026-02-22', NULL, NULL, NULL, NULL, NULL, NULL, NULL, NULL, 0, 0, 1, 1, 1, '2026-02-22 13:04:20', '2026-02-22 13:05:34'),
(147, 149, 1, 145, 160000.00, '2026-02-22', NULL, NULL, NULL, NULL, NULL, NULL, NULL, NULL, 0, 0, 1, 1, 1, '2026-02-22 13:05:22', '2026-02-22 13:05:28'),
(148, 140, 1, 146, 100.00, '2026-02-22', NULL, NULL, NULL, NULL, NULL, NULL, NULL, NULL, 0, 0, 1, 1, 1, '2026-02-22 13:06:33', '2026-02-22 13:07:40'),
(149, 139, 1, 147, 100.00, '2026-02-22', NULL, NULL, NULL, NULL, NULL, NULL, NULL, NULL, 0, 0, 1, 1, 1, '2026-02-22 13:07:15', '2026-02-22 13:07:36'),
(150, 137, 1, 148, 100.00, '2026-02-22', NULL, NULL, NULL, NULL, NULL, NULL, NULL, NULL, 0, 0, 1, 1, 1, '2026-02-22 13:08:41', '2026-02-22 13:08:49'),
(151, 131, 1, 149, 240000.00, '2026-02-22', NULL, NULL, NULL, NULL, NULL, NULL, NULL, NULL, 0, 0, 1, 1, 1, '2026-02-22 13:09:38', '2026-02-22 13:09:44'),
(152, 130, 1, 150, 183900.00, '2026-02-22', NULL, NULL, NULL, NULL, NULL, NULL, NULL, NULL, 0, 0, 1, 1, 1, '2026-02-22 13:10:40', '2026-02-22 13:10:45'),
(153, 129, 1, 151, 225400.00, '2026-02-22', NULL, NULL, NULL, NULL, NULL, NULL, NULL, NULL, 0, 0, 1, 1, 1, '2026-02-22 13:11:37', '2026-02-22 13:11:42'),
(154, 128, 1, 152, 1530.00, '2026-02-22', NULL, NULL, NULL, NULL, NULL, NULL, NULL, NULL, 0, 0, 1, 1, 1, '2026-02-22 13:12:32', '2026-02-22 13:12:38'),
(155, 126, 1, 153, 185000.00, '2026-02-22', NULL, NULL, NULL, NULL, NULL, NULL, NULL, NULL, 0, 0, 1, 1, 1, '2026-02-22 13:13:33', '2026-02-22 13:13:38'),
(156, 124, 1, 154, 100.00, '2026-02-22', NULL, NULL, NULL, NULL, NULL, NULL, NULL, NULL, 0, 0, 1, 1, 1, '2026-02-22 13:14:13', '2026-02-22 13:14:20'),
(157, 117, 1, 155, 100.00, '2026-02-22', NULL, NULL, NULL, NULL, NULL, NULL, NULL, NULL, 0, 0, 1, 1, 1, '2026-02-22 13:15:04', '2026-02-22 13:15:09'),
(158, 108, 1, 156, 100.00, '2026-02-22', NULL, NULL, NULL, NULL, NULL, NULL, NULL, NULL, 0, 0, 1, 1, 1, '2026-02-22 13:15:55', '2026-02-22 13:16:01'),
(159, 99, 1, 157, 176380.00, '2026-02-22', NULL, NULL, NULL, NULL, NULL, NULL, NULL, NULL, 0, 0, 1, 1, 1, '2026-02-22 13:16:47', '2026-02-22 13:16:55'),
(160, 77, 1, 158, 100.00, '2026-02-22', NULL, NULL, NULL, NULL, NULL, NULL, NULL, NULL, 0, 0, 1, 1, 1, '2026-02-22 13:17:44', '2026-02-22 13:17:49'),
(161, 67, 1, 159, 154300.00, '2026-02-22', NULL, NULL, NULL, NULL, NULL, NULL, NULL, NULL, 0, 0, 1, 1, 1, '2026-02-22 13:18:29', '2026-02-22 13:18:33'),
(162, 65, 1, 160, 7080.00, '2026-02-22', NULL, NULL, NULL, NULL, NULL, NULL, NULL, NULL, 0, 0, 1, 1, 1, '2026-02-22 13:19:30', '2026-02-22 13:19:36'),
(163, 52, 1, 161, 190000.00, '2026-02-22', NULL, NULL, NULL, NULL, NULL, NULL, NULL, '2026-02-22', 1, 0, 1, 1, 1, '2026-02-22 13:20:20', '2026-02-25 07:05:30'),
(164, 172, 1, 162, 218000.00, '2026-02-23', 'doc-a646b6d9-a10d-4774-a496-c4acea4c50cf.jpeg', NULL, NULL, NULL, NULL, NULL, NULL, NULL, 0, 0, 1, 1, 1, '2026-02-23 11:16:14', '2026-03-03 15:52:45'),
(165, 170, 1, 163, 220000.00, '2026-02-24', 'doc-a8a6d0b4-6c12-420b-b0e5-cb3460f66846.jpeg', NULL, NULL, NULL, NULL, NULL, NULL, '2026-02-26', 1, 0, 1, 1, 1, '2026-02-24 09:51:59', '2026-03-03 15:52:04'),
(166, 165, 1, 164, 219000.00, '2026-02-24', NULL, NULL, NULL, NULL, NULL, NULL, NULL, NULL, 0, 0, 1, 1, 1, '2026-02-24 15:14:50', '2026-03-03 15:52:33'),
(167, 177, 1, 166, 196000.00, '2026-02-25', 'doc-6b2ad7d0-bfff-4ac6-a0fe-3db00fecd9c8.jpeg', NULL, NULL, NULL, NULL, NULL, NULL, NULL, 0, 0, 1, 1, 1, '2026-02-25 06:21:48', '2026-03-03 15:52:22'),
(168, 191, 1, 167, 120000.00, '2026-03-01', NULL, NULL, NULL, NULL, NULL, NULL, NULL, NULL, 0, 0, 1, 1, 1, '2026-03-01 08:05:02', '2026-03-03 15:51:42'),
(169, 159, 1, 168, 198000.00, '2026-03-02', NULL, NULL, NULL, NULL, NULL, NULL, NULL, '2026-03-02', 1, 0, 1, 1, 1, '2026-03-02 05:04:14', '2026-03-04 06:51:48'),
(170, 132, 1, 169, 160000.00, '2026-03-05', 'doc-51fc867a-dfa9-4cbf-ae18-5a3a6230405d.jpeg', NULL, NULL, NULL, NULL, NULL, NULL, NULL, 0, 0, 0, 1, NULL, '2026-03-05 16:42:12', '2026-03-05 16:42:12'),
(171, 190, 1, 170, 334000.00, '2026-03-06', NULL, NULL, NULL, NULL, NULL, NULL, NULL, NULL, 0, 0, 0, 1, 1, '2026-03-05 20:20:29', '2026-03-05 21:34:00');

-- --------------------------------------------------------

--
-- Table structure for table `bike_services`
--

CREATE TABLE `bike_services` (
  `id` bigint(20) UNSIGNED NOT NULL,
  `bike_service_category_id` bigint(20) NOT NULL,
  `name` varchar(255) NOT NULL,
  `trade_price` double(20,2) NOT NULL DEFAULT 0.00,
  `price` decimal(20,2) NOT NULL DEFAULT 0.00,
  `status` tinyint(3) UNSIGNED NOT NULL DEFAULT 1 COMMENT '0=Inactive, 1=Active',
  `created_at` timestamp NULL DEFAULT NULL,
  `updated_at` timestamp NULL DEFAULT NULL
) ENGINE=InnoDB DEFAULT CHARSET=utf8mb4 COLLATE=utf8mb4_unicode_ci;

--
-- Dumping data for table `bike_services`
--

INSERT INTO `bike_services` (`id`, `bike_service_category_id`, `name`, `trade_price`, `price`, `status`, `created_at`, `updated_at`) VALUES
(1, 1, 'General Bike Inspection', 0.00, 1200.00, 1, '2025-03-05 07:03:49', '2025-03-05 07:07:00'),
(2, 1, 'Periodic Oil Change', 0.00, 1000.00, 1, '2025-03-05 07:04:03', '2025-03-05 07:04:03'),
(3, 2, 'Engine Tuning', 0.00, 1500.00, 1, '2025-03-05 07:04:22', '2025-03-05 07:06:44'),
(4, 2, 'Engine Oil (Mobil)', 0.00, 1000.00, 1, '2025-03-05 07:04:34', '2025-05-30 08:48:21'),
(5, 3, 'Brake Pad', 0.00, 500.00, 1, '2025-03-05 07:04:51', '2025-05-30 08:47:31'),
(6, 3, 'Clutch Cable', 0.00, 400.00, 1, '2025-03-05 07:05:04', '2025-05-30 08:47:12'),
(7, 4, 'Fork Oil Change', 0.00, 2000.00, 1, '2025-03-05 07:05:19', '2025-03-05 07:05:19'),
(8, 4, 'Steering Bearing Replacement', 0.00, 2000.00, 1, '2025-03-05 07:05:43', '2025-03-05 07:05:43'),
(9, 5, 'Battery Charging', 0.00, 100.00, 1, '2025-03-05 07:06:08', '2025-05-30 08:42:30'),
(10, 5, 'Headlight & Indicator Check', 0.00, 3000.00, 1, '2025-03-05 07:06:23', '2025-03-05 07:06:23'),
(11, 11, 'Stamp', 0.00, 100.00, 1, '2025-05-25 09:22:48', '2025-05-25 09:22:48'),
(12, 13, 'CAM', 0.00, 1000.00, 1, '2025-05-27 11:02:57', '2025-05-30 08:12:18'),
(13, 14, 'Wash', 0.00, 100.00, 1, '2025-05-30 08:42:02', '2025-06-05 07:51:52'),
(14, 15, 'Meter Tampering', 0.00, 500.00, 1, '2025-05-30 08:44:00', '2025-05-30 08:44:00'),
(15, 16, 'Expenses', 0.00, 100.00, 1, '2025-05-30 08:45:27', '2025-05-30 08:45:27'),
(16, 17, 'Carrying Cost', 0.00, 1000.00, 1, '2025-05-30 08:46:18', '2025-05-30 08:46:18'),
(17, 10, 'Grip', 0.00, 500.00, 1, '2025-05-30 08:49:15', '2025-05-30 08:49:15'),
(18, 10, 'Gutli', 0.00, 200.00, 1, '2025-05-30 08:49:32', '2025-05-30 08:49:32'),
(19, 7, 'Chain Set', 0.00, 2500.00, 1, '2025-05-30 08:50:13', '2025-05-30 08:50:13'),
(20, 7, 'Front Sprocket', 0.00, 200.00, 1, '2025-05-30 08:50:47', '2025-05-30 08:50:47'),
(21, 7, 'Rare Sprocket', 0.00, 500.00, 1, '2025-05-30 08:51:11', '2025-05-30 08:51:11'),
(22, 8, 'Fuel Motor', 0.00, 1200.00, 1, '2025-05-30 08:51:38', '2025-05-30 08:51:38'),
(23, 10, 'Plug', 0.00, 250.00, 1, '2025-05-30 08:51:56', '2025-05-30 08:51:56'),
(24, 18, 'Headlight Musk', 0.00, 700.00, 1, '2025-05-30 08:54:02', '2025-05-30 08:54:02'),
(25, 10, 'Carburetor', 0.00, 3000.00, 1, '2025-05-30 08:54:30', '2025-05-30 08:55:31'),
(26, 10, 'Carburetor Piston', 0.00, 900.00, 1, '2025-05-30 08:55:13', '2025-05-30 08:55:13'),
(27, 12, 'Zhalay', 0.00, 200.00, 1, '2025-05-30 08:56:22', '2025-05-30 08:56:22'),
(28, 18, 'Fearing', 0.00, 1200.00, 1, '2025-05-30 08:56:57', '2025-05-30 08:56:57'),
(29, 10, 'Foot Rest', 0.00, 500.00, 1, '2025-05-30 08:57:35', '2025-05-30 08:57:35'),
(30, 2, 'Clutch Plate & Pressure Plate', 0.00, 1000.00, 1, '2025-05-30 08:58:26', '2025-05-30 08:58:26'),
(31, 2, 'Clutch Side Full Set', 0.00, 3000.00, 1, '2025-05-30 08:59:00', '2025-05-30 08:59:00'),
(32, 10, 'Rubber', 0.00, 100.00, 1, '2025-05-30 08:59:23', '2025-05-30 08:59:23'),
(33, 10, 'Conduct Switch', 0.00, 400.00, 1, '2025-05-30 08:59:49', '2025-05-30 08:59:49'),
(34, 10, 'Screw', 0.00, 100.00, 1, '2025-05-30 09:00:21', '2025-05-30 09:00:21'),
(35, 10, 'Push Clip', 0.00, 100.00, 1, '2025-05-30 09:00:45', '2025-05-30 09:00:45'),
(36, 10, 'Self Carbon', 0.00, 500.00, 1, '2025-05-30 09:01:36', '2025-05-30 09:01:36'),
(37, 10, 'Looking Glass', 0.00, 300.00, 1, '2025-05-30 09:02:03', '2025-05-30 09:02:03'),
(38, 2, 'Hub Center', 0.00, 2000.00, 1, '2025-05-30 15:04:14', '2025-05-30 15:04:14'),
(39, 18, '7/8 Part', 0.00, 1000.00, 1, '2025-05-30 15:07:16', '2025-05-30 15:07:16'),
(40, 10, 'ACC Cable', 0.00, 300.00, 1, '2025-05-30 15:07:43', '2025-05-30 15:07:43'),
(41, 10, 'Back light Cover', 0.00, 1000.00, 1, '2025-05-30 15:08:23', '2025-05-30 15:08:23'),
(42, 10, 'Back Light', 0.00, 1000.00, 1, '2025-05-30 15:08:40', '2025-05-30 15:08:40'),
(43, 18, 'Back Panel', 0.00, 500.00, 1, '2025-05-30 15:09:10', '2025-05-30 15:09:10'),
(44, 10, 'Ball reacher', 0.00, 1000.00, 1, '2025-05-30 15:09:47', '2025-05-30 15:09:47'),
(45, 10, 'Bearing', 0.00, 200.00, 1, '2025-05-30 15:10:10', '2025-05-30 15:10:10'),
(46, 10, 'Boket', 0.00, 200.00, 1, '2025-05-30 15:10:54', '2025-05-30 15:10:54'),
(47, 10, 'Hos Pipe', 0.00, 300.00, 1, '2025-05-30 15:11:21', '2025-05-30 15:11:21'),
(48, 10, 'Break Padel', 0.00, 1000.00, 1, '2025-05-30 15:11:49', '2025-05-30 15:11:49'),
(49, 10, 'Back Chassis Bush', 0.00, 2000.00, 1, '2025-05-30 15:12:52', '2025-05-30 15:12:52'),
(50, 10, 'Break Caliper', 0.00, 2000.00, 1, '2025-05-30 15:13:24', '2025-05-30 15:13:24'),
(51, 10, 'Break Switch', 0.00, 200.00, 1, '2025-05-30 15:13:48', '2025-05-30 15:13:48'),
(52, 2, 'Carburetor Hos Pipe', 0.00, 200.00, 1, '2025-05-30 15:15:30', '2025-05-30 15:15:30'),
(53, 10, 'CDI', 0.00, 4000.00, 1, '2025-05-30 15:15:46', '2025-05-30 15:15:46'),
(54, 10, 'Rectifier', 0.00, 3000.00, 1, '2025-05-30 15:16:31', '2025-05-30 15:16:31'),
(55, 18, 'Chain Cover', 0.00, 500.00, 1, '2025-05-30 15:16:55', '2025-05-30 15:16:55'),
(56, 10, 'Chok Cable', 0.00, 500.00, 1, '2025-05-30 15:17:13', '2025-05-30 15:17:13'),
(57, 2, 'Cylinder', 0.00, 5000.00, 1, '2025-05-30 15:17:57', '2025-05-30 15:17:57'),
(58, 18, '1/2 Part', 0.00, 6000.00, 1, '2025-05-30 15:18:35', '2025-05-30 15:18:35'),
(59, 18, 'Tank Cover', 0.00, 4000.00, 1, '2025-05-30 15:18:59', '2025-05-30 15:18:59'),
(60, 18, 'Tank Middle Part', 0.00, 1000.00, 1, '2025-05-30 15:19:22', '2025-05-30 15:19:22'),
(61, 18, 'Engine Cover', 0.00, 2000.00, 1, '2025-05-30 15:19:48', '2025-05-30 15:19:48'),
(62, 10, 'Crankshaft', 0.00, 8000.00, 1, '2025-05-30 15:21:19', '2025-05-30 15:21:19'),
(63, 2, 'Connecting Rod', 0.00, 2000.00, 1, '2025-05-30 15:21:38', '2025-05-30 15:21:38'),
(64, 10, 'Drum Rubber', 0.00, 500.00, 1, '2025-05-30 15:22:03', '2025-05-30 15:22:03'),
(65, 10, 'Double Stand', 0.00, 1500.00, 1, '2025-05-30 15:22:21', '2025-05-30 15:22:21'),
(66, 10, 'Single Stand', 0.00, 700.00, 1, '2025-05-30 15:22:39', '2025-05-30 15:22:39'),
(67, 18, 'Head Light Glass', 0.00, 1200.00, 1, '2025-05-30 15:23:07', '2025-05-30 15:23:07'),
(68, 10, 'Clutch Leaver', 0.00, 300.00, 1, '2025-05-30 15:23:34', '2025-05-30 15:23:34'),
(69, 10, 'Break Leaver', 0.00, 300.00, 1, '2025-05-30 15:23:51', '2025-05-30 15:23:51'),
(70, 10, 'Visor', 0.00, 1000.00, 1, '2025-05-30 15:24:15', '2025-05-30 15:24:15'),
(71, 15, 'Meter Casing', 0.00, 1000.00, 1, '2025-05-30 15:24:39', '2025-05-30 15:24:39'),
(72, 4, 'Suspension', 0.00, 5000.00, 1, '2025-05-30 15:25:18', '2025-05-30 15:25:18'),
(73, 4, 'Suspension Oil', 0.00, 350.00, 1, '2025-05-30 15:25:45', '2025-05-30 15:25:45'),
(74, 4, 'Suspension Oil Sill', 0.00, 400.00, 1, '2025-05-30 15:26:08', '2025-05-30 15:26:08'),
(75, 4, 'Suspension Spring', 0.00, 2000.00, 1, '2025-05-30 15:26:24', '2025-05-30 15:26:24'),
(76, 10, 'Handle', 0.00, 700.00, 1, '2025-05-30 15:26:42', '2025-05-30 15:26:42'),
(77, 10, 'Chapa', 0.00, 1500.00, 1, '2025-05-30 15:27:02', '2025-05-30 15:27:02'),
(78, 10, 'Lock Set', 0.00, 2000.00, 1, '2025-05-30 15:27:20', '2025-05-30 15:27:20'),
(79, 10, 'Key', 0.00, 200.00, 1, '2025-05-30 15:27:35', '2025-05-30 15:27:35'),
(80, 10, 'Indicator', 0.00, 300.00, 1, '2025-05-30 15:28:02', '2025-05-30 15:28:02'),
(81, 10, 'Back Carrier', 0.00, 1200.00, 1, '2025-05-30 15:28:44', '2025-05-30 15:28:44'),
(82, 18, 'Cover Five', 0.00, 700.00, 1, '2025-05-30 15:29:05', '2025-05-30 15:29:05'),
(83, 10, 'Silencer Cover', 0.00, 1200.00, 1, '2025-05-30 15:29:39', '2025-05-30 15:29:39'),
(84, 10, 'Silencer Cap', 0.00, 1000.00, 1, '2025-05-30 15:30:06', '2025-05-30 15:30:06'),
(85, 6, 'Tyre Change', 0.00, 200.00, 1, '2025-05-30 15:31:13', '2025-05-30 15:31:13'),
(86, 6, 'Tyre', 0.00, 4000.00, 1, '2025-05-30 15:31:30', '2025-05-30 15:31:30'),
(87, 10, 'Logo', 0.00, 300.00, 1, '2025-05-30 15:32:05', '2025-05-30 15:32:05'),
(88, 10, 'Sticker', 0.00, 1000.00, 1, '2025-05-30 15:32:23', '2025-05-30 15:32:23'),
(89, 10, 'Hydraulic Disk', 0.00, 2000.00, 1, '2025-05-30 15:33:21', '2025-05-30 15:33:21'),
(90, 10, 'Out Coil', 0.00, 1000.00, 1, '2025-05-30 15:33:52', '2025-05-30 15:33:52'),
(91, 18, 'Tank Cap', 0.00, 1000.00, 1, '2025-05-30 15:34:15', '2025-05-30 15:34:15'),
(92, 10, 'Battery', 0.00, 1200.00, 1, '2025-05-30 15:35:21', '2025-05-30 15:35:21'),
(93, 10, 'Fuse', 0.00, 30.00, 1, '2025-05-30 15:35:45', '2025-05-30 15:35:45'),
(94, 10, 'Air Filter', 0.00, 500.00, 1, '2025-05-30 15:36:02', '2025-05-30 15:36:02'),
(95, 10, 'Oil Filter', 0.00, 300.00, 1, '2025-05-30 15:36:26', '2025-05-30 15:36:26'),
(96, 10, 'Throttle Body', 0.00, 5000.00, 1, '2025-05-30 15:37:13', '2025-05-30 15:37:13'),
(97, 10, 'Dim Light', 0.00, 200.00, 1, '2025-05-30 15:38:04', '2025-05-30 15:38:04'),
(98, 10, 'Sit Cover', 0.00, 300.00, 1, '2025-05-30 15:39:50', '2025-05-30 15:39:50'),
(99, 18, 'Side Cover', 0.00, 1000.00, 1, '2025-05-30 15:41:20', '2025-05-30 15:41:20'),
(100, 10, 'Kick', 0.00, 1000.00, 1, '2025-05-30 15:41:57', '2025-05-30 15:41:57'),
(101, 10, 'Fuel Pump', 0.00, 4000.00, 1, '2025-05-30 15:42:28', '2025-05-30 15:42:28'),
(102, 10, 'Fuel Injector', 0.00, 2000.00, 1, '2025-05-30 15:42:48', '2025-05-30 15:42:48'),
(103, 2, 'Adjuster', 0.00, 500.00, 1, '2025-05-30 15:43:16', '2025-05-30 15:43:16'),
(104, 2, 'Guarder', 0.00, 1000.00, 1, '2025-05-30 15:44:12', '2025-05-30 15:44:12'),
(105, 2, 'Timing Chain', 0.00, 1000.00, 1, '2025-05-30 15:45:13', '2025-05-30 15:45:13'),
(106, 2, 'Rocker', 0.00, 2000.00, 1, '2025-05-30 15:46:25', '2025-05-30 15:46:25'),
(107, 2, 'Piston', 0.00, 1200.00, 1, '2025-05-30 15:47:19', '2025-05-30 15:47:19'),
(108, 2, 'Lead Work', 0.00, 500.00, 1, '2025-05-30 15:48:14', '2025-05-30 15:48:14'),
(109, 10, 'Self Motor', 0.00, 1000.00, 1, '2025-05-30 15:50:53', '2025-05-30 15:50:53'),
(110, 10, 'Self Roller', 0.00, 1000.00, 1, '2025-05-30 15:51:34', '2025-05-30 15:51:34'),
(111, 2, 'Valve', 0.00, 2000.00, 1, '2025-05-30 15:52:18', '2025-05-30 15:52:18'),
(112, 2, 'Rocker Pin', 0.00, 500.00, 1, '2025-05-30 15:53:03', '2025-05-30 15:53:03'),
(113, 2, 'Head Rubber', 0.00, 500.00, 1, '2025-05-30 15:53:52', '2025-05-30 15:53:52'),
(114, 2, 'Gaskit', 0.00, 500.00, 1, '2025-05-30 15:54:27', '2025-05-30 15:54:27'),
(115, 2, 'Gear Penium', 0.00, 2000.00, 1, '2025-05-30 15:55:26', '2025-05-30 15:55:26'),
(116, 10, 'Gear Leaver', 0.00, 500.00, 1, '2025-05-30 15:55:53', '2025-05-30 15:55:53'),
(117, 10, 'Coolant', 0.00, 500.00, 1, '2025-05-30 15:56:42', '2025-05-30 15:56:42'),
(118, 14, 'Kerosine', 0.00, 100.00, 1, '2025-05-30 15:57:12', '2025-05-30 15:57:12'),
(119, 14, 'WD-40', 0.00, 350.00, 1, '2025-05-30 15:58:00', '2025-05-30 15:58:00'),
(120, 19, 'Muster Services', 0.00, 2000.00, 1, '2025-05-30 20:26:30', '2025-05-30 20:26:30'),
(121, 19, 'Muster Services', 0.00, 2000.00, 1, '2025-05-30 20:26:30', '2025-05-30 20:26:30'),
(122, 19, 'General Service', 0.00, 1000.00, 1, '2025-05-30 20:27:24', '2025-05-30 20:27:24'),
(123, 19, 'General Service', 0.00, 1000.00, 1, '2025-05-30 20:27:25', '2025-05-30 20:27:25'),
(124, 1, 'Polish kit', 0.00, 500.00, 1, '2025-06-05 07:06:16', '2025-06-05 07:06:16'),
(125, 14, 'Spray', 0.00, 150.00, 1, '2025-06-05 07:52:18', '2025-06-05 07:52:18'),
(126, 14, 'Shiner', 0.00, 180.00, 1, '2025-06-05 07:52:44', '2025-06-05 07:52:44'),
(127, 14, 'Wrapping', 0.00, 200.00, 1, '2025-06-05 07:53:03', '2025-06-05 07:53:03'),
(128, 14, 'Kapor', 0.00, 100.00, 1, '2025-06-05 07:54:10', '2025-06-05 07:54:10'),
(129, 12, 'Color', 0.00, 1000.00, 1, '2025-06-05 07:57:54', '2025-06-05 07:57:54'),
(130, 14, 'Harpic', 0.00, 120.00, 1, '2025-06-05 08:06:53', '2025-06-05 08:06:53'),
(131, 20, 'Tax-Token Renew', 0.00, 3500.00, 1, '2025-06-06 15:49:59', '2025-06-06 15:49:59'),
(132, 21, 'Acknowledgment', 0.00, 2500.00, 1, '2025-06-06 15:50:26', '2025-06-06 15:50:26'),
(133, 22, 'ABS Cable', 3800.00, 4000.00, 1, '2025-06-28 07:57:01', '2025-06-28 07:57:01'),
(134, 22, 'ABS Disk', 1.00, 2500.00, 1, '2025-06-28 07:58:14', '2025-06-28 07:58:14'),
(135, 19, 'LED', 1.00, 500.00, 1, '2025-07-01 10:20:09', '2025-07-01 10:20:09'),
(136, 19, 'Jhalay', 1.00, 200.00, 1, '2025-07-01 10:32:43', '2025-07-01 10:32:43'),
(137, 10, 'Show Light', 1.00, 350.00, 1, '2025-07-01 11:19:48', '2025-07-01 11:19:48'),
(138, 10, 'Tyre Guard', 1.00, 400.00, 1, '2025-07-01 11:20:43', '2025-07-01 11:20:43'),
(139, 10, 'Glue', 1.00, 100.00, 1, '2025-07-01 11:41:33', '2025-07-01 11:41:33'),
(140, 1, 'Fuel', 1.00, 100.00, 1, '2025-07-01 11:57:31', '2025-07-01 11:57:31'),
(141, 10, 'Mud Gurd', 1.00, 2000.00, 1, '2025-07-23 09:15:39', '2025-07-23 09:15:39'),
(142, 10, 'Shiri', 1.00, 250.00, 1, '2025-07-23 09:34:18', '2025-07-23 09:34:18'),
(143, 10, 'Suspension Nut', 1.00, 1300.00, 1, '2025-07-23 09:42:37', '2025-07-23 09:42:37'),
(144, 5, 'ECU', 1.00, 4500.00, 1, '2025-07-26 07:41:11', '2025-07-26 07:41:11'),
(145, 1, 'Registration Bank Draft', 1.00, 12000.00, 1, '2025-07-26 07:41:38', '2025-07-26 07:41:38'),
(146, 1, 'Case', 1.00, 1000.00, 1, '2025-07-29 07:35:51', '2025-07-29 07:35:51'),
(147, 10, 'Sprocket House', 1.00, 950.00, 1, '2025-07-29 07:37:22', '2025-07-29 07:37:22'),
(148, 1, 'Motoshed Service', 1.00, 600.00, 1, '2026-01-20 09:24:26', '2026-01-20 09:24:26'),
(149, 1, 'Clutch Basket', 1.00, 2950.00, 1, '2026-01-20 09:24:26', '2026-02-24 06:53:25'),
(150, 1, 'Sit cover', 1.00, 300.00, 1, '2026-01-20 09:29:08', '2026-01-20 09:29:08'),
(151, 1, 'Seat cover', 1.00, 300.00, 1, '2026-01-20 09:29:08', '2026-02-24 05:51:20'),
(152, 2, 'Self Penium', 1.00, 1200.00, 1, '2026-01-28 11:13:38', '2026-01-28 11:13:38'),
(153, 1, 'Ignition Coil', 1.00, 1400.00, 1, '2026-01-31 06:14:01', '2026-01-31 06:14:01'),
(154, 1, 'Valve Oil Sill', 1.00, 450.00, 1, '2026-01-31 06:14:02', '2026-02-24 06:50:24'),
(155, 10, 'Headlight', 1.00, 6200.00, 1, '2026-02-19 06:06:21', '2026-02-19 06:06:21'),
(156, 10, 'Headlight Clum', 1.00, 1150.00, 1, '2026-02-19 06:06:21', '2026-02-24 05:50:10'),
(157, 5, 'ABS Motor Services', 1.00, 1000.00, 1, '2026-02-26 11:04:22', '2026-02-26 11:04:22'),
(158, 10, 'Seat Cap', 1.00, 150.00, 1, '2026-03-05 07:12:43', '2026-03-05 07:12:43');

-- --------------------------------------------------------

--
-- Table structure for table `bike_service_categories`
--

CREATE TABLE `bike_service_categories` (
  `id` bigint(20) UNSIGNED NOT NULL,
  `name` varchar(255) NOT NULL,
  `status` tinyint(3) UNSIGNED NOT NULL DEFAULT 1 COMMENT '0=Inactive, 1=Active',
  `created_at` timestamp NULL DEFAULT NULL,
  `updated_at` timestamp NULL DEFAULT NULL
) ENGINE=InnoDB DEFAULT CHARSET=utf8mb4 COLLATE=utf8mb4_unicode_ci;

--
-- Dumping data for table `bike_service_categories`
--

INSERT INTO `bike_service_categories` (`id`, `name`, `status`, `created_at`, `updated_at`) VALUES
(1, 'Regular Maintenance', 1, '2025-03-05 05:58:15', '2025-03-05 05:58:15'),
(2, 'Engine Services', 1, '2025-03-05 05:58:32', '2025-03-05 05:58:32'),
(3, 'Brake & Clutch Services', 1, '2025-03-05 05:58:41', '2025-03-05 05:58:41'),
(4, 'Suspension & Steering', 1, '2025-03-05 05:58:47', '2025-03-05 05:58:47'),
(5, 'Electrical & Battery Services', 1, '2025-03-05 05:58:58', '2025-03-05 05:58:58'),
(6, 'Tyre & Wheel Services', 1, '2025-03-05 05:59:05', '2025-03-05 05:59:05'),
(7, 'Chain & Sprocket Services', 1, '2025-03-05 05:59:12', '2025-03-05 05:59:12'),
(8, 'Fuel System Services', 1, '2025-03-05 05:59:18', '2025-03-05 05:59:18'),
(9, 'Fuel System Services', 1, '2025-03-05 05:59:26', '2025-03-05 05:59:26'),
(10, 'Parts & Accessories', 1, '2025-03-05 05:59:35', '2025-05-30 07:00:24'),
(11, 'Stamp', 1, '2025-05-25 09:22:28', '2025-05-25 09:22:28'),
(12, 'Color', 1, '2025-05-26 13:57:59', '2025-05-30 06:59:53'),
(13, 'Engine Work', 1, '2025-05-27 11:02:31', '2025-05-30 06:59:28'),
(14, 'Ready', 1, '2025-05-30 08:40:57', '2025-05-30 08:40:57'),
(15, 'Meter', 1, '2025-05-30 08:42:50', '2025-05-30 08:42:50'),
(16, 'Expenses', 1, '2025-05-30 08:44:51', '2025-05-30 08:44:51'),
(17, 'Carrying Cost', 1, '2025-05-30 08:45:44', '2025-05-30 08:45:44'),
(18, 'Bike Outer Body Kit', 1, '2025-05-30 08:53:01', '2025-05-30 08:53:01'),
(19, 'Service', 1, '2025-05-30 20:25:51', '2025-05-30 20:25:51'),
(20, 'Tax-Token', 1, '2025-06-06 15:48:30', '2025-06-06 15:48:30'),
(21, 'Acknowledgment', 1, '2025-06-06 15:49:28', '2025-06-06 15:49:28'),
(22, 'ABS', 1, '2025-06-28 07:54:34', '2025-06-28 07:54:34');

-- --------------------------------------------------------

--
-- Table structure for table `bike_service_records`
--

CREATE TABLE `bike_service_records` (
  `id` bigint(20) UNSIGNED NOT NULL,
  `invoice_no` varchar(255) DEFAULT NULL,
  `bike_purchase_id` bigint(20) DEFAULT NULL,
  `customer_id` bigint(20) DEFAULT NULL,
  `account_id` bigint(20) DEFAULT NULL,
  `date` date NOT NULL,
  `total_amount` decimal(20,2) NOT NULL,
  `reference_number` varchar(255) DEFAULT NULL,
  `note` varchar(255) DEFAULT NULL,
  `status` tinyint(3) UNSIGNED NOT NULL DEFAULT 1 COMMENT '0=Pending, 1=Approved',
  `created_by_id` bigint(20) DEFAULT NULL,
  `updated_by_id` bigint(20) DEFAULT NULL,
  `created_at` timestamp NULL DEFAULT NULL,
  `updated_at` timestamp NULL DEFAULT NULL
) ENGINE=InnoDB DEFAULT CHARSET=utf8mb4 COLLATE=utf8mb4_unicode_ci;

--
-- Dumping data for table `bike_service_records`
--

INSERT INTO `bike_service_records` (`id`, `invoice_no`, `bike_purchase_id`, `customer_id`, `account_id`, `date`, `total_amount`, `reference_number`, `note`, `status`, `created_by_id`, `updated_by_id`, `created_at`, `updated_at`) VALUES
(1, '0000001', 1, NULL, 1, '2025-06-02', 4080.00, NULL, 'Total Exp.', 1, 1, 1, '2025-06-02 12:52:24', '2025-06-02 12:52:36'),
(2, '0000002', 1, NULL, 1, '2025-06-02', 300.00, NULL, NULL, 1, 1, 1, '2025-06-02 12:53:15', '2025-06-02 13:51:10'),
(3, '0000003', 2, NULL, 1, '2025-06-02', 2300.00, NULL, 'Total Exp.', 1, 1, 1, '2025-06-02 12:55:15', '2025-06-02 13:51:08'),
(4, '0000004', 3, NULL, 1, '2025-06-02', 12780.00, NULL, 'Total Exp.', 1, 1, 1, '2025-06-02 12:57:23', '2025-06-02 13:51:05'),
(5, '0000005', 4, NULL, 1, '2025-06-02', 1400.00, NULL, 'Total Exp.', 1, 1, 1, '2025-06-02 13:00:04', '2025-06-02 13:51:02'),
(6, '0000006', 5, NULL, 1, '2025-06-02', 1800.00, NULL, 'Total Exp.', 1, 1, 1, '2025-06-02 13:01:29', '2025-06-02 13:50:59'),
(7, '0000007', 6, NULL, 1, '2025-06-02', 4130.00, NULL, 'Total Exp.', 1, 1, 1, '2025-06-02 13:03:38', '2025-06-02 13:50:56'),
(8, '0000008', 8, NULL, 1, '2025-06-02', 4500.00, NULL, 'Total Exp.', 1, 1, 1, '2025-06-02 13:07:31', '2025-06-02 13:50:53'),
(9, '0000009', 9, NULL, 1, '2025-06-02', 4950.00, NULL, 'Total Exp.', 1, 1, 1, '2025-06-02 13:10:14', '2025-06-02 13:50:51'),
(10, '0000010', 20, NULL, 1, '2025-06-02', 10500.00, NULL, 'Total Exp.', 1, 1, 1, '2025-06-02 13:25:53', '2025-06-02 13:50:48'),
(11, '0000011', 19, NULL, 1, '2025-06-02', 1400.00, NULL, 'Total Exp.', 1, 1, 1, '2025-06-02 13:28:05', '2025-06-02 13:50:44'),
(12, '0000012', 18, NULL, 1, '2025-06-02', 10600.00, NULL, 'Total Exp.', 1, 1, 1, '2025-06-02 13:32:32', '2025-06-02 13:50:41'),
(13, '0000013', 17, NULL, 1, '2025-06-02', 7060.00, NULL, 'Total Exp.', 1, 1, 1, '2025-06-02 13:35:23', '2025-06-02 13:50:39'),
(14, '0000014', 16, NULL, 1, '2025-06-02', 3900.00, NULL, 'Total Exp.', 1, 1, 1, '2025-06-02 13:37:33', '2025-06-02 13:50:36'),
(15, '0000015', 12, NULL, 1, '2025-06-02', 1350.00, NULL, 'Total Exp.', 1, 1, 1, '2025-06-02 13:40:23', '2025-06-02 13:50:33'),
(16, '0000016', 11, NULL, 1, '2025-06-02', 14050.00, NULL, 'Total Exp.', 1, 1, 1, '2025-06-02 13:43:00', '2025-06-02 13:50:30'),
(17, '0000017', 10, NULL, 1, '2025-06-02', 6950.00, NULL, 'Total Exp.', 1, 1, 1, '2025-06-02 13:44:48', '2025-06-02 13:50:27'),
(18, '0000018', 15, NULL, 1, '2025-06-02', 1500.00, NULL, 'Total Exp.', 1, 1, 1, '2025-06-02 13:45:58', '2025-06-02 13:50:24'),
(19, '0000019', 14, NULL, 1, '2025-06-02', 1100.00, NULL, 'Total Exp.', 1, 1, 1, '2025-06-02 13:48:10', '2025-06-02 13:50:20'),
(20, '0000020', 13, NULL, 1, '2025-06-02', 6300.00, NULL, 'Total Exp.', 1, 1, 1, '2025-06-02 13:49:46', '2025-06-02 13:50:17'),
(21, '0000021', 21, NULL, 1, '2025-06-03', 3020.00, NULL, 'Total Exp.', 1, 1, 1, '2025-06-03 08:51:14', '2025-06-03 08:51:49'),
(22, '0000022', 24, NULL, 1, '2025-06-05', 600.00, NULL, 'Sajib Conv.', 1, 1, 1, '2025-06-05 06:59:18', '2025-06-05 08:10:22'),
(23, '0000023', 23, NULL, 1, '2025-06-05', 100.00, NULL, 'Sajib Conv.', 1, 1, 1, '2025-06-05 07:00:09', '2025-06-05 08:10:19'),
(24, '0000024', 24, NULL, 1, '2025-06-05', 370.00, NULL, 'Polish, Foam, Carson', 1, 1, 1, '2025-06-05 07:02:00', '2025-06-05 08:10:15'),
(25, '0000025', 23, NULL, 1, '2025-06-05', 370.00, NULL, 'Polish, Foam, Carson', 1, 1, 1, '2025-06-05 07:02:43', '2025-06-05 08:10:13'),
(26, '0000026', 12, NULL, 1, '2025-06-05', 370.00, NULL, 'Polish, Foam, Carson', 1, 1, 1, '2025-06-05 07:03:20', '2025-06-05 08:10:09'),
(27, '0000027', 2, NULL, 1, '2025-06-05', 370.00, NULL, 'Polish, Foam, Carson', 1, 1, 1, '2025-06-05 07:04:09', '2025-06-05 08:10:05'),
(28, '0000028', 22, NULL, 1, '2025-06-05', 370.00, NULL, 'Polish, Foam, Carson', 1, 1, 1, '2025-06-05 07:04:49', '2025-06-05 08:10:02'),
(29, '0000029', 3, NULL, 1, '2025-06-05', 370.00, NULL, 'Polish, Foam, Carson', 1, 1, 1, '2025-06-05 07:05:39', '2025-06-05 08:09:59'),
(30, '0000030', 23, NULL, 1, '2025-06-05', 1000.00, NULL, NULL, 1, 1, 1, '2025-06-05 07:07:22', '2025-06-05 08:09:56'),
(31, '0000031', 24, NULL, 1, '2025-06-05', 300.00, NULL, NULL, 1, 1, 1, '2025-06-05 07:08:33', '2025-06-05 08:09:53'),
(32, '0000032', 24, NULL, 1, '2025-06-05', 290.00, NULL, 'Kapor, Kerosin, Gunspray', 1, 1, 1, '2025-06-05 07:12:41', '2025-06-05 08:09:50'),
(33, '0000033', 2, NULL, 1, '2025-06-05', 100.00, NULL, 'Sajib Conv.', 1, 1, 1, '2025-06-05 07:20:48', '2025-06-05 08:09:47'),
(34, '0000034', 26, NULL, 1, '2025-06-05', 2350.00, NULL, 'Inner, Kolar, Wrapping (7/8 part,exp.)', 1, 1, 1, '2025-06-05 07:50:54', '2025-06-05 08:09:44'),
(35, '0000035', 27, NULL, 1, '2025-06-05', 5500.00, NULL, NULL, 1, 1, 1, '2025-06-05 07:57:09', '2025-06-05 08:09:41'),
(36, '0000036', 25, NULL, 1, '2025-06-05', 270.00, NULL, NULL, 1, 1, 1, '2025-06-05 08:03:04', '2025-06-05 08:09:37'),
(37, '0000037', 27, NULL, 1, '2025-06-05', 300.00, NULL, NULL, 1, 1, 1, '2025-06-05 08:04:08', '2025-06-05 08:09:34'),
(38, '0000038', 25, NULL, 1, '2025-06-05', 650.00, NULL, NULL, 1, 1, 1, '2025-06-05 08:05:56', '2025-06-05 08:09:30'),
(39, '0000039', 27, NULL, 1, '2025-06-05', 480.00, NULL, NULL, 1, 1, 1, '2025-06-05 08:09:07', '2025-06-05 08:09:27'),
(40, '0000040', 1, NULL, 1, '2025-06-06', 3500.00, NULL, 'Not paid Yet', 1, 1, 1, '2025-06-06 15:52:13', '2025-06-06 15:52:17'),
(41, '0000041', 28, NULL, 1, '2025-06-06', 2000.00, NULL, 'Head light Clumn, Conv.,', 1, 1, 1, '2025-06-06 16:09:47', '2025-06-06 16:09:57'),
(42, '0000042', 4, NULL, 1, '2025-06-28', 350.00, NULL, NULL, 1, 1, 1, '2025-06-28 07:33:30', '2025-06-28 13:55:33'),
(43, '0000043', 5, NULL, 1, '2025-06-28', 2370.00, NULL, NULL, 1, 1, 1, '2025-06-28 07:39:47', '2025-06-28 13:55:30'),
(44, '0000044', 7, NULL, 1, '2025-06-28', 6500.00, NULL, NULL, 1, 1, 1, '2025-06-28 07:58:54', '2025-06-28 13:55:27'),
(45, '0000045', 5, NULL, 1, '2025-07-01', 1300.00, NULL, NULL, 1, 1, 1, '2025-07-01 10:19:15', '2025-07-01 12:50:36'),
(46, '0000046', 3, NULL, 1, '2025-07-01', 350.00, NULL, 'Ignitor', 1, 1, 1, '2025-07-01 10:21:50', '2025-07-01 12:50:35'),
(47, '0000047', 3, NULL, 1, '2025-07-01', 100.00, NULL, NULL, 1, 1, 1, '2025-07-01 10:24:13', '2025-07-01 12:50:33'),
(48, '0000048', 4, NULL, 1, '2025-07-01', 100.00, NULL, NULL, 1, 1, 1, '2025-07-01 10:24:33', '2025-07-01 12:50:31'),
(49, '0000049', 13, NULL, 1, '2025-07-01', 100.00, NULL, NULL, 1, 1, 1, '2025-07-01 10:24:58', '2025-07-01 12:50:30'),
(50, '0000050', 18, NULL, 1, '2025-07-01', 200.00, NULL, NULL, 1, 1, 1, '2025-07-01 10:25:43', '2025-07-01 12:50:28'),
(51, '0000051', 7, NULL, 1, '2025-07-01', 150.00, NULL, NULL, 1, 1, 1, '2025-07-01 10:29:43', '2025-07-01 12:50:26'),
(52, '0000052', 29, NULL, 1, '2025-07-01', 700.00, NULL, NULL, 1, 1, 1, '2025-07-01 10:32:07', '2025-07-01 12:50:25'),
(53, '0000053', 7, NULL, 1, '2025-07-01', 200.00, NULL, 'Ignitor', 1, 1, 1, '2025-07-01 10:34:26', '2025-07-01 12:50:22'),
(54, '0000054', 20, NULL, 1, '2025-07-01', 150.00, NULL, NULL, 1, 1, 1, '2025-07-01 10:41:50', '2025-07-01 12:50:21'),
(55, '0000055', 33, NULL, 1, '2025-07-01', 19850.00, NULL, NULL, 1, 1, 1, '2025-07-01 11:19:06', '2025-07-01 12:50:19'),
(56, '0000056', 22, NULL, 1, '2025-07-01', 1100.00, NULL, 'Hornet', 1, 1, 1, '2025-07-01 11:23:01', '2025-07-01 12:50:17'),
(57, '0000057', 16, NULL, 1, '2025-07-01', 2700.00, NULL, NULL, 1, 1, 1, '2025-07-01 11:26:42', '2025-07-01 12:50:15'),
(58, '0000058', 31, NULL, 1, '2025-07-01', 450.00, NULL, NULL, 1, 1, 1, '2025-07-01 11:34:39', '2025-07-01 12:50:14'),
(59, '0000059', 32, NULL, 1, '2025-07-01', 2700.00, NULL, NULL, 1, 1, 1, '2025-07-01 11:39:50', '2025-07-01 12:50:12'),
(60, '0000060', 34, NULL, 1, '2025-07-01', 1750.00, NULL, NULL, 1, 1, 1, '2025-07-01 11:45:12', '2025-07-01 12:50:11'),
(61, '0000061', 29, NULL, 1, '2025-07-01', 4720.00, NULL, NULL, 1, 1, 1, '2025-07-01 11:48:59', '2025-07-01 12:50:09'),
(62, '0000062', 5, NULL, 1, '2025-07-01', 1210.00, NULL, NULL, 1, 1, 1, '2025-07-01 11:54:34', '2025-07-01 12:50:08'),
(63, '0000063', 7, NULL, 1, '2025-07-01', 1200.00, NULL, NULL, 1, 1, 1, '2025-07-01 11:58:25', '2025-07-01 12:50:06'),
(64, '0000064', 9, NULL, 1, '2025-07-01', 250.00, NULL, NULL, 1, 1, 1, '2025-07-01 11:59:29', '2025-07-01 12:50:04'),
(65, '0000065', 15, NULL, 1, '2025-07-01', 800.00, NULL, NULL, 1, 1, 1, '2025-07-01 12:03:03', '2025-07-01 12:50:01'),
(66, '0000066', 34, NULL, 1, '2025-07-01', 500.00, NULL, NULL, 1, 1, 1, '2025-07-01 12:18:44', '2025-07-01 12:49:59'),
(67, '0000067', 29, NULL, 1, '2025-07-01', 4000.00, NULL, NULL, 1, 1, 1, '2025-07-01 12:20:42', '2025-07-01 12:49:56'),
(68, '0000068', 31, NULL, 1, '2025-07-01', 1850.00, NULL, NULL, 1, 1, 1, '2025-07-01 12:21:10', '2025-07-01 12:49:53'),
(69, '0000069', 32, NULL, 1, '2025-07-01', 300.00, NULL, NULL, 1, 1, 1, '2025-07-01 12:21:31', '2025-07-01 12:49:51'),
(70, '0000070', 33, NULL, 1, '2025-07-01', 6500.00, NULL, NULL, 1, 1, 1, '2025-07-01 12:22:21', '2025-07-01 12:49:48'),
(71, '0000071', 6, NULL, 1, '2025-07-01', 2650.00, NULL, NULL, 1, 1, 1, '2025-07-01 12:22:47', '2025-07-01 12:49:45'),
(72, '0000072', 23, NULL, 1, '2025-07-01', 800.00, NULL, NULL, 1, 1, 1, '2025-07-01 12:24:08', '2025-07-01 12:49:42'),
(73, '0000073', 30, NULL, 1, '2025-07-01', 3850.00, NULL, NULL, 1, 1, 1, '2025-07-01 12:25:01', '2025-07-01 12:49:39'),
(74, '0000074', 35, NULL, 1, '2025-07-03', 1570.00, NULL, NULL, 1, 1, 1, '2025-07-03 14:07:36', '2025-07-03 14:07:41'),
(75, '0000075', 35, NULL, 1, '2025-07-03', 3500.00, NULL, NULL, 1, 1, 1, '2025-07-03 14:09:08', '2025-07-03 14:09:13'),
(76, '0000076', 45, NULL, 1, '2025-07-23', 3000.00, NULL, NULL, 1, 1, 1, '2025-07-23 09:06:41', '2025-07-23 10:08:05'),
(77, '0000077', 44, NULL, 1, '2025-07-23', 500.00, NULL, NULL, 1, 1, 1, '2025-07-23 09:07:43', '2025-07-23 10:08:03'),
(78, '0000078', 43, NULL, 1, '2025-07-23', 1600.00, NULL, NULL, 1, 1, 1, '2025-07-23 09:09:40', '2025-07-23 10:08:02'),
(79, '0000079', 46, NULL, 1, '2025-07-23', 700.00, NULL, NULL, 1, 1, 1, '2025-07-23 09:10:33', '2025-07-23 10:08:00'),
(80, '0000080', 41, NULL, 1, '2025-07-23', 1550.00, NULL, NULL, 1, 1, 1, '2025-07-23 09:11:12', '2025-07-23 10:07:59'),
(81, '0000081', 37, NULL, 1, '2025-07-23', 2050.00, NULL, NULL, 1, 1, 1, '2025-07-23 09:12:07', '2025-07-23 10:07:57'),
(82, '0000082', 36, NULL, 1, '2025-07-23', 6100.00, NULL, NULL, 1, 1, 1, '2025-07-23 09:17:50', '2025-07-23 10:07:56'),
(83, '0000083', 47, NULL, 1, '2025-07-23', 850.00, NULL, NULL, 1, 1, 1, '2025-07-23 09:19:39', '2025-07-23 10:07:54'),
(84, '0000084', 38, NULL, 1, '2025-07-23', 31500.00, NULL, NULL, 1, 1, 1, '2025-07-23 09:25:26', '2025-07-23 10:07:52'),
(85, '0000085', 42, NULL, 1, '2025-07-23', 4280.00, NULL, NULL, 1, 1, 1, '2025-07-23 09:33:54', '2025-07-23 09:53:35'),
(86, '0000086', 48, NULL, 1, '2025-07-23', 1350.00, NULL, NULL, 1, 1, 1, '2025-07-23 09:38:34', '2025-07-23 09:53:32'),
(87, '0000087', 40, NULL, 1, '2025-07-23', 16710.00, NULL, NULL, 1, 1, 1, '2025-07-23 09:42:08', '2025-07-23 09:53:29'),
(88, '0000088', 32, NULL, 1, '2025-07-23', 950.00, NULL, NULL, 1, 1, 1, '2025-07-23 09:43:34', '2025-07-23 09:53:27'),
(89, '0000089', 23, NULL, 1, '2025-07-23', 6610.00, NULL, NULL, 1, 1, 1, '2025-07-23 09:50:21', '2025-07-23 09:53:24'),
(90, '0000090', 17, NULL, 1, '2025-07-23', 200.00, NULL, NULL, 1, 1, 1, '2025-07-23 09:51:10', '2025-07-23 09:53:21'),
(91, '0000091', 47, NULL, 1, '2025-07-24', 300.00, NULL, NULL, 1, 1, 1, '2025-07-24 06:32:51', '2025-07-24 06:32:57'),
(92, '0000092', 6, NULL, 1, '2025-07-24', 3460.00, NULL, NULL, 1, 1, 1, '2025-07-24 07:31:07', '2025-07-24 07:31:46'),
(93, '0000093', 3, NULL, 1, '2025-07-24', 500.00, NULL, NULL, 1, 1, 1, '2025-07-24 07:32:19', '2025-07-24 07:32:25'),
(94, '0000094', 3, NULL, 1, '2025-07-24', 1800.00, NULL, NULL, 1, 1, 1, '2025-07-24 07:37:40', '2025-07-24 07:37:45'),
(95, '0000095', 20, NULL, 1, '2025-07-24', 300.00, NULL, NULL, 1, 1, 1, '2025-07-24 07:39:07', '2025-07-24 07:39:12'),
(96, '0000096', 8, NULL, 1, '2025-07-24', 200.00, NULL, NULL, 1, 1, 1, '2025-07-24 07:40:55', '2025-07-24 07:40:59'),
(97, '0000097', 9, NULL, 1, '2025-07-24', 200.00, NULL, NULL, 1, 1, 1, '2025-07-24 07:52:55', '2025-07-24 07:53:00'),
(98, '0000098', 45, NULL, 1, '2025-07-24', 300.00, NULL, NULL, 1, 1, 1, '2025-07-24 07:56:02', '2025-07-24 07:56:07'),
(99, '0000099', 46, NULL, 1, '2025-07-24', 400.00, NULL, NULL, 1, 1, 1, '2025-07-24 07:58:37', '2025-07-26 07:37:00'),
(100, '0000100', 49, NULL, 1, '2025-07-26', 26640.00, NULL, NULL, 1, 1, 1, '2025-07-26 07:40:27', '2025-07-26 07:42:45'),
(101, '0000101', 51, NULL, 1, '2025-07-29', 500.00, NULL, NULL, 1, 1, 1, '2025-07-29 07:28:30', '2025-07-29 08:07:34'),
(102, '0000102', 50, NULL, 1, '2025-07-29', 17790.00, NULL, NULL, 1, 1, 1, '2025-07-29 07:35:31', '2025-07-29 08:07:31'),
(103, '0000103', 39, NULL, 1, '2025-07-29', 4680.00, NULL, NULL, 1, 1, 1, '2025-07-29 07:42:52', '2025-07-29 08:07:28'),
(104, '0000104', 43, NULL, 1, '2025-07-29', 1850.00, NULL, NULL, 1, 1, 1, '2025-07-29 07:44:08', '2025-07-29 08:07:26'),
(105, '0000105', 36, NULL, 1, '2025-07-29', 3100.00, NULL, NULL, 1, 1, 1, '2025-07-29 07:45:42', '2025-07-29 08:07:21'),
(106, '0000106', 38, NULL, 1, '2025-07-29', 1550.00, NULL, NULL, 1, 1, 1, '2025-07-29 07:46:44', '2025-07-29 08:07:19'),
(107, '0000107', 29, NULL, 1, '2025-07-29', 1000.00, NULL, NULL, 1, 1, 1, '2025-07-29 07:48:32', '2025-07-29 08:07:15'),
(108, '0000108', 4, NULL, 1, '2025-07-30', 500.00, NULL, NULL, 1, 1, 1, '2025-07-30 07:14:15', '2025-07-30 07:30:02'),
(109, '0000109', 5, NULL, 1, '2025-07-30', 500.00, NULL, NULL, 1, 1, 1, '2025-07-30 07:14:39', '2025-07-30 07:30:01'),
(110, '0000110', 7, NULL, 1, '2025-07-30', 500.00, NULL, NULL, 1, 1, 1, '2025-07-30 07:15:05', '2025-07-30 07:29:59'),
(111, '0000111', 10, NULL, 1, '2025-07-30', 500.00, NULL, NULL, 1, 1, 1, '2025-07-30 07:15:27', '2025-07-30 07:29:57'),
(112, '0000112', 13, NULL, 1, '2025-07-30', 500.00, NULL, NULL, 1, 1, 1, '2025-07-30 07:15:57', '2025-07-30 07:29:56'),
(113, '0000113', 11, NULL, 1, '2025-07-30', 500.00, NULL, NULL, 1, 1, 1, '2025-07-30 07:16:32', '2025-07-30 07:29:54'),
(114, '0000114', 14, NULL, 1, '2025-07-30', 500.00, NULL, NULL, 1, 1, 1, '2025-07-30 07:17:22', '2025-07-30 07:29:52'),
(115, '0000115', 15, NULL, 1, '2025-07-30', 500.00, NULL, NULL, 1, 1, 1, '2025-07-30 07:17:47', '2025-07-30 07:29:51'),
(116, '0000116', 17, NULL, 1, '2025-07-30', 500.00, NULL, NULL, 1, 1, 1, '2025-07-30 07:18:15', '2025-07-30 07:29:49'),
(117, '0000117', 18, NULL, 1, '2025-07-30', 500.00, NULL, NULL, 1, 1, 1, '2025-07-30 07:18:42', '2025-07-30 07:29:48'),
(118, '0000118', 23, NULL, 1, '2025-07-30', 500.00, NULL, NULL, 1, 1, 1, '2025-07-30 07:20:13', '2025-07-30 07:29:47'),
(119, '0000119', 27, NULL, 1, '2025-07-30', 500.00, NULL, NULL, 1, 1, 1, '2025-07-30 07:20:40', '2025-07-30 07:29:45'),
(120, '0000120', 29, NULL, 1, '2025-07-30', 500.00, NULL, NULL, 1, 1, 1, '2025-07-30 07:21:04', '2025-07-30 07:29:43'),
(121, '0000121', 34, NULL, 1, '2025-07-30', 500.00, NULL, NULL, 1, 1, 1, '2025-07-30 07:21:54', '2025-07-30 07:29:42'),
(122, '0000122', 36, NULL, 1, '2025-07-30', 500.00, NULL, NULL, 1, 1, 1, '2025-07-30 07:22:31', '2025-07-30 07:29:40'),
(123, '0000123', 39, NULL, 1, '2025-07-30', 500.00, NULL, NULL, 1, 1, 1, '2025-07-30 07:22:58', '2025-07-30 07:29:39'),
(124, '0000124', 40, NULL, 1, '2025-07-30', 500.00, NULL, NULL, 1, 1, 1, '2025-07-30 07:23:29', '2025-07-30 07:29:37'),
(125, '0000125', 43, NULL, 1, '2025-07-30', 500.00, NULL, NULL, 1, 1, 1, '2025-07-30 07:24:15', '2025-07-30 07:29:31'),
(126, '0000126', 58, NULL, 1, '2025-08-19', 17350.00, NULL, 'Head Light Jhalay', 1, 1, 1, '2025-08-19 08:48:06', '2025-09-08 08:27:18'),
(127, '0000127', 59, NULL, 1, '2025-08-19', 6250.00, NULL, NULL, 1, 1, 1, '2025-08-19 08:50:20', '2025-09-08 08:27:15'),
(128, '0000128', 39, NULL, 1, '2025-09-07', 12620.00, NULL, NULL, 1, 1, 1, '2025-09-07 08:18:55', '2025-09-08 08:27:12'),
(129, '0000129', 62, NULL, 1, '2025-09-07', 13700.00, NULL, NULL, 1, 1, 1, '2025-09-07 08:26:03', '2025-09-08 08:27:10'),
(130, '0000130', 53, NULL, 1, '2025-09-07', 43470.00, NULL, NULL, 1, 1, 1, '2025-09-07 08:37:33', '2025-09-08 08:27:07'),
(131, '0000131', 55, NULL, 1, '2025-09-07', 5830.00, NULL, NULL, 1, 1, 1, '2025-09-07 08:44:35', '2025-09-08 08:27:04'),
(132, '0000132', 52, NULL, 1, '2025-09-07', 19700.00, NULL, NULL, 1, 1, 1, '2025-09-07 08:49:01', '2025-09-08 08:27:01'),
(133, '0000133', 60, NULL, 1, '2025-09-07', 20600.00, NULL, NULL, 1, 1, 1, '2025-09-07 09:00:19', '2025-09-08 08:26:58'),
(134, '0000134', 23, NULL, 1, '2025-09-07', 1000.00, NULL, NULL, 1, 1, 1, '2025-09-07 09:20:03', '2025-09-08 08:26:55'),
(135, '0000135', 48, NULL, 1, '2025-09-08', 250.00, NULL, NULL, 1, 1, 1, '2025-09-08 07:52:57', '2025-09-08 08:26:51'),
(136, '0000136', 68, NULL, 1, '2025-09-26', 1000.00, NULL, NULL, 1, 1, 1, '2025-09-26 10:56:24', '2025-10-03 16:37:40'),
(137, '0000137', 63, NULL, 1, '2025-09-26', 350.00, NULL, NULL, 1, 1, 1, '2025-09-26 10:57:25', '2025-10-03 16:37:36'),
(138, '0000138', 27, NULL, 1, '2025-10-02', 6000.00, NULL, 'MotoShed', 1, 1, 1, '2025-10-02 07:46:14', '2025-10-03 16:37:32'),
(139, '0000139', 36, NULL, 1, '2025-10-03', 3700.00, NULL, NULL, 1, 1, 1, '2025-10-03 16:32:39', '2025-10-03 16:37:29'),
(140, '0000140', 27, NULL, 1, '2025-10-03', 700.00, NULL, NULL, 1, 1, 1, '2025-10-03 16:34:40', '2025-10-03 16:37:26'),
(141, '0000141', 73, NULL, 1, '2025-10-03', 1000.00, NULL, NULL, 1, 1, 1, '2025-10-03 16:35:53', '2025-10-03 16:37:23'),
(142, '0000142', 18, NULL, 1, '2025-10-03', 500.00, NULL, NULL, 1, 1, 1, '2025-10-03 16:37:05', '2025-10-03 16:37:20'),
(143, '0000143', 83, NULL, 1, '2025-10-04', 500.00, NULL, NULL, 1, 1, 1, '2025-10-04 05:53:06', '2025-10-08 09:36:53'),
(144, '0000144', 73, NULL, 1, '2025-10-04', 500.00, NULL, NULL, 1, 1, 1, '2025-10-04 05:55:30', '2025-10-08 09:36:50'),
(145, '0000145', 85, NULL, 1, '2025-10-04', 500.00, NULL, NULL, 1, 1, 1, '2025-10-04 05:56:41', '2025-10-08 09:36:47'),
(146, '0000146', 18, NULL, 1, '2025-10-05', 1200.00, NULL, NULL, 1, 1, 1, '2025-10-05 16:53:05', '2025-10-08 09:36:44'),
(147, '0000147', 65, NULL, 1, '2025-10-05', 1200.00, NULL, NULL, 1, 1, 1, '2025-10-05 16:54:26', '2025-10-08 09:36:42'),
(148, '0000148', 65, NULL, 1, '2025-10-07', 4450.00, NULL, NULL, 1, 1, 1, '2025-10-07 15:53:35', '2025-10-08 09:36:39'),
(149, '0000149', 74, NULL, 1, '2025-10-07', 300.00, NULL, NULL, 1, 1, 1, '2025-10-07 16:03:29', '2025-10-08 09:36:37'),
(150, '0000150', 83, NULL, 1, '2025-10-07', 1000.00, NULL, 'Fazer Name Transfer', 1, 1, 1, '2025-10-07 16:04:28', '2025-10-08 09:36:34'),
(151, '0000151', 62, NULL, 1, '2025-10-07', 600.00, NULL, NULL, 1, 1, 1, '2025-10-07 16:07:16', '2025-10-08 09:36:32'),
(152, '0000152', 71, NULL, 1, '2025-10-07', 500.00, NULL, NULL, 1, 1, 1, '2025-10-07 16:07:54', '2025-10-08 09:36:29'),
(153, '0000153', 65, NULL, 1, '2025-10-07', 1180.00, NULL, NULL, 1, 1, 1, '2025-10-07 16:11:23', '2025-10-08 09:36:27'),
(154, '0000154', 86, NULL, 1, '2025-10-07', 1100.00, NULL, NULL, 1, 1, 1, '2025-10-07 16:12:30', '2025-10-08 09:36:25'),
(155, '0000155', 27, NULL, 1, '2025-10-08', 2700.00, NULL, NULL, 1, 1, 1, '2025-10-08 08:47:49', '2025-10-08 09:36:22'),
(156, '0000156', 79, NULL, 1, '2025-10-08', 10910.00, NULL, NULL, 1, 1, 1, '2025-10-08 08:53:49', '2025-10-08 09:36:20'),
(157, '0000157', 68, NULL, 1, '2025-10-08', 12650.00, NULL, NULL, 1, 1, 1, '2025-10-08 09:39:35', '2025-10-08 09:44:00'),
(158, '0000158', 69, NULL, 1, '2025-10-08', 4350.00, NULL, NULL, 1, 1, 1, '2025-10-08 09:41:59', '2025-10-08 09:43:57'),
(159, '0000159', 78, NULL, 1, '2025-10-08', 4050.00, NULL, NULL, 1, 1, 1, '2025-10-08 09:47:05', '2025-10-23 07:19:46'),
(160, '0000160', 80, NULL, 1, '2025-10-08', 500.00, NULL, NULL, 1, 1, 1, '2025-10-08 09:49:30', '2025-10-23 07:19:42'),
(161, '0000161', 71, NULL, 1, '2025-10-08', 500.00, NULL, NULL, 1, 1, 1, '2025-10-08 09:50:56', '2025-10-23 07:19:40'),
(162, '0000162', 72, NULL, 1, '2025-10-08', 3100.00, NULL, NULL, 1, 1, 1, '2025-10-08 09:53:01', '2025-10-23 07:19:36'),
(163, '0000163', 82, NULL, 1, '2025-10-08', 2035.00, NULL, NULL, 1, 1, 1, '2025-10-08 10:00:47', '2025-10-23 07:19:33'),
(164, '0000164', 79, NULL, 1, '2025-10-08', 900.00, NULL, NULL, 1, 1, 1, '2025-10-08 10:04:33', '2025-10-23 07:19:30'),
(165, '0000165', 87, NULL, 1, '2025-10-08', 5950.00, NULL, NULL, 1, 1, 1, '2025-10-08 10:15:01', '2025-10-23 07:19:27'),
(166, '0000166', 86, NULL, 1, '2025-10-11', 1450.00, NULL, NULL, 1, 1, 1, '2025-10-11 16:34:05', '2025-10-23 07:19:22'),
(167, '0000167', 87, NULL, 1, '2025-10-11', 2400.00, NULL, NULL, 1, 1, 1, '2025-10-11 16:35:34', '2025-10-23 07:19:19'),
(168, '0000168', 74, NULL, 1, '2025-10-11', 1800.00, NULL, NULL, 1, 1, 1, '2025-10-11 16:36:16', '2025-10-23 07:19:12'),
(169, '0000169', 91, NULL, 1, '2025-10-22', 2300.00, NULL, NULL, 1, 1, 1, '2025-10-22 07:23:53', '2025-10-23 07:19:09'),
(170, '0000170', 74, NULL, 1, '2025-10-22', 1120.00, NULL, NULL, 1, 1, 1, '2025-10-22 07:24:37', '2025-10-23 07:19:06'),
(171, '0000171', 101, NULL, 1, '2025-10-22', 100.00, NULL, NULL, 1, 1, 1, '2025-10-22 07:25:50', '2025-10-23 07:19:03'),
(172, '0000172', 27, NULL, 1, '2025-10-22', 3150.00, NULL, NULL, 1, 1, 1, '2025-10-22 07:26:39', '2025-10-23 07:19:00'),
(173, '0000173', 106, NULL, 1, '2025-10-23', 6800.00, NULL, NULL, 1, 1, 1, '2025-10-23 07:50:04', '2025-10-25 11:14:20'),
(174, '0000174', 101, NULL, 1, '2025-10-23', 300.00, NULL, NULL, 1, 1, 1, '2025-10-23 07:57:59', '2025-10-25 11:14:16'),
(175, '0000175', 98, NULL, 1, '2025-10-23', 3850.00, NULL, NULL, 1, 1, 1, '2025-10-23 07:59:54', '2025-10-25 11:14:14'),
(176, '0000176', 93, NULL, 1, '2025-10-23', 5800.00, NULL, NULL, 1, 1, 1, '2025-10-23 08:02:24', '2025-10-25 11:14:11'),
(177, '0000177', 96, NULL, 1, '2025-10-23', 2000.00, NULL, NULL, 1, 1, 1, '2025-10-23 08:09:39', '2025-10-25 11:14:08'),
(178, '0000178', 97, NULL, 1, '2025-10-23', 1000.00, NULL, NULL, 1, 1, 1, '2025-10-23 08:13:07', '2025-10-25 11:14:04'),
(179, '0000179', 94, NULL, 1, '2025-10-23', 2070.00, NULL, NULL, 1, 1, 1, '2025-10-23 08:23:47', '2025-10-25 11:14:02'),
(180, '0000180', 88, NULL, 1, '2025-10-23', 2000.00, NULL, NULL, 1, 1, 1, '2025-10-23 08:26:04', '2025-10-25 11:13:59'),
(181, '0000181', 90, NULL, 1, '2025-10-23', 1500.00, NULL, NULL, 1, 1, 1, '2025-10-23 08:27:37', '2025-10-25 11:13:56'),
(182, '0000182', 91, NULL, 1, '2025-10-23', 3800.00, NULL, NULL, 1, 1, 1, '2025-10-23 08:30:31', '2025-10-25 11:13:54'),
(183, '0000183', 99, NULL, 1, '2025-10-23', 11880.00, NULL, NULL, 1, 1, 1, '2025-10-23 08:35:39', '2025-10-25 11:13:51'),
(184, '0000184', 103, NULL, 1, '2025-10-23', 4000.00, NULL, NULL, 1, 1, 1, '2025-10-23 08:39:01', '2025-10-25 11:13:49'),
(185, '0000185', 86, NULL, 1, '2025-10-23', 5350.00, NULL, NULL, 1, 1, 1, '2025-10-23 08:42:14', '2025-10-25 11:13:46'),
(186, '0000186', 87, NULL, 1, '2025-10-23', 400.00, NULL, NULL, 1, 1, 1, '2025-10-23 08:43:20', '2025-10-25 11:13:43'),
(187, '0000187', 79, NULL, 1, '2025-10-23', 6200.00, NULL, NULL, 1, 1, 1, '2025-10-23 08:46:58', '2025-10-25 11:13:40'),
(189, '0000188', 76, NULL, 1, '2025-10-23', 550.00, NULL, NULL, 1, 1, 1, '2025-10-23 14:06:38', '2025-10-25 11:13:37'),
(190, '0000189', 103, NULL, 1, '2025-10-23', 4500.00, NULL, NULL, 1, 1, 1, '2025-10-23 14:08:25', '2025-10-25 11:13:34'),
(191, '0000190', 98, NULL, 1, '2025-10-23', 2650.00, NULL, NULL, 1, 1, 1, '2025-10-23 14:10:03', '2025-10-25 11:13:32'),
(192, '0000191', 94, NULL, 1, '2025-10-23', 300.00, NULL, NULL, 1, 1, 1, '2025-10-23 14:15:55', '2025-10-25 11:13:29'),
(193, '0000192', 88, NULL, 1, '2025-10-23', 1300.00, NULL, NULL, 1, 1, 1, '2025-10-23 14:17:53', '2025-10-25 11:13:25'),
(194, '0000193', 91, NULL, 1, '2025-10-23', 450.00, NULL, NULL, 1, 1, 1, '2025-10-23 14:31:01', '2025-10-25 11:13:22'),
(195, '0000194', 105, NULL, 1, '2025-10-23', 1900.00, NULL, NULL, 1, 1, 1, '2025-10-23 14:32:06', '2025-10-25 11:13:19'),
(196, '0000195', 99, NULL, 1, '2025-10-23', 4500.00, NULL, NULL, 1, 1, 1, '2025-10-23 14:33:37', '2025-10-25 11:13:16'),
(197, '0000196', 106, NULL, 1, '2025-10-23', 4000.00, NULL, NULL, 1, 1, 1, '2025-10-23 14:34:56', '2025-10-25 11:13:12'),
(198, '0000197', 92, NULL, 1, '2025-10-23', 300.00, NULL, NULL, 1, 1, 1, '2025-10-23 14:36:03', '2025-10-25 11:13:09'),
(199, '0000198', 79, NULL, 1, '2025-10-23', 7500.00, NULL, 'with Rim', 1, 1, 1, '2025-10-23 14:36:57', '2025-10-25 11:13:07'),
(200, '0000199', 87, NULL, 1, '2025-10-23', 950.00, NULL, NULL, 1, 1, 1, '2025-10-23 14:44:37', '2025-10-25 11:13:04'),
(201, '0000200', 86, NULL, 1, '2025-10-23', 1450.00, NULL, NULL, 1, 1, 1, '2025-10-23 14:45:55', '2025-10-25 11:13:01'),
(202, '0000201', 74, NULL, 1, '2025-10-23', 300.00, NULL, NULL, 1, 1, 1, '2025-10-23 14:46:50', '2025-10-25 11:12:55'),
(203, '0000202', 65, NULL, 1, '2025-10-23', 150.00, NULL, NULL, 1, 1, 1, '2025-10-23 14:49:13', '2025-10-25 11:12:52'),
(204, '0000203', 82, NULL, 1, '2025-10-23', 700.00, NULL, NULL, 1, 1, 1, '2025-10-23 14:50:39', '2025-10-25 11:12:50'),
(205, '0000204', 104, NULL, 1, '2025-10-23', 4650.00, NULL, NULL, 1, 1, 1, '2025-10-23 14:51:46', '2025-10-25 11:12:47'),
(207, '0000205', 118, NULL, 1, '2025-10-30', 600.00, NULL, NULL, 1, 1, 1, '2025-10-30 15:05:18', '2025-10-30 16:13:03'),
(208, '0000206', 116, NULL, 1, '2025-10-30', 10710.00, NULL, NULL, 1, 1, 1, '2025-10-30 15:12:17', '2025-10-30 16:12:58'),
(209, '0000207', 114, NULL, 1, '2025-10-30', 2880.00, NULL, NULL, 1, 1, 1, '2025-10-30 15:15:34', '2025-10-30 16:12:52'),
(210, '0000208', 81, NULL, 1, '2025-10-30', 1850.00, NULL, NULL, 1, 1, 1, '2025-10-30 16:11:24', '2025-10-30 16:12:49'),
(211, '0000209', 115, NULL, 1, '2025-10-31', 1000.00, NULL, NULL, 1, 1, 1, '2025-10-31 11:21:19', '2025-10-31 11:21:30'),
(212, '0000210', 80, NULL, 1, '2025-11-08', 300.00, NULL, NULL, 1, 1, 1, '2025-11-08 16:32:36', '2025-11-08 16:32:41'),
(213, '0000211', 129, NULL, 1, '2025-11-11', 100.00, NULL, NULL, 1, 1, 1, '2025-11-11 07:35:56', '2025-11-12 12:26:21'),
(214, '0000212', 129, NULL, 1, '2025-11-11', 100.00, NULL, NULL, 1, 1, 1, '2025-11-11 07:37:15', '2025-11-12 12:26:19'),
(215, '0000213', 130, NULL, 1, '2025-11-11', 3050.00, NULL, NULL, 1, 1, 1, '2025-11-11 07:39:50', '2025-11-12 12:26:16'),
(216, '0000214', 27, NULL, 1, '2025-11-11', 1250.00, NULL, NULL, 1, 1, 1, '2025-11-11 07:40:20', '2025-11-12 12:26:15'),
(217, '0000215', 125, NULL, 1, '2025-11-11', 2800.00, NULL, NULL, 1, 1, 1, '2025-11-11 07:43:41', '2025-11-12 12:26:12'),
(218, '0000216', 130, NULL, 3, '2025-11-11', 100.00, NULL, NULL, 1, 1, 1, '2025-11-11 07:45:06', '2025-11-12 12:26:09'),
(219, '0000217', 116, NULL, 1, '2025-11-11', 100.00, NULL, NULL, 1, 1, 1, '2025-11-11 07:45:40', '2025-11-12 12:26:00'),
(220, '0000218', 120, NULL, 1, '2025-11-11', 600.00, NULL, NULL, 1, 1, 1, '2025-11-11 07:47:39', '2025-11-12 12:26:07'),
(221, '0000219', 76, NULL, 1, '2025-11-11', 700.00, NULL, NULL, 1, 1, 1, '2025-11-11 07:50:36', '2025-11-12 12:25:56'),
(222, '0000220', 67, NULL, 1, '2025-11-11', 3300.00, NULL, NULL, 1, 1, 1, '2025-11-11 07:51:47', '2025-11-12 12:25:58'),
(223, '0000221', 130, NULL, 1, '2025-11-12', 200.00, NULL, NULL, 1, 1, 1, '2025-11-12 11:31:22', '2025-11-12 12:25:52'),
(224, '0000222', 129, NULL, 1, '2025-11-12', 200.00, NULL, NULL, 1, 1, 1, '2025-11-12 11:31:46', '2025-11-12 12:25:54'),
(225, '0000223', 125, NULL, 1, '2025-11-12', 100.00, NULL, NULL, 1, 1, 1, '2025-11-12 11:32:43', '2025-11-12 12:25:47'),
(226, '0000224', 130, NULL, 1, '2025-11-12', 4200.00, NULL, NULL, 1, 1, 1, '2025-11-12 11:33:41', '2025-11-12 12:25:45'),
(227, '0000225', 116, NULL, 1, '2025-11-12', 1700.00, NULL, NULL, 1, 1, 1, '2025-11-12 11:36:51', '2025-11-12 12:25:49'),
(228, '0000226', 125, NULL, 1, '2025-11-12', 150.00, NULL, NULL, 1, 1, 1, '2025-11-12 11:37:15', '2025-11-12 12:25:43'),
(229, '0000227', 67, NULL, 1, '2025-11-12', 1000.00, NULL, NULL, 1, 1, 1, '2025-11-12 11:38:58', '2025-11-12 12:25:40'),
(230, '0000228', 68, NULL, 1, '2025-11-12', 4420.00, NULL, NULL, 1, 1, 1, '2025-11-12 11:39:33', '2025-11-12 12:25:37'),
(231, '0000229', 18, NULL, 1, '2025-11-12', 450.00, NULL, NULL, 1, 1, 1, '2025-11-12 11:45:27', '2025-11-12 12:25:33'),
(232, '0000230', 103, NULL, 1, '2025-11-12', 1000.00, NULL, NULL, 1, 1, 1, '2025-11-12 11:46:58', '2025-11-12 12:25:31'),
(233, '0000231', 125, NULL, 1, '2025-11-12', 3870.00, NULL, NULL, 1, 1, 1, '2025-11-12 11:53:26', '2025-11-12 12:25:29'),
(234, '0000232', 128, NULL, 1, '2025-11-12', 1430.00, NULL, NULL, 1, 1, 1, '2025-11-12 11:56:10', '2025-11-12 12:25:26'),
(235, '0000233', 116, NULL, 1, '2025-11-19', 4000.00, NULL, NULL, 1, 1, 1, '2025-11-19 16:26:56', '2025-11-23 16:11:54'),
(236, '0000234', 81, NULL, 1, '2025-11-19', 4000.00, NULL, NULL, 1, 1, 1, '2025-11-19 16:27:33', '2025-11-23 16:11:51'),
(237, '0000235', 88, NULL, 1, '2025-11-19', 1000.00, NULL, NULL, 1, 1, 1, '2025-11-19 16:28:33', '2025-11-23 16:11:48'),
(238, '0000236', 120, NULL, 1, '2025-11-19', 2000.00, NULL, NULL, 1, 1, 1, '2025-11-19 16:29:11', '2025-11-23 16:11:45'),
(239, '0000237', 130, NULL, 1, '2025-11-19', 450.00, NULL, NULL, 1, 1, 1, '2025-11-19 16:30:04', '2025-11-23 16:11:40'),
(240, '0000238', 118, NULL, 1, '2025-11-19', 3000.00, NULL, NULL, 1, 1, 1, '2025-11-19 16:30:45', '2025-11-23 16:11:35'),
(241, '0000239', 114, NULL, 1, '2025-11-19', 3500.00, NULL, NULL, 1, 1, 1, '2025-11-19 16:31:28', '2025-11-23 16:11:33'),
(242, '0000240', 125, NULL, 1, '2025-11-19', 2900.00, NULL, NULL, 1, 1, 1, '2025-11-19 16:32:24', '2025-11-23 16:11:30'),
(243, '0000241', 52, NULL, 1, '2025-11-19', 300.00, NULL, NULL, 1, 1, 1, '2025-11-19 16:33:46', '2025-11-23 16:11:27'),
(244, '0000242', 103, NULL, 1, '2025-11-19', 1200.00, NULL, NULL, 1, 1, 1, '2025-11-19 16:34:43', '2025-11-23 16:11:25'),
(245, '0000243', 68, NULL, 1, '2025-11-19', 300.00, NULL, NULL, 1, 1, 1, '2025-11-19 16:35:48', '2025-11-23 16:11:20'),
(246, '0000244', 133, NULL, 1, '2025-11-23', 500.00, NULL, NULL, 1, 1, 1, '2025-11-23 16:04:00', '2025-11-23 16:11:17'),
(247, '0000245', 130, NULL, 1, '2025-11-23', 900.00, NULL, NULL, 1, 1, 1, '2025-11-23 16:07:59', '2025-11-23 16:11:13'),
(248, '0000246', 76, NULL, 1, '2025-11-23', 800.00, NULL, NULL, 1, 1, 1, '2025-11-23 16:15:25', '2025-11-23 16:15:30'),
(249, '0000247', 125, NULL, 1, '2025-11-23', 2700.00, NULL, NULL, 1, 1, 1, '2025-11-23 16:20:05', '2025-11-23 16:20:10'),
(250, '0000248', 93, NULL, 1, '2025-11-23', 4000.00, NULL, NULL, 1, 1, 1, '2025-11-23 16:22:58', '2025-11-23 16:23:05'),
(251, '0000249', 88, NULL, 1, '2025-11-23', 800.00, NULL, NULL, 1, 1, 1, '2025-11-23 16:27:59', '2025-11-23 16:28:04'),
(252, '0000250', 145, NULL, 1, '2025-11-28', 100.00, NULL, NULL, 1, 1, 1, '2025-11-28 12:18:29', '2025-11-28 12:41:28'),
(253, '0000251', 142, NULL, 1, '2025-11-28', 100.00, NULL, NULL, 1, 1, 1, '2025-11-28 12:18:55', '2025-11-28 12:41:25'),
(254, '0000252', 132, NULL, 1, '2025-11-28', 700.00, NULL, NULL, 1, 1, 1, '2025-11-28 12:19:34', '2025-11-28 12:41:22'),
(255, '0000253', 143, NULL, 1, '2025-11-28', 700.00, NULL, NULL, 1, 1, 1, '2025-11-28 12:29:42', '2025-11-28 12:41:19'),
(256, '0000254', 132, NULL, 1, '2025-11-28', 6115.00, NULL, NULL, 1, 1, 1, '2025-11-28 12:40:10', '2025-11-28 12:41:16'),
(257, '0000255', 100, NULL, 1, '2025-11-28', 600.00, NULL, NULL, 1, 1, 1, '2025-11-28 12:41:06', '2025-11-28 12:41:13'),
(258, '0000256', 146, NULL, 1, '2025-11-28', 600.00, NULL, NULL, 1, 1, 1, '2025-11-28 12:53:16', '2025-11-28 12:54:31'),
(259, '0000257', 143, NULL, 1, '2025-11-30', 4800.00, NULL, NULL, 1, 1, 1, '2025-11-30 11:50:18', '2025-11-30 11:50:26'),
(260, '0000258', 148, NULL, 1, '2025-12-07', 11230.00, NULL, NULL, 1, 1, 1, '2025-12-07 15:52:00', '2025-12-07 15:52:08'),
(261, '0000259', 153, NULL, 1, '2026-01-15', 1800.00, NULL, 'Tank Coating/ Bill-3358', 1, 1, 1, '2026-01-15 16:15:55', '2026-01-15 16:17:09'),
(262, '0000260', 151, NULL, 1, '2026-01-15', 400.00, NULL, 'Bill - 3358', 1, 1, 1, '2026-01-15 16:16:59', '2026-01-15 16:17:06'),
(263, '0000261', 154, NULL, 1, '2026-01-18', 1000.00, NULL, 'Hoodie', 1, 1, 1, '2026-01-18 15:27:14', '2026-01-18 15:27:18'),
(265, '0000263', 154, NULL, 1, '2026-01-20', 15400.00, NULL, 'Invoice-J0120262271', 1, 1, 1, '2026-01-20 09:26:36', '2026-01-20 09:30:21'),
(266, '0000264', 157, NULL, 1, '2026-01-23', 12000.00, NULL, 'Color change', 1, 1, 1, '2026-01-23 11:15:44', '2026-01-28 07:32:44'),
(267, '0000265', 142, NULL, 1, '2026-01-24', 1800.00, NULL, NULL, 1, 1, 1, '2026-01-24 08:39:07', '2026-01-28 07:32:43'),
(268, '0000266', 157, NULL, 1, '2026-01-27', 700.00, NULL, NULL, 1, 1, 1, '2026-01-27 05:52:29', '2026-01-28 07:32:41'),
(269, '0000267', 153, NULL, 1, '2026-01-28', 1020.00, NULL, NULL, 1, 1, 1, '2026-01-28 07:00:29', '2026-01-28 07:32:39'),
(270, '0000268', 100, NULL, 1, '2026-01-28', 1000.00, NULL, NULL, 1, 1, 1, '2026-01-28 07:01:29', '2026-01-28 07:32:37'),
(271, '0000269', 152, NULL, 1, '2026-01-28', 2020.00, NULL, NULL, 1, 1, 1, '2026-01-28 07:05:25', '2026-01-28 07:32:36'),
(272, '0000270', 151, NULL, 1, '2026-01-28', 20370.00, NULL, NULL, 1, 1, 1, '2026-01-28 07:10:16', '2026-01-28 07:32:34'),
(273, '0000271', 113, NULL, 1, '2026-01-28', 400.00, NULL, NULL, 1, 1, 1, '2026-01-28 07:11:28', '2026-01-28 07:32:32'),
(274, '0000272', 157, NULL, 1, '2026-01-28', 12450.00, NULL, NULL, 1, 1, 1, '2026-01-28 07:16:47', '2026-01-28 07:32:30'),
(275, '0000273', 36, NULL, 1, '2026-01-28', 200.00, NULL, NULL, 1, 1, 1, '2026-01-28 07:18:39', '2026-01-28 07:32:28'),
(276, '0000274', 79, NULL, 1, '2026-01-28', 1100.00, NULL, NULL, 1, 1, 1, '2026-01-28 07:19:42', '2026-01-28 07:32:26'),
(278, '0000275', 79, NULL, 1, '2026-01-28', 2600.00, NULL, NULL, 1, 1, 1, '2026-01-28 11:14:19', '2026-02-03 14:42:10'),
(279, '0000276', 153, NULL, 1, '2026-01-31', 2750.00, NULL, 'With parts', 1, 1, 1, '2026-01-31 06:08:36', '2026-02-03 14:42:08'),
(280, '0000277', 142, NULL, 1, '2026-01-31', 1400.00, NULL, NULL, 1, 1, 1, '2026-01-31 06:14:48', '2026-02-03 14:42:05'),
(281, '0000278', 151, NULL, 1, '2026-01-31', 650.00, NULL, NULL, 1, 1, 1, '2026-01-31 06:21:19', '2026-02-03 14:42:03'),
(282, '0000279', 163, NULL, 1, '2026-01-31', 100.00, NULL, NULL, 1, 1, 1, '2026-01-31 06:28:12', '2026-02-03 14:42:01'),
(283, '0000280', 144, NULL, 1, '2026-02-03', 120.00, NULL, NULL, 1, 1, 1, '2026-02-03 10:12:44', '2026-02-03 14:41:59'),
(284, '0000281', 100, NULL, 1, '2026-02-03', 120.00, NULL, NULL, 1, 1, 1, '2026-02-03 10:13:39', '2026-02-03 14:41:57'),
(285, '0000282', 42, NULL, 1, '2026-02-03', 120.00, NULL, NULL, 1, 1, 1, '2026-02-03 10:14:14', '2026-02-03 14:41:54'),
(286, '0000283', 162, NULL, 1, '2026-02-03', 120.00, NULL, NULL, 1, 1, 1, '2026-02-03 10:14:42', '2026-02-03 14:41:52'),
(287, '0000284', 146, NULL, 1, '2026-02-03', 120.00, NULL, NULL, 1, 1, 1, '2026-02-03 10:16:20', '2026-02-03 14:41:51'),
(288, '0000285', 157, NULL, 1, '2026-02-03', 120.00, NULL, NULL, 1, 1, 1, '2026-02-03 10:16:59', '2026-02-03 14:41:49'),
(289, '0000286', 79, NULL, 1, '2026-02-03', 120.00, NULL, NULL, 1, 1, 1, '2026-02-03 10:17:47', '2026-02-03 14:41:47'),
(290, '0000287', 162, NULL, 1, '2026-02-03', 500.00, NULL, 'Hoodie', 1, 1, 1, '2026-02-03 11:02:37', '2026-02-03 14:41:42'),
(291, '0000288', 164, NULL, 1, '2026-02-05', 15000.00, NULL, NULL, 1, 1, 1, '2026-02-05 13:12:02', '2026-02-10 16:26:05'),
(292, '0000289', 159, NULL, 1, '2026-02-05', 1000.00, NULL, NULL, 1, 1, 1, '2026-02-05 16:31:46', '2026-02-10 16:26:02'),
(293, '0000290', 157, NULL, 1, '2026-02-09', 31200.00, NULL, 'Hoodie', 1, 1, 1, '2026-02-09 12:13:25', '2026-02-09 12:13:33'),
(294, '0000291', 144, NULL, 1, '2026-02-09', 100.00, NULL, NULL, 1, 1, 1, '2026-02-10 09:23:05', '2026-02-10 16:26:00'),
(295, '0000292', 144, NULL, 1, '2026-02-10', 200.00, NULL, NULL, 1, 1, 1, '2026-02-10 09:24:27', '2026-02-10 16:25:56'),
(296, '0000293', 164, NULL, 1, '2026-02-10', 100.00, NULL, NULL, 1, 1, 1, '2026-02-10 16:25:43', '2026-02-10 16:25:51'),
(297, '0000294', 165, NULL, 1, '2026-02-10', 350.00, NULL, NULL, 1, 1, 1, '2026-02-10 16:40:24', '2026-02-14 14:03:41'),
(298, '0000295', 172, NULL, 1, '2026-02-10', 1200.00, NULL, NULL, 1, 1, 1, '2026-02-10 16:55:59', '2026-02-14 14:03:38'),
(299, '0000296', 171, NULL, 1, '2026-02-10', 800.00, NULL, NULL, 1, 1, 1, '2026-02-10 16:57:17', '2026-02-14 14:03:35'),
(300, '0000297', 166, NULL, 1, '2026-02-14', 1750.00, NULL, NULL, 1, 1, 1, '2026-02-14 14:09:46', '2026-02-14 14:09:51'),
(301, '0000298', 172, NULL, 1, '2026-02-19', 500.00, NULL, NULL, 1, 1, 1, '2026-02-19 05:21:58', '2026-02-20 08:01:30'),
(302, '0000299', 170, NULL, 1, '2026-02-19', 300.00, NULL, NULL, 1, 1, 1, '2026-02-19 05:23:46', '2026-02-20 08:01:27'),
(303, '0000300', 166, NULL, 1, '2026-02-19', 300.00, NULL, NULL, 1, 1, 1, '2026-02-19 05:26:27', '2026-02-20 08:01:25'),
(304, '0000301', 164, NULL, 1, '2026-02-19', 15600.00, NULL, 'Master service in Motoshed', 1, 1, 1, '2026-02-19 05:30:07', '2026-02-20 08:01:22'),
(305, '0000302', 177, NULL, 1, '2026-02-19', 500.00, NULL, NULL, 1, 1, 1, '2026-02-19 05:33:34', '2026-02-20 08:01:19'),
(306, '0000303', 175, NULL, 1, '2026-02-19', 500.00, NULL, 'Tyre change with tyre gel.', 1, 1, 1, '2026-02-19 05:35:08', '2026-02-20 08:01:17'),
(307, '0000304', 167, NULL, 1, '2026-02-19', 300.00, NULL, NULL, 1, 1, 1, '2026-02-19 05:36:05', '2026-02-20 08:01:15'),
(308, '0000305', 174, NULL, 1, '2026-02-19', 1300.00, NULL, NULL, 1, 1, 1, '2026-02-19 05:48:25', '2026-02-20 08:01:12'),
(309, '0000306', 175, NULL, 1, '2026-02-19', 1200.00, NULL, NULL, 1, 1, 1, '2026-02-19 05:49:10', '2026-02-20 08:01:10'),
(310, '0000307', 176, NULL, 1, '2026-02-19', 1000.00, NULL, NULL, 1, 1, 1, '2026-02-19 05:56:11', '2026-02-20 08:01:08'),
(311, '0000308', 175, NULL, 1, '2026-02-19', 500.00, NULL, NULL, 1, 1, 1, '2026-02-19 05:57:54', '2026-02-20 08:01:06'),
(312, '0000309', 173, NULL, 1, '2026-02-19', 500.00, NULL, NULL, 1, 1, 1, '2026-02-19 05:59:19', '2026-02-20 08:01:04'),
(313, '0000310', 175, NULL, 1, '2026-02-19', 14110.00, NULL, NULL, 1, 1, 1, '2026-02-19 06:05:19', '2026-02-20 08:01:02'),
(314, '0000311', 176, NULL, 1, '2026-02-19', 5950.00, NULL, NULL, 1, 1, 1, '2026-02-19 06:14:27', '2026-02-20 08:00:59'),
(315, '0000312', 176, NULL, 1, '2026-02-19', 8150.00, NULL, NULL, 1, 1, 1, '2026-02-19 06:21:24', '2026-02-20 08:00:57'),
(316, '0000313', 168, NULL, 1, '2026-02-20', 4000.00, NULL, NULL, 1, 1, 1, '2026-02-20 08:02:50', '2026-02-20 08:02:53'),
(317, '0000314', 178, NULL, 1, '2026-02-21', 950.00, NULL, NULL, 1, 1, 1, '2026-02-21 08:12:51', '2026-02-25 12:59:51'),
(318, '0000315', 183, NULL, 1, '2026-02-24', 5880.00, NULL, NULL, 1, 1, 1, '2026-02-24 05:46:12', '2026-02-25 12:59:49'),
(319, '0000316', 180, NULL, 1, '2026-02-24', 1510.00, NULL, NULL, 1, 1, 1, '2026-02-24 05:50:52', '2026-02-25 12:59:46'),
(320, '0000317', 180, NULL, 1, '2026-02-24', 20000.00, NULL, NULL, 1, 1, 1, '2026-02-24 06:50:34', '2026-02-25 12:59:42'),
(321, '0000318', 181, NULL, 1, '2026-02-24', 700.00, NULL, NULL, 1, 1, 1, '2026-02-24 08:10:20', '2026-02-25 12:59:37'),
(322, '0000319', 176, NULL, 1, '2026-02-24', 1000.00, NULL, NULL, 1, 1, 1, '2026-02-24 08:11:25', '2026-02-25 12:59:35'),
(323, '0000320', 172, NULL, 1, '2026-02-25', 2500.00, NULL, NULL, 1, 1, 1, '2026-02-25 12:56:13', '2026-02-25 12:59:34'),
(324, '0000321', 171, NULL, 1, '2026-02-25', 900.00, NULL, NULL, 1, 1, 1, '2026-02-25 12:58:07', '2026-02-25 12:59:32'),
(325, '0000322', 159, NULL, 1, '2026-02-25', 400.00, NULL, NULL, 1, 1, 1, '2026-02-25 12:59:08', '2026-02-25 12:59:31'),
(326, '0000323', 165, NULL, 1, '2026-02-25', 3400.00, NULL, NULL, 1, 1, 1, '2026-02-25 12:59:23', '2026-02-25 12:59:29'),
(327, '0000324', 165, NULL, 1, '2026-02-25', 3400.00, NULL, NULL, 1, 1, 1, '2026-02-25 12:59:23', '2026-02-25 12:59:27'),
(328, '0000325', 184, NULL, 1, '2026-02-25', 900.00, NULL, NULL, 1, 1, 1, '2026-02-25 13:02:21', '2026-02-28 07:03:44'),
(329, '0000326', 165, NULL, 1, '2026-02-25', 580.00, NULL, NULL, 1, 1, 1, '2026-02-25 13:03:31', '2026-02-25 13:03:37'),
(330, '0000327', 169, NULL, 1, '2026-02-25', 300.00, NULL, NULL, 1, 1, 1, '2026-02-25 13:05:35', '2026-02-28 07:03:42'),
(331, '0000328', 183, NULL, 1, '2026-02-25', 2950.00, NULL, NULL, 1, 1, 1, '2026-02-25 13:06:45', '2026-02-28 07:03:40'),
(332, '0000329', 181, NULL, 1, '2026-02-25', 1800.00, NULL, NULL, 1, 1, 1, '2026-02-25 13:07:21', '2026-02-28 07:03:38'),
(333, '0000330', 180, NULL, 1, '2026-02-25', 5000.00, NULL, NULL, 1, 1, 1, '2026-02-25 13:09:28', '2026-02-28 07:03:24'),
(334, '0000331', 176, NULL, 1, '2026-02-25', 3500.00, NULL, NULL, 1, 1, 1, '2026-02-25 13:10:06', '2026-02-28 07:03:36'),
(335, '0000332', 173, NULL, 1, '2026-02-25', 2000.00, NULL, NULL, 1, 1, 1, '2026-02-25 13:10:33', '2026-02-28 07:03:22'),
(336, '0000333', 182, NULL, 1, '2026-02-25', 750.00, NULL, NULL, 1, 1, 1, '2026-02-25 13:16:20', '2026-02-28 07:03:34'),
(337, '0000334', 184, NULL, 1, '2026-02-25', 2390.00, NULL, NULL, 1, 1, 1, '2026-02-25 13:19:03', '2026-02-28 07:03:20'),
(338, '0000335', 176, NULL, 1, '2026-02-25', 2980.00, NULL, NULL, 1, 1, 1, '2026-02-25 13:19:59', '2026-02-28 07:03:31'),
(339, '0000336', 165, NULL, 1, '2026-02-25', 300.00, NULL, NULL, 1, 1, 1, '2026-02-25 13:20:50', '2026-02-28 07:03:18'),
(340, '0000337', 184, NULL, 1, '2026-02-26', 170.00, NULL, NULL, 1, 1, 1, '2026-02-26 07:54:43', '2026-02-28 07:03:29'),
(341, '0000338', 181, NULL, 1, '2026-02-26', 170.00, NULL, NULL, 1, 1, 1, '2026-02-26 07:55:13', '2026-02-28 07:03:14'),
(342, '0000339', 183, NULL, 1, '2026-02-26', 330.00, NULL, NULL, 1, 1, 1, '2026-02-26 07:55:45', '2026-02-28 07:03:10'),
(343, '0000340', 185, NULL, 1, '2026-02-26', 1500.00, NULL, NULL, 1, 1, 1, '2026-02-26 08:34:12', '2026-02-28 07:03:08'),
(344, '0000341', 180, NULL, 1, '2026-02-26', 1000.00, NULL, NULL, 1, 1, 1, '2026-02-26 11:08:25', '2026-02-28 07:03:06'),
(345, '0000342', 176, NULL, 1, '2026-02-28', 600.00, NULL, NULL, 1, 1, 1, '2026-02-28 07:04:35', '2026-03-03 15:47:46'),
(346, '0000343', 181, NULL, 1, '2026-02-28', 100.00, NULL, NULL, 1, 1, 1, '2026-02-28 07:05:17', '2026-03-03 15:47:41'),
(347, '0000344', 181, NULL, 1, '2026-02-28', 600.00, NULL, NULL, 1, 1, 1, '2026-02-28 08:33:53', '2026-03-03 15:47:39'),
(348, '0000345', 188, NULL, 1, '2026-02-28', 1000.00, NULL, NULL, 1, 1, 1, '2026-02-28 08:35:00', '2026-03-03 15:47:37'),
(349, '0000346', 183, NULL, 1, '2026-02-28', 700.00, NULL, NULL, 1, 1, 1, '2026-02-28 10:00:39', '2026-03-03 15:47:36'),
(350, '0000347', 187, NULL, 1, '2026-02-28', 400.00, NULL, NULL, 1, 1, 1, '2026-02-28 10:01:03', '2026-03-03 15:47:34'),
(351, '0000348', 190, NULL, 1, '2026-03-01', 6200.00, NULL, NULL, 1, 1, 1, '2026-03-01 05:32:34', '2026-03-03 15:47:32'),
(352, '0000349', 191, NULL, 1, '2026-03-01', 1550.00, NULL, NULL, 1, 1, 1, '2026-03-01 05:34:02', '2026-03-03 15:47:30'),
(353, '0000350', 189, NULL, 1, '2026-03-01', 3440.00, NULL, NULL, 1, 1, 1, '2026-03-01 05:36:51', '2026-03-03 15:47:29'),
(354, '0000351', 187, NULL, 1, '2026-03-01', 1900.00, NULL, NULL, 1, 1, 1, '2026-03-01 05:42:10', '2026-03-03 15:47:27'),
(355, '0000352', 180, NULL, 1, '2026-03-01', 360.00, NULL, NULL, 1, 1, 1, '2026-03-01 06:27:33', '2026-03-03 15:47:25'),
(356, '0000353', 182, NULL, 1, '2026-03-01', 360.00, NULL, NULL, 1, 1, 1, '2026-03-01 06:28:07', '2026-03-03 15:47:24'),
(357, '0000354', 159, NULL, 1, '2026-03-01', 300.00, NULL, NULL, 1, 1, 1, '2026-03-01 08:48:01', '2026-03-03 15:47:22'),
(358, '0000355', 184, NULL, 1, '2026-03-01', 300.00, NULL, NULL, 1, 1, 1, '2026-03-01 08:49:25', '2026-03-03 15:47:20'),
(359, '0000356', 188, NULL, 1, '2026-03-02', 300.00, NULL, NULL, 1, 1, 1, '2026-03-02 06:12:10', '2026-03-03 15:47:19'),
(360, '0000357', 186, NULL, 1, '2026-03-02', 2420.00, NULL, NULL, 1, 1, 1, '2026-03-02 07:59:44', '2026-03-03 15:47:17'),
(361, '0000358', 189, NULL, 1, '2026-03-02', 170.00, NULL, NULL, 1, 1, 1, '2026-03-02 12:39:54', '2026-03-03 15:47:15'),
(363, '0000359', 190, NULL, 1, '2026-03-03', 3000.00, NULL, NULL, 1, 1, 1, '2026-03-03 11:30:31', '2026-03-03 15:47:13'),
(364, '0000360', 176, NULL, 1, '2026-03-03', 4100.00, NULL, NULL, 1, 1, 1, '2026-03-03 15:11:11', '2026-03-03 15:47:11'),
(365, '0000361', 183, NULL, 1, '2026-03-03', 3500.00, NULL, NULL, 1, 1, 1, '2026-03-03 15:11:39', '2026-03-03 15:47:09'),
(366, '0000362', 167, NULL, 1, '2026-03-03', 700.00, NULL, NULL, 1, 1, 1, '2026-03-03 15:14:02', '2026-03-03 15:47:07'),
(367, '0000363', 132, NULL, 1, '2026-03-03', 600.00, NULL, NULL, 1, 1, 1, '2026-03-03 15:15:12', '2026-03-03 15:47:06'),
(368, '0000364', 181, NULL, 1, '2026-03-03', 1650.00, NULL, NULL, 1, 1, 1, '2026-03-03 15:18:23', '2026-03-03 15:47:04'),
(369, '0000365', 42, NULL, 1, '2026-03-03', 3250.00, NULL, NULL, 1, 1, 1, '2026-03-03 15:19:31', '2026-03-03 15:47:02'),
(370, '0000366', 175, NULL, 1, '2026-03-03', 100.00, NULL, NULL, 1, 1, 1, '2026-03-03 15:21:58', '2026-03-03 15:47:00'),
(371, '0000367', 163, NULL, 1, '2026-03-03', 100.00, NULL, NULL, 1, 1, 1, '2026-03-03 15:26:01', '2026-03-03 15:46:58'),
(372, '0000368', 171, NULL, 1, '2026-03-03', 3800.00, NULL, NULL, 1, 1, 1, '2026-03-03 15:26:38', '2026-03-03 15:46:56'),
(373, '0000369', 180, NULL, 1, '2026-03-03', 6000.00, NULL, NULL, 1, 1, 1, '2026-03-03 15:33:17', '2026-03-03 15:46:54'),
(374, '0000370', 169, NULL, 1, '2026-03-03', 1200.00, NULL, NULL, 1, 1, 1, '2026-03-03 15:39:08', '2026-03-03 15:46:51'),
(375, '0000371', 184, NULL, 1, '2026-03-03', 300.00, NULL, NULL, 1, 1, 1, '2026-03-03 15:42:06', '2026-03-03 15:46:49'),
(376, '0000372', 192, NULL, 1, '2026-03-04', 8350.00, NULL, NULL, 0, 1, 1, '2026-03-04 06:02:47', '2026-03-05 07:58:38'),
(377, '0000373', 182, NULL, 1, '2026-03-04', 2100.00, NULL, NULL, 0, 1, 1, '2026-03-04 08:44:54', '2026-03-05 14:16:13'),
(378, '0000374', 193, NULL, 1, '2026-03-05', 1350.00, NULL, NULL, 0, 1, NULL, '2026-03-05 07:18:55', '2026-03-05 07:18:55'),
(379, '0000375', 183, NULL, 1, '2026-03-05', 1350.00, NULL, NULL, 0, 1, NULL, '2026-03-05 07:19:24', '2026-03-05 07:19:24'),
(380, '0000376', 190, NULL, 1, '2026-03-05', 12150.00, NULL, NULL, 0, 1, 1, '2026-03-05 08:00:41', '2026-03-06 08:00:51'),
(381, '0000377', 27, NULL, 1, '2026-03-05', 1260.00, NULL, NULL, 0, 1, 1, '2026-03-05 08:03:21', '2026-03-05 15:24:57'),
(382, '0000378', 194, NULL, 1, '2026-03-05', 450.00, NULL, NULL, 0, 1, 1, '2026-03-05 08:05:17', '2026-03-05 14:22:55');

-- --------------------------------------------------------

--
-- Table structure for table `bike_service_record_details`
--

CREATE TABLE `bike_service_record_details` (
  `id` bigint(20) UNSIGNED NOT NULL,
  `bike_service_record_id` bigint(20) NOT NULL,
  `service_id` bigint(20) NOT NULL,
  `quantity` int(11) NOT NULL,
  `price` decimal(20,2) NOT NULL,
  `created_at` timestamp NULL DEFAULT NULL,
  `updated_at` timestamp NULL DEFAULT NULL
) ENGINE=InnoDB DEFAULT CHARSET=utf8mb4 COLLATE=utf8mb4_unicode_ci;

--
-- Dumping data for table `bike_service_record_details`
--

INSERT INTO `bike_service_record_details` (`id`, `bike_service_record_id`, `service_id`, `quantity`, `price`, `created_at`, `updated_at`) VALUES
(1, 1, 15, 1, 4080.00, '2025-06-02 12:52:24', '2025-06-02 12:52:24'),
(2, 2, 14, 1, 300.00, '2025-06-02 12:53:15', '2025-06-02 12:53:15'),
(3, 3, 15, 1, 2300.00, '2025-06-02 12:55:15', '2025-06-02 12:55:15'),
(5, 4, 15, 1, 12780.00, '2025-06-02 12:58:28', '2025-06-02 12:58:28'),
(6, 5, 15, 1, 1400.00, '2025-06-02 13:00:04', '2025-06-02 13:00:04'),
(7, 6, 15, 1, 1800.00, '2025-06-02 13:01:29', '2025-06-02 13:01:29'),
(8, 7, 15, 1, 4130.00, '2025-06-02 13:03:38', '2025-06-02 13:03:38'),
(9, 8, 15, 1, 4500.00, '2025-06-02 13:07:31', '2025-06-02 13:07:31'),
(10, 9, 15, 1, 4950.00, '2025-06-02 13:10:14', '2025-06-02 13:10:14'),
(11, 10, 15, 1, 10500.00, '2025-06-02 13:25:53', '2025-06-02 13:25:53'),
(12, 11, 15, 1, 1400.00, '2025-06-02 13:28:05', '2025-06-02 13:28:05'),
(13, 12, 15, 1, 10600.00, '2025-06-02 13:32:32', '2025-06-02 13:32:32'),
(14, 13, 15, 1, 7060.00, '2025-06-02 13:35:23', '2025-06-02 13:35:23'),
(15, 14, 15, 1, 3900.00, '2025-06-02 13:37:33', '2025-06-02 13:37:33'),
(16, 15, 15, 1, 1350.00, '2025-06-02 13:40:23', '2025-06-02 13:40:23'),
(17, 16, 15, 1, 14050.00, '2025-06-02 13:43:00', '2025-06-02 13:43:00'),
(18, 17, 15, 1, 6950.00, '2025-06-02 13:44:48', '2025-06-02 13:44:48'),
(19, 18, 15, 1, 1500.00, '2025-06-02 13:45:58', '2025-06-02 13:45:58'),
(20, 19, 15, 1, 1100.00, '2025-06-02 13:48:10', '2025-06-02 13:48:10'),
(21, 20, 15, 1, 6300.00, '2025-06-02 13:49:46', '2025-06-02 13:49:46'),
(22, 21, 15, 1, 3020.00, '2025-06-03 08:51:14', '2025-06-03 08:51:14'),
(23, 22, 15, 1, 600.00, '2025-06-05 06:59:18', '2025-06-05 06:59:18'),
(24, 23, 15, 1, 100.00, '2025-06-05 07:00:09', '2025-06-05 07:00:09'),
(25, 24, 15, 1, 370.00, '2025-06-05 07:02:00', '2025-06-05 07:02:00'),
(26, 25, 15, 1, 370.00, '2025-06-05 07:02:43', '2025-06-05 07:02:43'),
(27, 26, 15, 1, 370.00, '2025-06-05 07:03:20', '2025-06-05 07:03:20'),
(28, 27, 15, 1, 370.00, '2025-06-05 07:04:09', '2025-06-05 07:04:09'),
(29, 28, 15, 1, 370.00, '2025-06-05 07:04:49', '2025-06-05 07:04:49'),
(30, 29, 15, 1, 370.00, '2025-06-05 07:05:39', '2025-06-05 07:05:39'),
(31, 30, 88, 1, 1000.00, '2025-06-05 07:07:22', '2025-06-05 07:07:22'),
(32, 31, 13, 1, 300.00, '2025-06-05 07:08:33', '2025-06-05 07:08:33'),
(36, 32, 13, 1, 110.00, '2025-06-05 07:17:45', '2025-06-05 07:17:45'),
(37, 32, 15, 1, 180.00, '2025-06-05 07:17:45', '2025-06-05 07:17:45'),
(38, 33, 15, 1, 100.00, '2025-06-05 07:20:48', '2025-06-05 07:20:48'),
(39, 34, 7, 1, 100.00, '2025-06-05 07:50:54', '2025-06-05 07:50:54'),
(40, 34, 74, 1, 220.00, '2025-06-05 07:50:54', '2025-06-05 07:50:54'),
(41, 34, 39, 1, 1550.00, '2025-06-05 07:50:54', '2025-06-05 07:50:54'),
(42, 34, 15, 1, 480.00, '2025-06-05 07:50:54', '2025-06-05 07:50:54'),
(49, 35, 125, 2, 150.00, '2025-06-05 07:58:25', '2025-06-05 07:58:25'),
(50, 35, 13, 1, 100.00, '2025-06-05 07:58:25', '2025-06-05 07:58:25'),
(51, 35, 118, 1, 100.00, '2025-06-05 07:58:25', '2025-06-05 07:58:25'),
(52, 35, 4, 1, 600.00, '2025-06-05 07:58:25', '2025-06-05 07:58:25'),
(53, 35, 15, 1, 100.00, '2025-06-05 07:58:25', '2025-06-05 07:58:25'),
(54, 35, 14, 1, 500.00, '2025-06-05 07:58:25', '2025-06-05 07:58:25'),
(55, 35, 129, 1, 3800.00, '2025-06-05 07:58:25', '2025-06-05 07:58:25'),
(56, 36, 114, 1, 270.00, '2025-06-05 08:03:04', '2025-06-05 08:03:04'),
(57, 37, 74, 1, 300.00, '2025-06-05 08:04:08', '2025-06-05 08:04:08'),
(58, 38, 125, 2, 150.00, '2025-06-05 08:05:56', '2025-06-05 08:05:56'),
(59, 38, 118, 1, 100.00, '2025-06-05 08:05:56', '2025-06-05 08:05:56'),
(60, 38, 15, 1, 50.00, '2025-06-05 08:05:56', '2025-06-05 08:05:56'),
(61, 38, 127, 1, 200.00, '2025-06-05 08:05:56', '2025-06-05 08:05:56'),
(62, 39, 9, 1, 50.00, '2025-06-05 08:09:07', '2025-06-05 08:09:07'),
(63, 39, 130, 1, 120.00, '2025-06-05 08:09:07', '2025-06-05 08:09:07'),
(64, 39, 15, 1, 30.00, '2025-06-05 08:09:07', '2025-06-05 08:09:07'),
(65, 39, 126, 1, 180.00, '2025-06-05 08:09:07', '2025-06-05 08:09:07'),
(66, 39, 13, 1, 100.00, '2025-06-05 08:09:07', '2025-06-05 08:09:07'),
(67, 40, 131, 1, 3500.00, '2025-06-06 15:52:13', '2025-06-06 15:52:13'),
(68, 41, 125, 2, 150.00, '2025-06-06 16:09:47', '2025-06-06 16:09:47'),
(69, 41, 13, 1, 100.00, '2025-06-06 16:09:47', '2025-06-06 16:09:47'),
(70, 41, 118, 1, 100.00, '2025-06-06 16:09:47', '2025-06-06 16:09:47'),
(71, 41, 15, 1, 1200.00, '2025-06-06 16:09:47', '2025-06-06 16:09:47'),
(72, 41, 14, 1, 300.00, '2025-06-06 16:09:47', '2025-06-06 16:09:47'),
(73, 42, 119, 1, 350.00, '2025-06-28 07:33:30', '2025-06-28 07:33:30'),
(74, 43, 107, 1, 650.00, '2025-06-28 07:39:47', '2025-06-28 07:39:47'),
(75, 43, 111, 1, 250.00, '2025-06-28 07:39:47', '2025-06-28 07:39:47'),
(76, 43, 7, 1, 250.00, '2025-06-28 07:39:47', '2025-06-28 07:39:47'),
(77, 43, 114, 1, 150.00, '2025-06-28 07:39:47', '2025-06-28 07:39:47'),
(78, 43, 105, 1, 470.00, '2025-06-28 07:39:47', '2025-06-28 07:39:47'),
(79, 43, 4, 1, 600.00, '2025-06-28 07:39:47', '2025-06-28 07:39:47'),
(81, 44, 133, 1, 4000.00, '2025-06-28 07:59:11', '2025-06-28 07:59:11'),
(82, 44, 134, 1, 2500.00, '2025-06-28 07:59:11', '2025-06-28 07:59:11'),
(87, 45, 13, 1, 100.00, '2025-07-01 10:20:53', '2025-07-01 10:20:53'),
(88, 45, 125, 2, 150.00, '2025-07-01 10:20:53', '2025-07-01 10:20:53'),
(89, 45, 118, 1, 100.00, '2025-07-01 10:20:53', '2025-07-01 10:20:53'),
(90, 45, 135, 1, 600.00, '2025-07-01 10:20:53', '2025-07-01 10:20:53'),
(91, 45, 127, 1, 200.00, '2025-07-01 10:20:53', '2025-07-01 10:20:53'),
(92, 46, 119, 1, 350.00, '2025-07-01 10:21:50', '2025-07-01 10:21:50'),
(93, 47, 15, 1, 100.00, '2025-07-01 10:24:13', '2025-07-01 10:24:13'),
(94, 48, 15, 1, 100.00, '2025-07-01 10:24:33', '2025-07-01 10:24:33'),
(95, 49, 15, 1, 100.00, '2025-07-01 10:24:58', '2025-07-01 10:24:58'),
(96, 50, 15, 2, 100.00, '2025-07-01 10:25:43', '2025-07-01 10:25:43'),
(97, 51, 15, 1, 150.00, '2025-07-01 10:29:43', '2025-07-01 10:29:43'),
(100, 52, 135, 1, 500.00, '2025-07-01 10:33:25', '2025-07-01 10:33:25'),
(101, 52, 27, 1, 200.00, '2025-07-01 10:33:25', '2025-07-01 10:33:25'),
(102, 53, 15, 2, 100.00, '2025-07-01 10:34:26', '2025-07-01 10:34:26'),
(103, 54, 15, 1, 150.00, '2025-07-01 10:41:50', '2025-07-01 10:41:50'),
(144, 56, 92, 1, 1100.00, '2025-07-01 11:23:01', '2025-07-01 11:23:01'),
(145, 55, 11, 1, 100.00, '2025-07-01 11:24:45', '2025-07-01 11:24:45'),
(146, 55, 15, 6, 100.00, '2025-07-01 11:24:45', '2025-07-01 11:24:45'),
(147, 55, 71, 1, 1000.00, '2025-07-01 11:24:45', '2025-07-01 11:24:45'),
(148, 55, 98, 1, 300.00, '2025-07-01 11:24:45', '2025-07-01 11:24:45'),
(149, 55, 24, 1, 1850.00, '2025-07-01 11:24:45', '2025-07-01 11:24:45'),
(150, 55, 82, 1, 700.00, '2025-07-01 11:24:45', '2025-07-01 11:24:45'),
(151, 55, 88, 1, 1000.00, '2025-07-01 11:24:45', '2025-07-01 11:24:45'),
(152, 55, 78, 1, 2600.00, '2025-07-01 11:24:45', '2025-07-01 11:24:45'),
(153, 55, 17, 1, 350.00, '2025-07-01 11:24:45', '2025-07-01 11:24:45'),
(154, 55, 55, 1, 1050.00, '2025-07-01 11:24:45', '2025-07-01 11:24:45'),
(155, 55, 66, 1, 450.00, '2025-07-01 11:24:45', '2025-07-01 11:24:45'),
(156, 55, 86, 1, 4700.00, '2025-07-01 11:24:45', '2025-07-01 11:24:45'),
(157, 55, 87, 1, 300.00, '2025-07-01 11:24:45', '2025-07-01 11:24:45'),
(158, 55, 13, 1, 100.00, '2025-07-01 11:24:45', '2025-07-01 11:24:45'),
(159, 55, 125, 2, 150.00, '2025-07-01 11:24:45', '2025-07-01 11:24:45'),
(160, 55, 118, 1, 100.00, '2025-07-01 11:24:45', '2025-07-01 11:24:45'),
(161, 55, 10, 1, 1500.00, '2025-07-01 11:24:45', '2025-07-01 11:24:45'),
(162, 55, 54, 1, 1500.00, '2025-07-01 11:24:45', '2025-07-01 11:24:45'),
(163, 55, 137, 1, 350.00, '2025-07-01 11:24:45', '2025-07-01 11:24:45'),
(164, 55, 138, 1, 400.00, '2025-07-01 11:24:45', '2025-07-01 11:24:45'),
(165, 55, 85, 1, 600.00, '2025-07-01 11:24:45', '2025-07-01 11:24:45'),
(166, 57, 92, 1, 1200.00, '2025-07-01 11:26:42', '2025-07-01 11:26:42'),
(167, 57, 99, 1, 1500.00, '2025-07-01 11:26:42', '2025-07-01 11:26:42'),
(168, 58, 6, 1, 450.00, '2025-07-01 11:34:39', '2025-07-01 11:34:39'),
(176, 59, 105, 1, 500.00, '2025-07-01 11:41:02', '2025-07-01 11:41:02'),
(177, 59, 66, 1, 300.00, '2025-07-01 11:41:02', '2025-07-01 11:41:02'),
(178, 59, 29, 1, 450.00, '2025-07-01 11:41:02', '2025-07-01 11:41:02'),
(179, 59, 4, 1, 650.00, '2025-07-01 11:41:02', '2025-07-01 11:41:02'),
(180, 59, 13, 1, 100.00, '2025-07-01 11:41:02', '2025-07-01 11:41:02'),
(181, 59, 125, 2, 150.00, '2025-07-01 11:41:02', '2025-07-01 11:41:02'),
(182, 59, 118, 1, 100.00, '2025-07-01 11:41:02', '2025-07-01 11:41:02'),
(183, 59, 127, 1, 200.00, '2025-07-01 11:41:02', '2025-07-01 11:41:02'),
(184, 59, 15, 1, 100.00, '2025-07-01 11:41:02', '2025-07-01 11:41:02'),
(185, 60, 76, 1, 750.00, '2025-07-01 11:45:12', '2025-07-01 11:45:12'),
(186, 60, 69, 1, 400.00, '2025-07-01 11:45:12', '2025-07-01 11:45:12'),
(187, 60, 13, 1, 100.00, '2025-07-01 11:45:12', '2025-07-01 11:45:12'),
(188, 60, 125, 2, 150.00, '2025-07-01 11:45:12', '2025-07-01 11:45:12'),
(189, 60, 127, 1, 200.00, '2025-07-01 11:45:12', '2025-07-01 11:45:12'),
(190, 61, 13, 1, 100.00, '2025-07-01 11:48:59', '2025-07-01 11:48:59'),
(191, 61, 125, 3, 150.00, '2025-07-01 11:48:59', '2025-07-01 11:48:59'),
(192, 61, 118, 1, 100.00, '2025-07-01 11:48:59', '2025-07-01 11:48:59'),
(193, 61, 72, 1, 1500.00, '2025-07-01 11:48:59', '2025-07-01 11:48:59'),
(194, 61, 17, 1, 200.00, '2025-07-01 11:48:59', '2025-07-01 11:48:59'),
(195, 61, 18, 1, 200.00, '2025-07-01 11:48:59', '2025-07-01 11:48:59'),
(196, 61, 74, 1, 200.00, '2025-07-01 11:48:59', '2025-07-01 11:48:59'),
(197, 61, 44, 1, 320.00, '2025-07-01 11:48:59', '2025-07-01 11:48:59'),
(198, 61, 135, 1, 500.00, '2025-07-01 11:48:59', '2025-07-01 11:48:59'),
(199, 61, 27, 1, 200.00, '2025-07-01 11:48:59', '2025-07-01 11:48:59'),
(200, 61, 88, 1, 950.00, '2025-07-01 11:48:59', '2025-07-01 11:48:59'),
(201, 62, 37, 1, 350.00, '2025-07-01 11:54:34', '2025-07-01 11:54:34'),
(202, 62, 66, 1, 350.00, '2025-07-01 11:54:34', '2025-07-01 11:54:34'),
(203, 62, 74, 1, 250.00, '2025-07-01 11:54:34', '2025-07-01 11:54:34'),
(204, 62, 102, 1, 260.00, '2025-07-01 11:54:34', '2025-07-01 11:54:34'),
(205, 63, 22, 1, 1200.00, '2025-07-01 11:58:25', '2025-07-01 11:58:25'),
(206, 64, 80, 1, 150.00, '2025-07-01 11:59:29', '2025-07-01 11:59:29'),
(207, 64, 139, 1, 100.00, '2025-07-01 11:59:29', '2025-07-01 11:59:29'),
(208, 65, 129, 1, 800.00, '2025-07-01 12:03:03', '2025-07-01 12:03:03'),
(209, 66, 129, 1, 500.00, '2025-07-01 12:18:44', '2025-07-01 12:18:44'),
(210, 67, 129, 1, 4000.00, '2025-07-01 12:20:42', '2025-07-01 12:20:42'),
(211, 68, 129, 1, 1850.00, '2025-07-01 12:21:10', '2025-07-01 12:21:10'),
(212, 69, 129, 1, 300.00, '2025-07-01 12:21:31', '2025-07-01 12:21:31'),
(213, 70, 129, 1, 6500.00, '2025-07-01 12:22:21', '2025-07-01 12:22:21'),
(214, 71, 129, 1, 2650.00, '2025-07-01 12:22:47', '2025-07-01 12:22:47'),
(215, 72, 129, 1, 800.00, '2025-07-01 12:24:08', '2025-07-01 12:24:08'),
(216, 73, 129, 1, 3850.00, '2025-07-01 12:25:01', '2025-07-01 12:25:01'),
(217, 74, 13, 1, 100.00, '2025-07-03 14:07:36', '2025-07-03 14:07:36'),
(218, 74, 125, 3, 150.00, '2025-07-03 14:07:36', '2025-07-03 14:07:36'),
(219, 74, 130, 1, 120.00, '2025-07-03 14:07:36', '2025-07-03 14:07:36'),
(220, 74, 128, 1, 100.00, '2025-07-03 14:07:36', '2025-07-03 14:07:36'),
(221, 74, 140, 3, 100.00, '2025-07-03 14:07:36', '2025-07-03 14:07:36'),
(222, 74, 14, 1, 500.00, '2025-07-03 14:07:36', '2025-07-03 14:07:36'),
(223, 75, 131, 1, 3500.00, '2025-07-03 14:09:08', '2025-07-03 14:09:08'),
(224, 76, 129, 1, 2000.00, '2025-07-23 09:06:41', '2025-07-23 09:06:41'),
(225, 76, 125, 2, 150.00, '2025-07-23 09:06:41', '2025-07-23 09:06:41'),
(226, 76, 13, 1, 100.00, '2025-07-23 09:06:41', '2025-07-23 09:06:41'),
(227, 76, 118, 1, 100.00, '2025-07-23 09:06:41', '2025-07-23 09:06:41'),
(228, 76, 135, 1, 500.00, '2025-07-23 09:06:41', '2025-07-23 09:06:41'),
(229, 77, 125, 2, 150.00, '2025-07-23 09:07:43', '2025-07-23 09:07:43'),
(230, 77, 118, 1, 100.00, '2025-07-23 09:07:43', '2025-07-23 09:07:43'),
(231, 77, 13, 1, 100.00, '2025-07-23 09:07:43', '2025-07-23 09:07:43'),
(232, 78, 16, 1, 700.00, '2025-07-23 09:09:40', '2025-07-23 09:09:40'),
(233, 78, 13, 1, 100.00, '2025-07-23 09:09:40', '2025-07-23 09:09:40'),
(234, 78, 118, 1, 100.00, '2025-07-23 09:09:40', '2025-07-23 09:09:40'),
(235, 78, 125, 2, 150.00, '2025-07-23 09:09:40', '2025-07-23 09:09:40'),
(236, 78, 4, 1, 400.00, '2025-07-23 09:09:40', '2025-07-23 09:09:40'),
(237, 79, 13, 2, 100.00, '2025-07-23 09:10:33', '2025-07-23 09:10:33'),
(238, 79, 125, 3, 150.00, '2025-07-23 09:10:33', '2025-07-23 09:10:33'),
(239, 79, 118, 1, 50.00, '2025-07-23 09:10:33', '2025-07-23 09:10:33'),
(240, 80, 13, 1, 100.00, '2025-07-23 09:11:12', '2025-07-23 09:11:12'),
(241, 80, 16, 1, 1000.00, '2025-07-23 09:11:12', '2025-07-23 09:11:12'),
(242, 80, 125, 3, 150.00, '2025-07-23 09:11:12', '2025-07-23 09:11:12'),
(243, 81, 13, 1, 100.00, '2025-07-23 09:12:07', '2025-07-23 09:12:07'),
(244, 81, 125, 3, 150.00, '2025-07-23 09:12:07', '2025-07-23 09:12:07'),
(245, 81, 16, 1, 1500.00, '2025-07-23 09:12:07', '2025-07-23 09:12:07'),
(256, 82, 16, 1, 500.00, '2025-07-23 09:18:14', '2025-07-23 09:18:14'),
(257, 82, 13, 1, 100.00, '2025-07-23 09:18:14', '2025-07-23 09:18:14'),
(258, 82, 125, 3, 150.00, '2025-07-23 09:18:14', '2025-07-23 09:18:14'),
(259, 82, 118, 1, 50.00, '2025-07-23 09:18:14', '2025-07-23 09:18:14'),
(260, 82, 29, 1, 400.00, '2025-07-23 09:18:14', '2025-07-23 09:18:14'),
(261, 82, 69, 1, 300.00, '2025-07-23 09:18:14', '2025-07-23 09:18:14'),
(262, 82, 15, 1, 100.00, '2025-07-23 09:18:14', '2025-07-23 09:18:14'),
(263, 82, 129, 1, 1350.00, '2025-07-23 09:18:14', '2025-07-23 09:18:14'),
(264, 82, 4, 1, 250.00, '2025-07-23 09:18:14', '2025-07-23 09:18:14'),
(265, 82, 141, 1, 2600.00, '2025-07-23 09:18:14', '2025-07-23 09:18:14'),
(266, 83, 13, 1, 100.00, '2025-07-23 09:19:39', '2025-07-23 09:19:39'),
(267, 83, 125, 3, 150.00, '2025-07-23 09:19:39', '2025-07-23 09:19:39'),
(268, 83, 11, 1, 100.00, '2025-07-23 09:19:39', '2025-07-23 09:19:39'),
(269, 83, 15, 1, 200.00, '2025-07-23 09:19:39', '2025-07-23 09:19:39'),
(284, 84, 16, 1, 8000.00, '2025-07-23 09:32:44', '2025-07-23 09:32:44'),
(285, 84, 119, 2, 350.00, '2025-07-23 09:32:44', '2025-07-23 09:32:44'),
(286, 84, 24, 1, 800.00, '2025-07-23 09:32:44', '2025-07-23 09:32:44'),
(287, 84, 39, 1, 700.00, '2025-07-23 09:32:44', '2025-07-23 09:32:44'),
(288, 84, 80, 2, 400.00, '2025-07-23 09:32:44', '2025-07-23 09:32:44'),
(289, 84, 69, 1, 450.00, '2025-07-23 09:32:44', '2025-07-23 09:32:44'),
(290, 84, 5, 2, 300.00, '2025-07-23 09:32:44', '2025-07-23 09:32:44'),
(291, 84, 19, 1, 3300.00, '2025-07-23 09:32:44', '2025-07-23 09:32:44'),
(292, 84, 83, 1, 450.00, '2025-07-23 09:32:44', '2025-07-23 09:32:44'),
(293, 84, 88, 1, 900.00, '2025-07-23 09:32:44', '2025-07-23 09:32:44'),
(294, 84, 18, 1, 1000.00, '2025-07-23 09:32:44', '2025-07-23 09:32:44'),
(295, 84, 15, 1, 430.00, '2025-07-23 09:32:44', '2025-07-23 09:32:44'),
(296, 84, 141, 1, 2600.00, '2025-07-23 09:32:44', '2025-07-23 09:32:44'),
(297, 84, 64, 1, 250.00, '2025-07-23 09:32:44', '2025-07-23 09:32:44'),
(298, 84, 4, 1, 250.00, '2025-07-23 09:32:44', '2025-07-23 09:32:44'),
(299, 84, 9, 1, 50.00, '2025-07-23 09:32:44', '2025-07-23 09:32:44'),
(300, 84, 13, 1, 100.00, '2025-07-23 09:32:44', '2025-07-23 09:32:44'),
(301, 84, 130, 1, 120.00, '2025-07-23 09:32:44', '2025-07-23 09:32:44'),
(302, 84, 34, 1, 2000.00, '2025-07-23 09:32:44', '2025-07-23 09:32:44'),
(303, 84, 129, 1, 8000.00, '2025-07-23 09:32:44', '2025-07-23 09:32:44'),
(305, 85, 16, 1, 1000.00, '2025-07-23 09:36:30', '2025-07-23 09:36:30'),
(306, 85, 142, 1, 250.00, '2025-07-23 09:36:30', '2025-07-23 09:36:30'),
(307, 85, 17, 1, 250.00, '2025-07-23 09:36:30', '2025-07-23 09:36:30'),
(308, 85, 18, 1, 150.00, '2025-07-23 09:36:30', '2025-07-23 09:36:30'),
(309, 85, 83, 1, 200.00, '2025-07-23 09:36:30', '2025-07-23 09:36:30'),
(310, 85, 88, 1, 500.00, '2025-07-23 09:36:30', '2025-07-23 09:36:30'),
(311, 85, 13, 1, 100.00, '2025-07-23 09:36:30', '2025-07-23 09:36:30'),
(312, 85, 126, 1, 180.00, '2025-07-23 09:36:30', '2025-07-23 09:36:30'),
(313, 85, 125, 2, 150.00, '2025-07-23 09:36:30', '2025-07-23 09:36:30'),
(314, 85, 118, 1, 100.00, '2025-07-23 09:36:30', '2025-07-23 09:36:30'),
(315, 85, 129, 1, 1250.00, '2025-07-23 09:36:30', '2025-07-23 09:36:30'),
(316, 86, 13, 1, 100.00, '2025-07-23 09:38:34', '2025-07-23 09:38:34'),
(317, 86, 125, 2, 150.00, '2025-07-23 09:38:34', '2025-07-23 09:38:34'),
(318, 86, 88, 1, 950.00, '2025-07-23 09:38:34', '2025-07-23 09:38:34'),
(319, 87, 129, 1, 6000.00, '2025-07-23 09:42:08', '2025-07-23 09:42:08'),
(320, 87, 16, 1, 400.00, '2025-07-23 09:42:08', '2025-07-23 09:42:08'),
(321, 87, 29, 2, 400.00, '2025-07-23 09:42:08', '2025-07-23 09:42:08'),
(322, 87, 141, 1, 2500.00, '2025-07-23 09:42:08', '2025-07-23 09:42:08'),
(323, 87, 17, 1, 300.00, '2025-07-23 09:42:08', '2025-07-23 09:42:08'),
(324, 87, 18, 1, 1000.00, '2025-07-23 09:42:08', '2025-07-23 09:42:08'),
(325, 87, 88, 1, 1200.00, '2025-07-23 09:42:08', '2025-07-23 09:42:08'),
(326, 87, 15, 1, 200.00, '2025-07-23 09:42:08', '2025-07-23 09:42:08'),
(327, 87, 13, 2, 100.00, '2025-07-23 09:42:08', '2025-07-23 09:42:08'),
(328, 87, 125, 4, 150.00, '2025-07-23 09:42:08', '2025-07-23 09:42:08'),
(329, 87, 126, 2, 180.00, '2025-07-23 09:42:08', '2025-07-23 09:42:08'),
(330, 87, 34, 1, 300.00, '2025-07-23 09:42:08', '2025-07-23 09:42:08'),
(331, 87, 85, 1, 200.00, '2025-07-23 09:42:08', '2025-07-23 09:42:08'),
(332, 87, 75, 1, 1300.00, '2025-07-23 09:42:08', '2025-07-23 09:42:08'),
(333, 87, 80, 1, 150.00, '2025-07-23 09:42:08', '2025-07-23 09:42:08'),
(334, 87, 83, 1, 1200.00, '2025-07-23 09:42:08', '2025-07-23 09:42:08'),
(335, 88, 105, 1, 550.00, '2025-07-23 09:43:34', '2025-07-23 09:43:34'),
(336, 88, 13, 1, 100.00, '2025-07-23 09:43:34', '2025-07-23 09:43:34'),
(337, 88, 125, 2, 150.00, '2025-07-23 09:43:34', '2025-07-23 09:43:34'),
(338, 89, 16, 1, 500.00, '2025-07-23 09:50:21', '2025-07-23 09:50:21'),
(339, 89, 119, 1, 350.00, '2025-07-23 09:50:21', '2025-07-23 09:50:21'),
(340, 89, 70, 1, 1200.00, '2025-07-23 09:50:21', '2025-07-23 09:50:21'),
(341, 89, 80, 4, 200.00, '2025-07-23 09:50:21', '2025-07-23 09:50:21'),
(342, 89, 17, 2, 500.00, '2025-07-23 09:50:21', '2025-07-23 09:50:21'),
(343, 89, 18, 1, 200.00, '2025-07-23 09:50:21', '2025-07-23 09:50:21'),
(344, 89, 69, 1, 300.00, '2025-07-23 09:50:21', '2025-07-23 09:50:21'),
(345, 89, 34, 1, 280.00, '2025-07-23 09:50:21', '2025-07-23 09:50:21'),
(346, 89, 15, 1, 100.00, '2025-07-23 09:50:21', '2025-07-23 09:50:21'),
(347, 89, 13, 2, 100.00, '2025-07-23 09:50:21', '2025-07-23 09:50:21'),
(348, 89, 125, 2, 150.00, '2025-07-23 09:50:21', '2025-07-23 09:50:21'),
(349, 89, 126, 1, 180.00, '2025-07-23 09:50:21', '2025-07-23 09:50:21'),
(350, 89, 88, 1, 1000.00, '2025-07-23 09:50:21', '2025-07-23 09:50:21'),
(351, 89, 140, 1, 200.00, '2025-07-23 09:50:21', '2025-07-23 09:50:21'),
(352, 90, 140, 1, 200.00, '2025-07-23 09:51:10', '2025-07-23 09:51:10'),
(353, 91, 14, 1, 300.00, '2025-07-24 06:32:51', '2025-07-24 06:32:51'),
(354, 92, 14, 1, 200.00, '2025-07-24 07:31:07', '2025-07-24 07:31:07'),
(355, 92, 71, 1, 500.00, '2025-07-24 07:31:07', '2025-07-24 07:31:07'),
(356, 92, 25, 1, 2500.00, '2025-07-24 07:31:07', '2025-07-24 07:31:07'),
(357, 92, 140, 2, 130.00, '2025-07-24 07:31:07', '2025-07-24 07:31:07'),
(358, 93, 14, 1, 500.00, '2025-07-24 07:32:19', '2025-07-24 07:32:19'),
(359, 94, 119, 1, 350.00, '2025-07-24 07:37:40', '2025-07-24 07:37:40'),
(360, 94, 13, 1, 100.00, '2025-07-24 07:37:40', '2025-07-24 07:37:40'),
(361, 94, 125, 3, 150.00, '2025-07-24 07:37:40', '2025-07-24 07:37:40'),
(362, 94, 85, 2, 200.00, '2025-07-24 07:37:40', '2025-07-24 07:37:40'),
(363, 94, 4, 1, 500.00, '2025-07-24 07:37:40', '2025-07-24 07:37:40'),
(364, 95, 14, 1, 300.00, '2025-07-24 07:39:07', '2025-07-24 07:39:07'),
(365, 96, 14, 1, 200.00, '2025-07-24 07:40:55', '2025-07-24 07:40:55'),
(366, 97, 14, 1, 200.00, '2025-07-24 07:52:55', '2025-07-24 07:52:55'),
(367, 98, 14, 1, 300.00, '2025-07-24 07:56:02', '2025-07-24 07:56:02'),
(368, 99, 14, 1, 400.00, '2025-07-24 07:58:37', '2025-07-24 07:58:37'),
(381, 100, 37, 1, 300.00, '2025-07-26 07:42:04', '2025-07-26 07:42:04'),
(382, 100, 88, 1, 350.00, '2025-07-26 07:42:04', '2025-07-26 07:42:04'),
(383, 100, 15, 1, 200.00, '2025-07-26 07:42:04', '2025-07-26 07:42:04'),
(384, 100, 13, 1, 200.00, '2025-07-26 07:42:04', '2025-07-26 07:42:04'),
(385, 100, 125, 2, 150.00, '2025-07-26 07:42:04', '2025-07-26 07:42:04'),
(386, 100, 118, 1, 100.00, '2025-07-26 07:42:04', '2025-07-26 07:42:04'),
(387, 100, 140, 1, 130.00, '2025-07-26 07:42:04', '2025-07-26 07:42:04'),
(388, 100, 129, 1, 2000.00, '2025-07-26 07:42:04', '2025-07-26 07:42:04'),
(389, 100, 80, 1, 1160.00, '2025-07-26 07:42:04', '2025-07-26 07:42:04'),
(390, 100, 71, 1, 3600.00, '2025-07-26 07:42:04', '2025-07-26 07:42:04'),
(391, 100, 87, 1, 500.00, '2025-07-26 07:42:04', '2025-07-26 07:42:04'),
(392, 100, 92, 1, 1300.00, '2025-07-26 07:42:04', '2025-07-26 07:42:04'),
(393, 100, 144, 1, 4500.00, '2025-07-26 07:42:04', '2025-07-26 07:42:04'),
(394, 100, 145, 1, 12000.00, '2025-07-26 07:42:04', '2025-07-26 07:42:04'),
(395, 101, 13, 1, 100.00, '2025-07-29 07:28:30', '2025-07-29 07:28:30'),
(396, 101, 11, 1, 100.00, '2025-07-29 07:28:30', '2025-07-29 07:28:30'),
(397, 101, 125, 2, 150.00, '2025-07-29 07:28:30', '2025-07-29 07:28:30'),
(406, 102, 29, 1, 300.00, '2025-07-29 07:37:48', '2025-07-29 07:37:48'),
(407, 102, 68, 1, 230.00, '2025-07-29 07:37:48', '2025-07-29 07:37:48'),
(408, 102, 61, 1, 700.00, '2025-07-29 07:37:48', '2025-07-29 07:37:48'),
(409, 102, 80, 1, 360.00, '2025-07-29 07:37:48', '2025-07-29 07:37:48'),
(410, 102, 67, 1, 2100.00, '2025-07-29 07:37:48', '2025-07-29 07:37:48'),
(411, 102, 28, 1, 2200.00, '2025-07-29 07:37:48', '2025-07-29 07:37:48'),
(412, 102, 19, 1, 1200.00, '2025-07-29 07:37:48', '2025-07-29 07:37:48'),
(413, 102, 15, 1, 250.00, '2025-07-29 07:37:48', '2025-07-29 07:37:48'),
(414, 102, 147, 1, 950.00, '2025-07-29 07:37:48', '2025-07-29 07:37:48'),
(415, 102, 146, 1, 9500.00, '2025-07-29 07:37:48', '2025-07-29 07:37:48'),
(416, 103, 76, 1, 550.00, '2025-07-29 07:42:52', '2025-07-29 07:42:52'),
(417, 103, 17, 1, 300.00, '2025-07-29 07:42:52', '2025-07-29 07:42:52'),
(418, 103, 18, 1, 50.00, '2025-07-29 07:42:52', '2025-07-29 07:42:52'),
(419, 103, 80, 1, 180.00, '2025-07-29 07:42:52', '2025-07-29 07:42:52'),
(420, 103, 111, 1, 800.00, '2025-07-29 07:42:52', '2025-07-29 07:42:52'),
(421, 103, 45, 1, 1450.00, '2025-07-29 07:42:52', '2025-07-29 07:42:52'),
(422, 103, 63, 1, 1200.00, '2025-07-29 07:42:52', '2025-07-29 07:42:52'),
(423, 103, 114, 1, 150.00, '2025-07-29 07:42:52', '2025-07-29 07:42:52'),
(424, 104, 6, 1, 350.00, '2025-07-29 07:44:08', '2025-07-29 07:44:08'),
(425, 104, 60, 1, 1500.00, '2025-07-29 07:44:08', '2025-07-29 07:44:08'),
(426, 105, 12, 1, 2200.00, '2025-07-29 07:45:42', '2025-07-29 07:45:42'),
(427, 105, 105, 1, 450.00, '2025-07-29 07:45:42', '2025-07-29 07:45:42'),
(428, 105, 104, 1, 350.00, '2025-07-29 07:45:42', '2025-07-29 07:45:42'),
(429, 105, 15, 1, 100.00, '2025-07-29 07:45:42', '2025-07-29 07:45:42'),
(430, 106, 98, 1, 150.00, '2025-07-29 07:46:44', '2025-07-29 07:46:44'),
(431, 106, 87, 1, 200.00, '2025-07-29 07:46:44', '2025-07-29 07:46:44'),
(432, 106, 92, 1, 1200.00, '2025-07-29 07:46:44', '2025-07-29 07:46:44'),
(433, 107, 92, 1, 1000.00, '2025-07-29 07:48:32', '2025-07-29 07:48:32'),
(434, 108, 15, 1, 500.00, '2025-07-30 07:14:15', '2025-07-30 07:14:15'),
(435, 109, 15, 1, 500.00, '2025-07-30 07:14:39', '2025-07-30 07:14:39'),
(436, 110, 15, 1, 500.00, '2025-07-30 07:15:05', '2025-07-30 07:15:05'),
(437, 111, 15, 1, 500.00, '2025-07-30 07:15:27', '2025-07-30 07:15:27'),
(438, 112, 15, 1, 500.00, '2025-07-30 07:15:57', '2025-07-30 07:15:57'),
(440, 113, 15, 1, 500.00, '2025-07-30 07:16:49', '2025-07-30 07:16:49'),
(441, 114, 15, 1, 500.00, '2025-07-30 07:17:22', '2025-07-30 07:17:22'),
(442, 115, 15, 1, 500.00, '2025-07-30 07:17:47', '2025-07-30 07:17:47'),
(443, 116, 15, 1, 500.00, '2025-07-30 07:18:15', '2025-07-30 07:18:15'),
(444, 117, 15, 1, 500.00, '2025-07-30 07:18:42', '2025-07-30 07:18:42'),
(445, 118, 15, 1, 500.00, '2025-07-30 07:20:13', '2025-07-30 07:20:13'),
(446, 119, 15, 1, 500.00, '2025-07-30 07:20:40', '2025-07-30 07:20:40'),
(447, 120, 15, 1, 500.00, '2025-07-30 07:21:04', '2025-07-30 07:21:04'),
(448, 121, 15, 1, 500.00, '2025-07-30 07:21:54', '2025-07-30 07:21:54'),
(449, 122, 15, 1, 500.00, '2025-07-30 07:22:31', '2025-07-30 07:22:31'),
(450, 123, 15, 1, 500.00, '2025-07-30 07:22:58', '2025-07-30 07:22:58'),
(451, 124, 15, 1, 500.00, '2025-07-30 07:23:29', '2025-07-30 07:23:29'),
(452, 125, 15, 1, 500.00, '2025-07-30 07:24:15', '2025-07-30 07:24:15'),
(512, 127, 29, 2, 400.00, '2025-08-20 16:06:51', '2025-08-20 16:06:51'),
(513, 127, 17, 1, 300.00, '2025-08-20 16:06:51', '2025-08-20 16:06:51'),
(514, 127, 18, 1, 250.00, '2025-08-20 16:06:51', '2025-08-20 16:06:51'),
(515, 127, 80, 4, 200.00, '2025-08-20 16:06:51', '2025-08-20 16:06:51'),
(516, 127, 24, 1, 800.00, '2025-08-20 16:06:51', '2025-08-20 16:06:51'),
(517, 127, 39, 1, 700.00, '2025-08-20 16:06:51', '2025-08-20 16:06:51'),
(518, 127, 15, 1, 200.00, '2025-08-20 16:06:51', '2025-08-20 16:06:51'),
(519, 127, 88, 1, 1000.00, '2025-08-20 16:06:51', '2025-08-20 16:06:51'),
(520, 127, 68, 1, 300.00, '2025-08-20 16:06:51', '2025-08-20 16:06:51'),
(521, 127, 69, 1, 300.00, '2025-08-20 16:06:51', '2025-08-20 16:06:51'),
(522, 127, 83, 1, 600.00, '2025-08-20 16:06:51', '2025-08-20 16:06:51'),
(523, 127, 91, 1, 200.00, '2025-08-20 16:06:51', '2025-08-20 16:06:51'),
(524, 128, 129, 1, 2450.00, '2025-09-07 08:18:55', '2025-09-07 08:18:55'),
(525, 128, 71, 1, 1350.00, '2025-09-07 08:18:55', '2025-09-07 08:18:55'),
(526, 128, 80, 1, 360.00, '2025-09-07 08:18:55', '2025-09-07 08:18:55'),
(527, 128, 112, 1, 1750.00, '2025-09-07 08:18:55', '2025-09-07 08:18:55'),
(528, 128, 118, 1, 540.00, '2025-09-07 08:18:55', '2025-09-07 08:18:55'),
(529, 128, 140, 1, 130.00, '2025-09-07 08:18:55', '2025-09-07 08:18:55'),
(530, 128, 128, 1, 60.00, '2025-09-07 08:18:55', '2025-09-07 08:18:55'),
(531, 128, 143, 1, 100.00, '2025-09-07 08:18:55', '2025-09-07 08:18:55'),
(532, 128, 139, 1, 100.00, '2025-09-07 08:18:55', '2025-09-07 08:18:55'),
(533, 128, 104, 1, 300.00, '2025-09-07 08:18:55', '2025-09-07 08:18:55'),
(534, 128, 15, 1, 200.00, '2025-09-07 08:18:55', '2025-09-07 08:18:55'),
(535, 128, 30, 1, 250.00, '2025-09-07 08:18:55', '2025-09-07 08:18:55'),
(536, 128, 73, 1, 80.00, '2025-09-07 08:18:55', '2025-09-07 08:18:55'),
(537, 128, 106, 1, 600.00, '2025-09-07 08:18:55', '2025-09-07 08:18:55'),
(538, 128, 105, 1, 250.00, '2025-09-07 08:18:55', '2025-09-07 08:18:55'),
(539, 128, 111, 1, 350.00, '2025-09-07 08:18:55', '2025-09-07 08:18:55'),
(540, 128, 61, 1, 650.00, '2025-09-07 08:18:55', '2025-09-07 08:18:55'),
(541, 128, 78, 1, 2150.00, '2025-09-07 08:18:55', '2025-09-07 08:18:55'),
(542, 128, 48, 1, 450.00, '2025-09-07 08:18:55', '2025-09-07 08:18:55'),
(543, 128, 88, 1, 500.00, '2025-09-07 08:18:55', '2025-09-07 08:18:55'),
(544, 129, 129, 1, 7500.00, '2025-09-07 08:26:03', '2025-09-07 08:26:03'),
(545, 129, 66, 1, 1200.00, '2025-09-07 08:26:03', '2025-09-07 08:26:03'),
(546, 129, 15, 1, 200.00, '2025-09-07 08:26:03', '2025-09-07 08:26:03'),
(547, 129, 60, 1, 1400.00, '2025-09-07 08:26:03', '2025-09-07 08:26:03'),
(548, 129, 88, 1, 400.00, '2025-09-07 08:26:03', '2025-09-07 08:26:03'),
(549, 129, 140, 1, 100.00, '2025-09-07 08:26:03', '2025-09-07 08:26:03'),
(550, 129, 125, 2, 150.00, '2025-09-07 08:26:03', '2025-09-07 08:26:03'),
(551, 129, 13, 1, 100.00, '2025-09-07 08:26:03', '2025-09-07 08:26:03'),
(552, 129, 118, 1, 100.00, '2025-09-07 08:26:03', '2025-09-07 08:26:03'),
(553, 129, 49, 1, 350.00, '2025-09-07 08:26:03', '2025-09-07 08:26:03'),
(554, 129, 61, 1, 450.00, '2025-09-07 08:26:03', '2025-09-07 08:26:03'),
(555, 129, 22, 1, 1000.00, '2025-09-07 08:26:03', '2025-09-07 08:26:03'),
(556, 129, 45, 1, 600.00, '2025-09-07 08:26:03', '2025-09-07 08:26:03'),
(557, 130, 11, 1, 100.00, '2025-09-07 08:37:33', '2025-09-07 08:37:33'),
(558, 130, 4, 1, 400.00, '2025-09-07 08:37:33', '2025-09-07 08:37:33'),
(559, 130, 135, 1, 300.00, '2025-09-07 08:37:33', '2025-09-07 08:37:33'),
(560, 130, 117, 1, 1000.00, '2025-09-07 08:37:33', '2025-09-07 08:37:33'),
(561, 130, 57, 1, 5300.00, '2025-09-07 08:37:33', '2025-09-07 08:37:33'),
(562, 130, 111, 1, 1150.00, '2025-09-07 08:37:33', '2025-09-07 08:37:33'),
(563, 130, 29, 2, 400.00, '2025-09-07 08:37:33', '2025-09-07 08:37:33'),
(564, 130, 68, 1, 280.00, '2025-09-07 08:37:33', '2025-09-07 08:37:33'),
(565, 130, 69, 1, 450.00, '2025-09-07 08:37:33', '2025-09-07 08:37:33'),
(566, 130, 76, 1, 700.00, '2025-09-07 08:37:33', '2025-09-07 08:37:33'),
(567, 130, 18, 1, 800.00, '2025-09-07 08:37:33', '2025-09-07 08:37:33'),
(568, 130, 80, 1, 400.00, '2025-09-07 08:37:33', '2025-09-07 08:37:33'),
(569, 130, 43, 1, 2600.00, '2025-09-07 08:37:33', '2025-09-07 08:37:33'),
(570, 130, 97, 1, 250.00, '2025-09-07 08:37:33', '2025-09-07 08:37:33'),
(571, 130, 137, 1, 150.00, '2025-09-07 08:37:33', '2025-09-07 08:37:33'),
(572, 130, 24, 1, 800.00, '2025-09-07 08:37:33', '2025-09-07 08:37:33'),
(573, 130, 39, 1, 700.00, '2025-09-07 08:37:33', '2025-09-07 08:37:33'),
(574, 130, 48, 1, 600.00, '2025-09-07 08:37:33', '2025-09-07 08:37:33'),
(575, 130, 88, 1, 350.00, '2025-09-07 08:37:33', '2025-09-07 08:37:33'),
(576, 130, 19, 1, 1400.00, '2025-09-07 08:37:33', '2025-09-07 08:37:33'),
(577, 130, 112, 1, 280.00, '2025-09-07 08:37:33', '2025-09-07 08:37:33'),
(578, 130, 12, 1, 2200.00, '2025-09-07 08:37:33', '2025-09-07 08:37:33'),
(579, 130, 15, 1, 200.00, '2025-09-07 08:37:33', '2025-09-07 08:37:33'),
(580, 130, 22, 1, 700.00, '2025-09-07 08:37:33', '2025-09-07 08:37:33'),
(581, 130, 140, 1, 130.00, '2025-09-07 08:37:33', '2025-09-07 08:37:33'),
(582, 130, 86, 1, 7900.00, '2025-09-07 08:37:33', '2025-09-07 08:37:33'),
(583, 130, 125, 2, 150.00, '2025-09-07 08:37:33', '2025-09-07 08:37:33'),
(584, 130, 13, 1, 100.00, '2025-09-07 08:37:33', '2025-09-07 08:37:33'),
(585, 130, 118, 1, 180.00, '2025-09-07 08:37:33', '2025-09-07 08:37:33'),
(586, 130, 136, 1, 400.00, '2025-09-07 08:37:33', '2025-09-07 08:37:33'),
(587, 130, 87, 1, 200.00, '2025-09-07 08:37:33', '2025-09-07 08:37:33'),
(588, 130, 129, 1, 5350.00, '2025-09-07 08:37:33', '2025-09-07 08:37:33'),
(589, 130, 132, 1, 7000.00, '2025-09-07 08:37:33', '2025-09-07 08:37:33'),
(590, 131, 2, 1, 80.00, '2025-09-07 08:44:35', '2025-09-07 08:44:35'),
(591, 131, 13, 1, 100.00, '2025-09-07 08:44:35', '2025-09-07 08:44:35'),
(592, 131, 125, 2, 150.00, '2025-09-07 08:44:35', '2025-09-07 08:44:35'),
(593, 131, 129, 1, 700.00, '2025-09-07 08:44:35', '2025-09-07 08:44:35'),
(594, 131, 19, 1, 1100.00, '2025-09-07 08:44:35', '2025-09-07 08:44:35'),
(595, 131, 46, 1, 400.00, '2025-09-07 08:44:35', '2025-09-07 08:44:35'),
(596, 131, 99, 1, 2500.00, '2025-09-07 08:44:35', '2025-09-07 08:44:35'),
(597, 131, 83, 1, 650.00, '2025-09-07 08:44:35', '2025-09-07 08:44:35'),
(635, 133, 129, 1, 6000.00, '2025-09-07 09:00:19', '2025-09-07 09:00:19'),
(636, 133, 16, 1, 500.00, '2025-09-07 09:00:19', '2025-09-07 09:00:19'),
(637, 133, 143, 1, 100.00, '2025-09-07 09:00:19', '2025-09-07 09:00:19'),
(638, 133, 28, 1, 1750.00, '2025-09-07 09:00:19', '2025-09-07 09:00:19'),
(639, 133, 60, 1, 1400.00, '2025-09-07 09:00:19', '2025-09-07 09:00:19'),
(640, 133, 88, 1, 1000.00, '2025-09-07 09:00:19', '2025-09-07 09:00:19'),
(641, 133, 78, 1, 2000.00, '2025-09-07 09:00:19', '2025-09-07 09:00:19'),
(642, 133, 77, 1, 1550.00, '2025-09-07 09:00:19', '2025-09-07 09:00:19'),
(643, 133, 5, 1, 600.00, '2025-09-07 09:00:19', '2025-09-07 09:00:19'),
(644, 133, 15, 1, 200.00, '2025-09-07 09:00:19', '2025-09-07 09:00:19'),
(645, 133, 29, 2, 400.00, '2025-09-07 09:00:19', '2025-09-07 09:00:19'),
(646, 133, 12, 1, 2200.00, '2025-09-07 09:00:19', '2025-09-07 09:00:19'),
(647, 133, 83, 1, 900.00, '2025-09-07 09:00:19', '2025-09-07 09:00:19'),
(648, 133, 105, 1, 1000.00, '2025-09-07 09:00:19', '2025-09-07 09:00:19'),
(649, 133, 80, 2, 300.00, '2025-09-07 09:00:19', '2025-09-07 09:00:19'),
(670, 134, 129, 1, 1000.00, '2025-09-07 09:20:03', '2025-09-07 09:20:03'),
(702, 132, 135, 1, 500.00, '2025-09-08 07:50:14', '2025-09-08 07:50:14'),
(703, 132, 63, 1, 2150.00, '2025-09-08 07:50:14', '2025-09-08 07:50:14'),
(704, 132, 31, 1, 2200.00, '2025-09-08 07:50:14', '2025-09-08 07:50:14'),
(705, 132, 6, 1, 700.00, '2025-09-08 07:50:14', '2025-09-08 07:50:14'),
(706, 132, 29, 1, 650.00, '2025-09-08 07:50:14', '2025-09-08 07:50:14'),
(707, 132, 12, 1, 1500.00, '2025-09-08 07:50:14', '2025-09-08 07:50:14'),
(708, 132, 57, 1, 5000.00, '2025-09-08 07:50:14', '2025-09-08 07:50:14'),
(709, 132, 111, 1, 750.00, '2025-09-08 07:50:14', '2025-09-08 07:50:14'),
(710, 132, 69, 1, 250.00, '2025-09-08 07:50:14', '2025-09-08 07:50:14'),
(711, 132, 137, 1, 750.00, '2025-09-08 07:50:14', '2025-09-08 07:50:14'),
(712, 132, 18, 1, 200.00, '2025-09-08 07:50:14', '2025-09-08 07:50:14'),
(713, 132, 15, 1, 200.00, '2025-09-08 07:50:14', '2025-09-08 07:50:14'),
(714, 132, 75, 1, 950.00, '2025-09-08 07:50:14', '2025-09-08 07:50:14'),
(715, 132, 114, 1, 300.00, '2025-09-08 07:50:14', '2025-09-08 07:50:14'),
(716, 132, 80, 1, 300.00, '2025-09-08 07:50:14', '2025-09-08 07:50:14'),
(717, 132, 13, 1, 100.00, '2025-09-08 07:50:14', '2025-09-08 07:50:14'),
(718, 132, 125, 2, 150.00, '2025-09-08 07:50:14', '2025-09-08 07:50:14'),
(719, 132, 118, 1, 100.00, '2025-09-08 07:50:14', '2025-09-08 07:50:14'),
(720, 132, 105, 1, 600.00, '2025-09-08 07:50:14', '2025-09-08 07:50:14'),
(721, 132, 129, 1, 700.00, '2025-09-08 07:50:14', '2025-09-08 07:50:14'),
(722, 132, 10, 1, 1500.00, '2025-09-08 07:50:14', '2025-09-08 07:50:14'),
(723, 126, 24, 1, 800.00, '2025-09-08 07:50:49', '2025-09-08 07:50:49'),
(724, 126, 39, 1, 700.00, '2025-09-08 07:50:49', '2025-09-08 07:50:49'),
(725, 126, 77, 1, 750.00, '2025-09-08 07:50:49', '2025-09-08 07:50:49'),
(726, 126, 29, 1, 400.00, '2025-09-08 07:50:49', '2025-09-08 07:50:49'),
(727, 126, 40, 1, 600.00, '2025-09-08 07:50:49', '2025-09-08 07:50:49'),
(728, 126, 68, 1, 300.00, '2025-09-08 07:50:49', '2025-09-08 07:50:49'),
(729, 126, 69, 1, 300.00, '2025-09-08 07:50:49', '2025-09-08 07:50:49'),
(730, 126, 105, 1, 450.00, '2025-09-08 07:50:49', '2025-09-08 07:50:49'),
(731, 126, 88, 1, 950.00, '2025-09-08 07:50:49', '2025-09-08 07:50:49'),
(732, 126, 17, 1, 300.00, '2025-09-08 07:50:49', '2025-09-08 07:50:49'),
(733, 126, 18, 1, 250.00, '2025-09-08 07:50:49', '2025-09-08 07:50:49'),
(734, 126, 80, 2, 300.00, '2025-09-08 07:50:49', '2025-09-08 07:50:49'),
(735, 126, 15, 1, 100.00, '2025-09-08 07:50:49', '2025-09-08 07:50:49'),
(736, 126, 136, 1, 1300.00, '2025-09-08 07:50:49', '2025-09-08 07:50:49'),
(737, 126, 86, 1, 4000.00, '2025-09-08 07:50:49', '2025-09-08 07:50:49'),
(738, 126, 129, 1, 5200.00, '2025-09-08 07:50:49', '2025-09-08 07:50:49'),
(739, 126, 79, 1, 350.00, '2025-09-08 07:50:49', '2025-09-08 07:50:49'),
(740, 135, 135, 1, 250.00, '2025-09-08 07:52:57', '2025-09-08 07:52:57'),
(741, 136, 16, 1, 500.00, '2025-09-26 10:56:24', '2025-09-26 10:56:24'),
(742, 136, 17, 1, 300.00, '2025-09-26 10:56:24', '2025-09-26 10:56:24'),
(743, 136, 18, 1, 100.00, '2025-09-26 10:56:24', '2025-09-26 10:56:24'),
(744, 136, 15, 1, 100.00, '2025-09-26 10:56:24', '2025-09-26 10:56:24'),
(745, 137, 13, 1, 100.00, '2025-09-26 10:57:25', '2025-09-26 10:57:25'),
(746, 137, 125, 1, 150.00, '2025-09-26 10:57:25', '2025-09-26 10:57:25'),
(747, 137, 118, 1, 100.00, '2025-09-26 10:57:25', '2025-09-26 10:57:25'),
(748, 138, 120, 1, 6000.00, '2025-10-02 07:46:14', '2025-10-02 07:46:14'),
(749, 139, 120, 1, 3700.00, '2025-10-03 16:32:39', '2025-10-03 16:32:39'),
(750, 140, 120, 1, 700.00, '2025-10-03 16:34:40', '2025-10-03 16:34:40'),
(751, 141, 120, 1, 1000.00, '2025-10-03 16:35:53', '2025-10-03 16:35:53'),
(752, 142, 122, 1, 500.00, '2025-10-03 16:37:05', '2025-10-03 16:37:05'),
(753, 143, 13, 1, 100.00, '2025-10-04 05:53:06', '2025-10-04 05:53:06'),
(754, 143, 125, 2, 150.00, '2025-10-04 05:53:06', '2025-10-04 05:53:06'),
(755, 143, 118, 1, 100.00, '2025-10-04 05:53:06', '2025-10-04 05:53:06'),
(756, 144, 13, 1, 100.00, '2025-10-04 05:55:30', '2025-10-04 05:55:30'),
(757, 144, 125, 2, 150.00, '2025-10-04 05:55:30', '2025-10-04 05:55:30'),
(758, 144, 118, 1, 100.00, '2025-10-04 05:55:30', '2025-10-04 05:55:30'),
(759, 145, 13, 1, 100.00, '2025-10-04 05:56:41', '2025-10-04 05:56:41'),
(760, 145, 125, 2, 150.00, '2025-10-04 05:56:41', '2025-10-04 05:56:41'),
(761, 145, 118, 1, 100.00, '2025-10-04 05:56:41', '2025-10-04 05:56:41'),
(762, 146, 92, 1, 1200.00, '2025-10-05 16:53:05', '2025-10-05 16:53:05'),
(763, 147, 92, 1, 1200.00, '2025-10-05 16:54:26', '2025-10-05 16:54:26'),
(764, 148, 141, 1, 1400.00, '2025-10-07 15:53:35', '2025-10-07 15:53:35'),
(765, 148, 80, 4, 300.00, '2025-10-07 15:53:35', '2025-10-07 15:53:35'),
(766, 148, 29, 1, 400.00, '2025-10-07 15:53:35', '2025-10-07 15:53:35'),
(767, 148, 37, 1, 1250.00, '2025-10-07 15:53:35', '2025-10-07 15:53:35'),
(768, 148, 15, 2, 100.00, '2025-10-07 15:53:35', '2025-10-07 15:53:35'),
(769, 149, 98, 1, 300.00, '2025-10-07 16:03:29', '2025-10-07 16:03:29'),
(770, 150, 15, 1, 1000.00, '2025-10-07 16:04:28', '2025-10-07 16:04:28'),
(771, 151, 13, 1, 100.00, '2025-10-07 16:07:16', '2025-10-07 16:07:16'),
(772, 151, 125, 2, 150.00, '2025-10-07 16:07:16', '2025-10-07 16:07:16'),
(773, 151, 118, 1, 100.00, '2025-10-07 16:07:16', '2025-10-07 16:07:16'),
(774, 151, 128, 1, 100.00, '2025-10-07 16:07:16', '2025-10-07 16:07:16'),
(775, 152, 13, 1, 100.00, '2025-10-07 16:07:54', '2025-10-07 16:07:54'),
(776, 152, 125, 2, 150.00, '2025-10-07 16:07:54', '2025-10-07 16:07:54'),
(777, 152, 118, 1, 100.00, '2025-10-07 16:07:54', '2025-10-07 16:07:54'),
(784, 154, 13, 1, 100.00, '2025-10-07 16:12:55', '2025-10-07 16:12:55'),
(785, 154, 125, 2, 150.00, '2025-10-07 16:12:55', '2025-10-07 16:12:55'),
(786, 154, 118, 1, 100.00, '2025-10-07 16:12:55', '2025-10-07 16:12:55'),
(787, 154, 136, 1, 600.00, '2025-10-07 16:12:55', '2025-10-07 16:12:55'),
(788, 153, 13, 1, 100.00, '2025-10-07 16:13:21', '2025-10-07 16:13:21'),
(789, 153, 125, 2, 150.00, '2025-10-07 16:13:21', '2025-10-07 16:13:21'),
(790, 153, 118, 1, 100.00, '2025-10-07 16:13:21', '2025-10-07 16:13:21'),
(791, 153, 4, 1, 680.00, '2025-10-07 16:13:21', '2025-10-07 16:13:21'),
(792, 155, 37, 1, 1500.00, '2025-10-08 08:47:49', '2025-10-08 08:47:49'),
(793, 155, 40, 1, 600.00, '2025-10-08 08:47:49', '2025-10-08 08:47:49'),
(794, 155, 44, 1, 600.00, '2025-10-08 08:47:49', '2025-10-08 08:47:49'),
(795, 156, 109, 1, 3800.00, '2025-10-08 08:53:49', '2025-10-08 08:53:49'),
(796, 156, 24, 1, 800.00, '2025-10-08 08:53:49', '2025-10-08 08:53:49'),
(797, 156, 39, 1, 700.00, '2025-10-08 08:53:49', '2025-10-08 08:53:49'),
(798, 156, 29, 2, 400.00, '2025-10-08 08:53:49', '2025-10-08 08:53:49'),
(799, 156, 88, 1, 600.00, '2025-10-08 08:53:49', '2025-10-08 08:53:49'),
(800, 156, 70, 1, 550.00, '2025-10-08 08:53:49', '2025-10-08 08:53:49'),
(801, 156, 48, 1, 550.00, '2025-10-08 08:53:49', '2025-10-08 08:53:49'),
(802, 156, 116, 1, 700.00, '2025-10-08 08:53:49', '2025-10-08 08:53:49'),
(803, 156, 37, 1, 1250.00, '2025-10-08 08:53:49', '2025-10-08 08:53:49'),
(804, 156, 87, 1, 200.00, '2025-10-08 08:53:49', '2025-10-08 08:53:49'),
(805, 156, 34, 1, 360.00, '2025-10-08 08:53:49', '2025-10-08 08:53:49'),
(806, 156, 84, 1, 400.00, '2025-10-08 08:53:49', '2025-10-08 08:53:49'),
(807, 156, 15, 1, 200.00, '2025-10-08 08:53:49', '2025-10-08 08:53:49'),
(808, 157, 86, 1, 5150.00, '2025-10-08 09:39:35', '2025-10-08 09:39:35'),
(809, 157, 85, 1, 600.00, '2025-10-08 09:39:35', '2025-10-08 09:39:35'),
(810, 157, 77, 1, 1700.00, '2025-10-08 09:39:35', '2025-10-08 09:39:35'),
(811, 157, 76, 1, 800.00, '2025-10-08 09:39:35', '2025-10-08 09:39:35'),
(812, 157, 78, 1, 2000.00, '2025-10-08 09:39:35', '2025-10-08 09:39:35'),
(813, 157, 137, 1, 350.00, '2025-10-08 09:39:35', '2025-10-08 09:39:35'),
(814, 157, 68, 1, 250.00, '2025-10-08 09:39:35', '2025-10-08 09:39:35'),
(815, 157, 69, 1, 250.00, '2025-10-08 09:39:35', '2025-10-08 09:39:35'),
(816, 157, 29, 1, 800.00, '2025-10-08 09:39:35', '2025-10-08 09:39:35'),
(817, 157, 6, 1, 550.00, '2025-10-08 09:39:35', '2025-10-08 09:39:35'),
(818, 157, 15, 1, 200.00, '2025-10-08 09:39:35', '2025-10-08 09:39:35'),
(819, 158, 140, 1, 150.00, '2025-10-08 09:41:59', '2025-10-08 09:41:59'),
(820, 158, 135, 1, 1000.00, '2025-10-08 09:41:59', '2025-10-08 09:41:59'),
(821, 158, 13, 1, 200.00, '2025-10-08 09:41:59', '2025-10-08 09:41:59'),
(822, 158, 125, 2, 150.00, '2025-10-08 09:41:59', '2025-10-08 09:41:59'),
(823, 158, 118, 1, 100.00, '2025-10-08 09:41:59', '2025-10-08 09:41:59'),
(824, 158, 128, 1, 100.00, '2025-10-08 09:41:59', '2025-10-08 09:41:59'),
(825, 158, 14, 1, 500.00, '2025-10-08 09:41:59', '2025-10-08 09:41:59'),
(826, 158, 121, 1, 2000.00, '2025-10-08 09:41:59', '2025-10-08 09:41:59'),
(827, 159, 15, 1, 200.00, '2025-10-08 09:47:05', '2025-10-08 09:47:05'),
(828, 159, 76, 1, 800.00, '2025-10-08 09:47:05', '2025-10-08 09:47:05'),
(829, 159, 29, 1, 700.00, '2025-10-08 09:47:05', '2025-10-08 09:47:05'),
(830, 159, 46, 1, 500.00, '2025-10-08 09:47:05', '2025-10-08 09:47:05'),
(831, 159, 69, 1, 250.00, '2025-10-08 09:47:05', '2025-10-08 09:47:05'),
(832, 159, 88, 1, 900.00, '2025-10-08 09:47:05', '2025-10-08 09:47:05'),
(833, 159, 13, 1, 100.00, '2025-10-08 09:47:05', '2025-10-08 09:47:05'),
(834, 159, 125, 2, 150.00, '2025-10-08 09:47:05', '2025-10-08 09:47:05'),
(835, 159, 118, 1, 150.00, '2025-10-08 09:47:05', '2025-10-08 09:47:05'),
(836, 159, 128, 1, 150.00, '2025-10-08 09:47:05', '2025-10-08 09:47:05'),
(837, 160, 13, 1, 100.00, '2025-10-08 09:49:30', '2025-10-08 09:49:30'),
(838, 160, 125, 2, 150.00, '2025-10-08 09:49:30', '2025-10-08 09:49:30'),
(839, 160, 118, 1, 100.00, '2025-10-08 09:49:30', '2025-10-08 09:49:30'),
(840, 161, 13, 1, 100.00, '2025-10-08 09:50:56', '2025-10-08 09:50:56'),
(841, 161, 125, 2, 150.00, '2025-10-08 09:50:56', '2025-10-08 09:50:56'),
(842, 161, 118, 1, 100.00, '2025-10-08 09:50:56', '2025-10-08 09:50:56'),
(843, 162, 13, 1, 100.00, '2025-10-08 09:53:01', '2025-10-08 09:53:01'),
(844, 162, 125, 3, 150.00, '2025-10-08 09:53:01', '2025-10-08 09:53:01'),
(845, 162, 118, 1, 150.00, '2025-10-08 09:53:01', '2025-10-08 09:53:01'),
(846, 162, 86, 1, 2000.00, '2025-10-08 09:53:01', '2025-10-08 09:53:01'),
(847, 162, 85, 1, 300.00, '2025-10-08 09:53:01', '2025-10-08 09:53:01'),
(848, 162, 15, 1, 100.00, '2025-10-08 09:53:01', '2025-10-08 09:53:01'),
(849, 163, 17, 1, 300.00, '2025-10-08 10:00:47', '2025-10-08 10:00:47'),
(850, 163, 18, 1, 100.00, '2025-10-08 10:00:47', '2025-10-08 10:00:47'),
(851, 163, 15, 1, 100.00, '2025-10-08 10:00:47', '2025-10-08 10:00:47'),
(852, 163, 80, 1, 360.00, '2025-10-08 10:00:47', '2025-10-08 10:00:47'),
(853, 163, 16, 1, 500.00, '2025-10-08 10:00:47', '2025-10-08 10:00:47'),
(854, 163, 13, 1, 100.00, '2025-10-08 10:00:47', '2025-10-08 10:00:47'),
(855, 163, 125, 2, 150.00, '2025-10-08 10:00:47', '2025-10-08 10:00:47'),
(856, 163, 118, 1, 175.00, '2025-10-08 10:00:47', '2025-10-08 10:00:47'),
(857, 163, 128, 1, 100.00, '2025-10-08 10:00:47', '2025-10-08 10:00:47'),
(858, 164, 13, 1, 200.00, '2025-10-08 10:04:33', '2025-10-08 10:04:33'),
(859, 164, 125, 3, 150.00, '2025-10-08 10:04:33', '2025-10-08 10:04:33'),
(860, 164, 118, 1, 70.00, '2025-10-08 10:04:33', '2025-10-08 10:04:33'),
(861, 164, 128, 1, 60.00, '2025-10-08 10:04:33', '2025-10-08 10:04:33'),
(862, 164, 130, 1, 120.00, '2025-10-08 10:04:33', '2025-10-08 10:04:33'),
(863, 165, 16, 1, 1000.00, '2025-10-08 10:15:01', '2025-10-08 10:15:01'),
(864, 165, 13, 1, 100.00, '2025-10-08 10:15:01', '2025-10-08 10:15:01'),
(865, 165, 125, 2, 150.00, '2025-10-08 10:15:01', '2025-10-08 10:15:01'),
(866, 165, 118, 1, 100.00, '2025-10-08 10:15:01', '2025-10-08 10:15:01'),
(867, 165, 141, 1, 1600.00, '2025-10-08 10:15:01', '2025-10-08 10:15:01'),
(868, 165, 80, 4, 300.00, '2025-10-08 10:15:01', '2025-10-08 10:15:01'),
(869, 165, 29, 1, 400.00, '2025-10-08 10:15:01', '2025-10-08 10:15:01'),
(870, 165, 37, 1, 1250.00, '2025-10-08 10:15:01', '2025-10-08 10:15:01'),
(871, 166, 88, 1, 900.00, '2025-10-11 16:34:05', '2025-10-11 16:34:05'),
(872, 166, 29, 1, 350.00, '2025-10-11 16:34:05', '2025-10-11 16:34:05'),
(873, 166, 15, 1, 200.00, '2025-10-11 16:34:05', '2025-10-11 16:34:05'),
(874, 167, 60, 1, 2000.00, '2025-10-11 16:35:34', '2025-10-11 16:35:34'),
(875, 167, 88, 1, 300.00, '2025-10-11 16:35:34', '2025-10-11 16:35:34'),
(876, 167, 15, 1, 100.00, '2025-10-11 16:35:34', '2025-10-11 16:35:34'),
(878, 168, 88, 1, 1000.00, '2025-10-13 08:31:23', '2025-10-13 08:31:23'),
(879, 168, 4, 1, 650.00, '2025-10-13 08:31:23', '2025-10-13 08:31:23'),
(880, 168, 95, 1, 150.00, '2025-10-13 08:31:23', '2025-10-13 08:31:23'),
(881, 169, 49, 1, 1000.00, '2025-10-22 07:23:53', '2025-10-22 07:23:53'),
(882, 169, 44, 1, 600.00, '2025-10-22 07:23:53', '2025-10-22 07:23:53'),
(883, 169, 122, 1, 700.00, '2025-10-22 07:23:53', '2025-10-22 07:23:53'),
(886, 170, 114, 1, 200.00, '2025-10-22 07:25:22', '2025-10-22 07:25:22'),
(887, 170, 122, 1, 200.00, '2025-10-22 07:25:22', '2025-10-22 07:25:22'),
(888, 170, 4, 1, 720.00, '2025-10-22 07:25:22', '2025-10-22 07:25:22'),
(889, 171, 13, 1, 100.00, '2025-10-22 07:25:50', '2025-10-22 07:25:50'),
(890, 172, 49, 1, 2700.00, '2025-10-22 07:26:39', '2025-10-22 07:26:39'),
(891, 172, 64, 1, 450.00, '2025-10-22 07:26:39', '2025-10-22 07:26:39'),
(897, 174, 125, 2, 150.00, '2025-10-23 07:57:59', '2025-10-23 07:57:59'),
(913, 177, 92, 1, 1200.00, '2025-10-23 08:09:39', '2025-10-23 08:09:39'),
(914, 177, 13, 1, 100.00, '2025-10-23 08:09:39', '2025-10-23 08:09:39'),
(915, 177, 125, 2, 150.00, '2025-10-23 08:09:39', '2025-10-23 08:09:39'),
(916, 177, 118, 1, 100.00, '2025-10-23 08:09:39', '2025-10-23 08:09:39'),
(917, 177, 14, 1, 300.00, '2025-10-23 08:09:39', '2025-10-23 08:09:39'),
(918, 178, 13, 1, 100.00, '2025-10-23 08:13:07', '2025-10-23 08:13:07'),
(919, 178, 125, 2, 150.00, '2025-10-23 08:13:07', '2025-10-23 08:13:07'),
(920, 178, 118, 1, 100.00, '2025-10-23 08:13:07', '2025-10-23 08:13:07'),
(921, 178, 16, 1, 500.00, '2025-10-23 08:13:07', '2025-10-23 08:13:07'),
(922, 173, 29, 1, 350.00, '2025-10-23 08:20:16', '2025-10-23 08:20:16'),
(923, 173, 88, 1, 900.00, '2025-10-23 08:20:16', '2025-10-23 08:20:16'),
(924, 173, 87, 1, 300.00, '2025-10-23 08:20:16', '2025-10-23 08:20:16'),
(925, 173, 15, 1, 200.00, '2025-10-23 08:20:16', '2025-10-23 08:20:16'),
(926, 173, 24, 1, 850.00, '2025-10-23 08:20:16', '2025-10-23 08:20:16'),
(927, 173, 86, 1, 4000.00, '2025-10-23 08:20:16', '2025-10-23 08:20:16'),
(928, 173, 85, 1, 200.00, '2025-10-23 08:20:16', '2025-10-23 08:20:16'),
(929, 175, 5, 1, 200.00, '2025-10-23 08:21:18', '2025-10-23 08:21:18'),
(930, 175, 13, 1, 100.00, '2025-10-23 08:21:18', '2025-10-23 08:21:18'),
(931, 175, 125, 2, 150.00, '2025-10-23 08:21:18', '2025-10-23 08:21:18'),
(932, 175, 118, 1, 100.00, '2025-10-23 08:21:18', '2025-10-23 08:21:18'),
(933, 175, 91, 1, 150.00, '2025-10-23 08:21:18', '2025-10-23 08:21:18'),
(934, 175, 86, 1, 3000.00, '2025-10-23 08:21:18', '2025-10-23 08:21:18'),
(935, 176, 13, 1, 100.00, '2025-10-23 08:22:03', '2025-10-23 08:22:03'),
(936, 176, 125, 2, 150.00, '2025-10-23 08:22:03', '2025-10-23 08:22:03'),
(937, 176, 118, 1, 100.00, '2025-10-23 08:22:03', '2025-10-23 08:22:03'),
(938, 176, 71, 1, 400.00, '2025-10-23 08:22:03', '2025-10-23 08:22:03'),
(939, 176, 29, 1, 400.00, '2025-10-23 08:22:03', '2025-10-23 08:22:03'),
(940, 176, 84, 1, 400.00, '2025-10-23 08:22:03', '2025-10-23 08:22:03'),
(941, 176, 80, 1, 300.00, '2025-10-23 08:22:03', '2025-10-23 08:22:03'),
(942, 176, 68, 1, 280.00, '2025-10-23 08:22:03', '2025-10-23 08:22:03'),
(943, 176, 69, 1, 320.00, '2025-10-23 08:22:03', '2025-10-23 08:22:03'),
(944, 176, 15, 1, 200.00, '2025-10-23 08:22:03', '2025-10-23 08:22:03'),
(945, 176, 86, 1, 3000.00, '2025-10-23 08:22:03', '2025-10-23 08:22:03'),
(946, 179, 13, 1, 100.00, '2025-10-23 08:23:47', '2025-10-23 08:23:47'),
(947, 179, 125, 2, 150.00, '2025-10-23 08:23:47', '2025-10-23 08:23:47'),
(948, 179, 118, 1, 100.00, '2025-10-23 08:23:47', '2025-10-23 08:23:47'),
(949, 179, 76, 1, 800.00, '2025-10-23 08:23:47', '2025-10-23 08:23:47'),
(950, 179, 77, 1, 600.00, '2025-10-23 08:23:47', '2025-10-23 08:23:47'),
(951, 179, 15, 1, 170.00, '2025-10-23 08:23:47', '2025-10-23 08:23:47'),
(952, 180, 13, 1, 100.00, '2025-10-23 08:26:04', '2025-10-23 08:26:04'),
(953, 180, 125, 2, 150.00, '2025-10-23 08:26:04', '2025-10-23 08:26:04'),
(954, 180, 118, 1, 100.00, '2025-10-23 08:26:04', '2025-10-23 08:26:04'),
(955, 180, 122, 1, 100.00, '2025-10-23 08:26:04', '2025-10-23 08:26:04'),
(956, 180, 17, 1, 300.00, '2025-10-23 08:26:04', '2025-10-23 08:26:04'),
(957, 180, 18, 1, 100.00, '2025-10-23 08:26:04', '2025-10-23 08:26:04'),
(958, 180, 88, 1, 1000.00, '2025-10-23 08:26:04', '2025-10-23 08:26:04'),
(959, 181, 13, 1, 100.00, '2025-10-23 08:27:37', '2025-10-23 08:27:37'),
(960, 181, 125, 2, 150.00, '2025-10-23 08:27:37', '2025-10-23 08:27:37'),
(961, 181, 118, 1, 100.00, '2025-10-23 08:27:37', '2025-10-23 08:27:37'),
(962, 181, 14, 1, 500.00, '2025-10-23 08:27:37', '2025-10-23 08:27:37'),
(963, 181, 16, 1, 500.00, '2025-10-23 08:27:37', '2025-10-23 08:27:37'),
(964, 182, 13, 1, 100.00, '2025-10-23 08:30:31', '2025-10-23 08:30:31'),
(965, 182, 125, 2, 150.00, '2025-10-23 08:30:31', '2025-10-23 08:30:31'),
(966, 182, 118, 1, 100.00, '2025-10-23 08:30:31', '2025-10-23 08:30:31'),
(967, 182, 88, 1, 1000.00, '2025-10-23 08:30:31', '2025-10-23 08:30:31'),
(968, 182, 78, 1, 1550.00, '2025-10-23 08:30:31', '2025-10-23 08:30:31'),
(969, 182, 24, 1, 450.00, '2025-10-23 08:30:31', '2025-10-23 08:30:31'),
(970, 182, 15, 1, 100.00, '2025-10-23 08:30:31', '2025-10-23 08:30:31'),
(971, 182, 14, 1, 200.00, '2025-10-23 08:30:31', '2025-10-23 08:30:31'),
(972, 183, 13, 1, 100.00, '2025-10-23 08:35:39', '2025-10-23 08:35:39'),
(973, 183, 125, 2, 150.00, '2025-10-23 08:35:39', '2025-10-23 08:35:39'),
(974, 183, 118, 1, 100.00, '2025-10-23 08:35:39', '2025-10-23 08:35:39'),
(975, 183, 48, 1, 500.00, '2025-10-23 08:35:39', '2025-10-23 08:35:39'),
(976, 183, 88, 1, 900.00, '2025-10-23 08:35:39', '2025-10-23 08:35:39'),
(977, 183, 76, 1, 800.00, '2025-10-23 08:35:39', '2025-10-23 08:35:39'),
(978, 183, 17, 1, 300.00, '2025-10-23 08:35:39', '2025-10-23 08:35:39'),
(979, 183, 18, 1, 100.00, '2025-10-23 08:35:39', '2025-10-23 08:35:39'),
(980, 183, 29, 1, 350.00, '2025-10-23 08:35:39', '2025-10-23 08:35:39'),
(981, 183, 74, 1, 200.00, '2025-10-23 08:35:39', '2025-10-23 08:35:39'),
(982, 183, 24, 1, 580.00, '2025-10-23 08:35:39', '2025-10-23 08:35:39'),
(983, 183, 67, 1, 950.00, '2025-10-23 08:35:39', '2025-10-23 08:35:39'),
(984, 183, 15, 1, 200.00, '2025-10-23 08:35:39', '2025-10-23 08:35:39'),
(985, 183, 86, 1, 6300.00, '2025-10-23 08:35:39', '2025-10-23 08:35:39'),
(986, 183, 85, 1, 200.00, '2025-10-23 08:35:39', '2025-10-23 08:35:39'),
(987, 184, 13, 1, 100.00, '2025-10-23 08:39:01', '2025-10-23 08:39:01'),
(988, 184, 125, 2, 150.00, '2025-10-23 08:39:01', '2025-10-23 08:39:01');
INSERT INTO `bike_service_record_details` (`id`, `bike_service_record_id`, `service_id`, `quantity`, `price`, `created_at`, `updated_at`) VALUES
(989, 184, 118, 1, 100.00, '2025-10-23 08:39:01', '2025-10-23 08:39:01'),
(990, 184, 29, 2, 350.00, '2025-10-23 08:39:01', '2025-10-23 08:39:01'),
(991, 184, 48, 1, 500.00, '2025-10-23 08:39:01', '2025-10-23 08:39:01'),
(992, 184, 76, 1, 800.00, '2025-10-23 08:39:01', '2025-10-23 08:39:01'),
(993, 184, 88, 1, 900.00, '2025-10-23 08:39:01', '2025-10-23 08:39:01'),
(994, 184, 17, 1, 300.00, '2025-10-23 08:39:01', '2025-10-23 08:39:01'),
(995, 184, 18, 1, 100.00, '2025-10-23 08:39:01', '2025-10-23 08:39:01'),
(996, 184, 15, 1, 200.00, '2025-10-23 08:39:01', '2025-10-23 08:39:01'),
(997, 185, 13, 1, 100.00, '2025-10-23 08:42:14', '2025-10-23 08:42:14'),
(998, 185, 125, 2, 150.00, '2025-10-23 08:42:14', '2025-10-23 08:42:14'),
(999, 185, 118, 1, 100.00, '2025-10-23 08:42:14', '2025-10-23 08:42:14'),
(1000, 185, 136, 1, 600.00, '2025-10-23 08:42:14', '2025-10-23 08:42:14'),
(1001, 185, 129, 1, 2800.00, '2025-10-23 08:42:14', '2025-10-23 08:42:14'),
(1002, 185, 29, 1, 350.00, '2025-10-23 08:42:14', '2025-10-23 08:42:14'),
(1003, 185, 88, 1, 1000.00, '2025-10-23 08:42:14', '2025-10-23 08:42:14'),
(1004, 185, 15, 1, 100.00, '2025-10-23 08:42:14', '2025-10-23 08:42:14'),
(1005, 186, 128, 1, 100.00, '2025-10-23 08:43:20', '2025-10-23 08:43:20'),
(1006, 186, 88, 1, 300.00, '2025-10-23 08:43:20', '2025-10-23 08:43:20'),
(1007, 187, 86, 1, 6000.00, '2025-10-23 08:46:58', '2025-10-23 08:46:58'),
(1008, 187, 85, 1, 200.00, '2025-10-23 08:46:58', '2025-10-23 08:46:58'),
(1009, 188, 13, 1, 100.00, '2025-10-23 09:27:45', '2025-10-23 09:27:45'),
(1010, 188, 125, 1, 150.00, '2025-10-23 09:27:45', '2025-10-23 09:27:45'),
(1011, 188, 76, 1, 700.00, '2025-10-23 09:27:45', '2025-10-23 09:27:45'),
(1012, 189, 129, 1, 550.00, '2025-10-23 14:06:38', '2025-10-23 14:06:38'),
(1013, 190, 129, 1, 4500.00, '2025-10-23 14:08:25', '2025-10-23 14:08:25'),
(1014, 191, 129, 1, 2650.00, '2025-10-23 14:10:03', '2025-10-23 14:10:03'),
(1015, 192, 129, 1, 300.00, '2025-10-23 14:15:55', '2025-10-23 14:15:55'),
(1016, 193, 129, 1, 1300.00, '2025-10-23 14:17:53', '2025-10-23 14:17:53'),
(1017, 194, 129, 1, 450.00, '2025-10-23 14:31:01', '2025-10-23 14:31:01'),
(1018, 195, 129, 1, 1900.00, '2025-10-23 14:32:06', '2025-10-23 14:32:06'),
(1019, 196, 129, 1, 4500.00, '2025-10-23 14:33:37', '2025-10-23 14:33:37'),
(1020, 197, 129, 1, 4000.00, '2025-10-23 14:34:56', '2025-10-23 14:34:56'),
(1021, 198, 129, 1, 300.00, '2025-10-23 14:36:03', '2025-10-23 14:36:03'),
(1022, 199, 129, 1, 7500.00, '2025-10-23 14:36:57', '2025-10-23 14:36:57'),
(1023, 200, 129, 1, 950.00, '2025-10-23 14:44:37', '2025-10-23 14:44:37'),
(1024, 201, 129, 1, 1450.00, '2025-10-23 14:45:55', '2025-10-23 14:45:55'),
(1025, 202, 129, 1, 300.00, '2025-10-23 14:46:50', '2025-10-23 14:46:50'),
(1026, 203, 129, 1, 150.00, '2025-10-23 14:49:13', '2025-10-23 14:49:13'),
(1027, 204, 129, 1, 700.00, '2025-10-23 14:50:39', '2025-10-23 14:50:39'),
(1028, 205, 129, 1, 4650.00, '2025-10-23 14:51:46', '2025-10-23 14:51:46'),
(1029, 206, 1, 1, 2000.00, '2025-10-25 08:20:41', '2025-10-25 08:20:41'),
(1030, 207, 122, 1, 600.00, '2025-10-30 15:05:18', '2025-10-30 15:05:18'),
(1039, 209, 4, 2, 600.00, '2025-10-30 15:15:34', '2025-10-30 15:15:34'),
(1040, 209, 95, 2, 120.00, '2025-10-30 15:15:34', '2025-10-30 15:15:34'),
(1041, 209, 45, 1, 740.00, '2025-10-30 15:15:34', '2025-10-30 15:15:34'),
(1042, 209, 122, 1, 700.00, '2025-10-30 15:15:34', '2025-10-30 15:15:34'),
(1043, 210, 122, 1, 700.00, '2025-10-30 16:11:24', '2025-10-30 16:11:24'),
(1044, 210, 45, 2, 200.00, '2025-10-30 16:11:24', '2025-10-30 16:11:24'),
(1045, 210, 46, 1, 500.00, '2025-10-30 16:11:24', '2025-10-30 16:11:24'),
(1046, 210, 113, 1, 150.00, '2025-10-30 16:11:24', '2025-10-30 16:11:24'),
(1047, 210, 140, 1, 100.00, '2025-10-30 16:11:24', '2025-10-30 16:11:24'),
(1048, 208, 122, 1, 800.00, '2025-10-30 16:12:10', '2025-10-30 16:12:10'),
(1049, 208, 103, 1, 380.00, '2025-10-30 16:12:10', '2025-10-30 16:12:10'),
(1050, 208, 114, 1, 330.00, '2025-10-30 16:12:10', '2025-10-30 16:12:10'),
(1051, 208, 25, 1, 3800.00, '2025-10-30 16:12:10', '2025-10-30 16:12:10'),
(1052, 208, 45, 1, 400.00, '2025-10-30 16:12:10', '2025-10-30 16:12:10'),
(1053, 208, 105, 1, 350.00, '2025-10-30 16:12:10', '2025-10-30 16:12:10'),
(1054, 208, 4, 1, 600.00, '2025-10-30 16:12:10', '2025-10-30 16:12:10'),
(1055, 208, 78, 1, 2050.00, '2025-10-30 16:12:10', '2025-10-30 16:12:10'),
(1056, 208, 31, 1, 2000.00, '2025-10-30 16:12:10', '2025-10-30 16:12:10'),
(1057, 211, 121, 1, 1000.00, '2025-10-31 11:21:19', '2025-10-31 11:21:19'),
(1058, 212, 14, 1, 300.00, '2025-11-08 16:32:36', '2025-11-08 16:32:36'),
(1059, 213, 13, 1, 100.00, '2025-11-11 07:35:56', '2025-11-11 07:35:56'),
(1060, 214, 13, 1, 100.00, '2025-11-11 07:37:15', '2025-11-11 07:37:15'),
(1061, 215, 4, 1, 1200.00, '2025-11-11 07:39:50', '2025-11-11 07:39:50'),
(1062, 215, 110, 1, 1250.00, '2025-11-11 07:39:50', '2025-11-11 07:39:50'),
(1063, 215, 122, 1, 600.00, '2025-11-11 07:39:50', '2025-11-11 07:39:50'),
(1064, 216, 4, 1, 1250.00, '2025-11-11 07:40:20', '2025-11-11 07:40:20'),
(1065, 217, 122, 1, 600.00, '2025-11-11 07:43:41', '2025-11-11 07:43:41'),
(1066, 217, 6, 1, 650.00, '2025-11-11 07:43:41', '2025-11-11 07:43:41'),
(1067, 217, 49, 1, 1100.00, '2025-11-11 07:43:41', '2025-11-11 07:43:41'),
(1068, 217, 45, 1, 200.00, '2025-11-11 07:43:41', '2025-11-11 07:43:41'),
(1069, 217, 20, 1, 200.00, '2025-11-11 07:43:41', '2025-11-11 07:43:41'),
(1070, 217, 15, 1, 50.00, '2025-11-11 07:43:41', '2025-11-11 07:43:41'),
(1071, 218, 13, 1, 100.00, '2025-11-11 07:45:06', '2025-11-11 07:45:06'),
(1072, 219, 13, 1, 100.00, '2025-11-11 07:45:40', '2025-11-11 07:45:40'),
(1073, 220, 122, 1, 600.00, '2025-11-11 07:47:39', '2025-11-11 07:47:39'),
(1074, 221, 4, 1, 580.00, '2025-11-11 07:50:36', '2025-11-11 07:50:36'),
(1075, 221, 95, 1, 120.00, '2025-11-11 07:50:36', '2025-11-11 07:50:36'),
(1076, 222, 19, 1, 1850.00, '2025-11-11 07:51:47', '2025-11-11 07:51:47'),
(1077, 222, 69, 1, 350.00, '2025-11-11 07:51:47', '2025-11-11 07:51:47'),
(1078, 222, 5, 1, 500.00, '2025-11-11 07:51:47', '2025-11-11 07:51:47'),
(1079, 222, 122, 1, 600.00, '2025-11-11 07:51:47', '2025-11-11 07:51:47'),
(1080, 223, 15, 1, 200.00, '2025-11-12 11:31:22', '2025-11-12 11:31:22'),
(1081, 224, 15, 1, 200.00, '2025-11-12 11:31:46', '2025-11-12 11:31:46'),
(1082, 225, 15, 1, 100.00, '2025-11-12 11:32:43', '2025-11-12 11:32:43'),
(1085, 228, 98, 1, 150.00, '2025-11-12 11:37:15', '2025-11-12 11:37:15'),
(1088, 229, 92, 1, 1000.00, '2025-11-12 11:38:58', '2025-11-12 11:38:58'),
(1097, 231, 24, 1, 450.00, '2025-11-12 11:45:27', '2025-11-12 11:45:27'),
(1098, 230, 92, 1, 1000.00, '2025-11-12 11:45:39', '2025-11-12 11:45:39'),
(1099, 230, 80, 1, 720.00, '2025-11-12 11:45:39', '2025-11-12 11:45:39'),
(1100, 230, 37, 1, 300.00, '2025-11-12 11:45:39', '2025-11-12 11:45:39'),
(1101, 230, 29, 1, 2300.00, '2025-11-12 11:45:39', '2025-11-12 11:45:39'),
(1102, 230, 15, 1, 100.00, '2025-11-12 11:45:39', '2025-11-12 11:45:39'),
(1103, 227, 98, 1, 300.00, '2025-11-12 11:45:54', '2025-11-12 11:45:54'),
(1104, 227, 92, 1, 1000.00, '2025-11-12 11:45:54', '2025-11-12 11:45:54'),
(1105, 227, 88, 1, 300.00, '2025-11-12 11:45:54', '2025-11-12 11:45:54'),
(1106, 227, 15, 1, 100.00, '2025-11-12 11:45:54', '2025-11-12 11:45:54'),
(1107, 232, 37, 1, 300.00, '2025-11-12 11:46:58', '2025-11-12 11:46:58'),
(1108, 232, 83, 1, 700.00, '2025-11-12 11:46:58', '2025-11-12 11:46:58'),
(1114, 233, 61, 1, 2650.00, '2025-11-12 11:53:26', '2025-11-12 11:53:26'),
(1115, 233, 93, 1, 350.00, '2025-11-12 11:53:26', '2025-11-12 11:53:26'),
(1116, 233, 74, 1, 100.00, '2025-11-12 11:53:26', '2025-11-12 11:53:26'),
(1117, 233, 46, 1, 500.00, '2025-11-12 11:53:26', '2025-11-12 11:53:26'),
(1118, 233, 73, 1, 70.00, '2025-11-12 11:53:26', '2025-11-12 11:53:26'),
(1119, 233, 15, 1, 200.00, '2025-11-12 11:53:26', '2025-11-12 11:53:26'),
(1120, 226, 16, 1, 1000.00, '2025-11-12 11:55:09', '2025-11-12 11:55:09'),
(1121, 226, 92, 1, 1700.00, '2025-11-12 11:55:09', '2025-11-12 11:55:09'),
(1122, 226, 18, 1, 400.00, '2025-11-12 11:55:09', '2025-11-12 11:55:09'),
(1123, 226, 69, 1, 400.00, '2025-11-12 11:55:09', '2025-11-12 11:55:09'),
(1124, 226, 15, 1, 200.00, '2025-11-12 11:55:09', '2025-11-12 11:55:09'),
(1125, 226, 74, 1, 500.00, '2025-11-12 11:55:09', '2025-11-12 11:55:09'),
(1126, 234, 37, 1, 1300.00, '2025-11-12 11:56:10', '2025-11-12 11:56:10'),
(1127, 234, 34, 1, 130.00, '2025-11-12 11:56:10', '2025-11-12 11:56:10'),
(1128, 235, 129, 1, 4000.00, '2025-11-19 16:26:56', '2025-11-19 16:26:56'),
(1129, 236, 129, 1, 4000.00, '2025-11-19 16:27:33', '2025-11-19 16:27:33'),
(1130, 237, 129, 1, 1000.00, '2025-11-19 16:28:33', '2025-11-19 16:28:33'),
(1131, 238, 129, 1, 2000.00, '2025-11-19 16:29:11', '2025-11-19 16:29:11'),
(1132, 239, 129, 1, 450.00, '2025-11-19 16:30:04', '2025-11-19 16:30:04'),
(1133, 240, 129, 1, 3000.00, '2025-11-19 16:30:45', '2025-11-19 16:30:45'),
(1134, 241, 129, 1, 3500.00, '2025-11-19 16:31:28', '2025-11-19 16:31:28'),
(1135, 242, 129, 1, 2900.00, '2025-11-19 16:32:24', '2025-11-19 16:32:24'),
(1136, 243, 129, 1, 300.00, '2025-11-19 16:33:46', '2025-11-19 16:33:46'),
(1137, 244, 129, 1, 1200.00, '2025-11-19 16:34:43', '2025-11-19 16:34:43'),
(1138, 245, 129, 1, 300.00, '2025-11-19 16:35:48', '2025-11-19 16:35:48'),
(1139, 246, 70, 1, 500.00, '2025-11-23 16:04:00', '2025-11-23 16:04:00'),
(1140, 247, 29, 1, 600.00, '2025-11-23 16:07:59', '2025-11-23 16:07:59'),
(1141, 247, 17, 1, 300.00, '2025-11-23 16:07:59', '2025-11-23 16:07:59'),
(1142, 248, 13, 1, 100.00, '2025-11-23 16:15:25', '2025-11-23 16:15:25'),
(1143, 248, 118, 1, 100.00, '2025-11-23 16:15:25', '2025-11-23 16:15:25'),
(1144, 248, 125, 2, 150.00, '2025-11-23 16:15:25', '2025-11-23 16:15:25'),
(1145, 248, 14, 1, 300.00, '2025-11-23 16:15:25', '2025-11-23 16:15:25'),
(1146, 249, 13, 1, 100.00, '2025-11-23 16:20:05', '2025-11-23 16:20:05'),
(1147, 249, 125, 2, 150.00, '2025-11-23 16:20:05', '2025-11-23 16:20:05'),
(1148, 249, 118, 1, 100.00, '2025-11-23 16:20:05', '2025-11-23 16:20:05'),
(1149, 249, 14, 1, 200.00, '2025-11-23 16:20:05', '2025-11-23 16:20:05'),
(1150, 249, 129, 1, 2000.00, '2025-11-23 16:20:05', '2025-11-23 16:20:05'),
(1151, 250, 129, 1, 3500.00, '2025-11-23 16:22:58', '2025-11-23 16:22:58'),
(1152, 250, 14, 1, 500.00, '2025-11-23 16:22:58', '2025-11-23 16:22:58'),
(1153, 251, 14, 1, 300.00, '2025-11-23 16:27:59', '2025-11-23 16:27:59'),
(1154, 251, 46, 1, 500.00, '2025-11-23 16:27:59', '2025-11-23 16:27:59'),
(1155, 252, 13, 1, 100.00, '2025-11-28 12:18:29', '2025-11-28 12:18:29'),
(1156, 253, 13, 1, 100.00, '2025-11-28 12:18:55', '2025-11-28 12:18:55'),
(1157, 254, 44, 1, 700.00, '2025-11-28 12:19:34', '2025-11-28 12:19:34'),
(1158, 255, 4, 1, 600.00, '2025-11-28 12:29:42', '2025-11-28 12:29:42'),
(1159, 255, 95, 1, 100.00, '2025-11-28 12:29:42', '2025-11-28 12:29:42'),
(1160, 256, 120, 1, 1000.00, '2025-11-28 12:40:10', '2025-11-28 12:40:10'),
(1161, 256, 62, 1, 1600.00, '2025-11-28 12:40:10', '2025-11-28 12:40:10'),
(1162, 256, 106, 1, 1600.00, '2025-11-28 12:40:10', '2025-11-28 12:40:10'),
(1163, 256, 105, 1, 600.00, '2025-11-28 12:40:10', '2025-11-28 12:40:10'),
(1164, 256, 103, 1, 400.00, '2025-11-28 12:40:10', '2025-11-28 12:40:10'),
(1165, 256, 114, 1, 215.00, '2025-11-28 12:40:10', '2025-11-28 12:40:10'),
(1166, 256, 4, 1, 600.00, '2025-11-28 12:40:10', '2025-11-28 12:40:10'),
(1167, 256, 95, 1, 100.00, '2025-11-28 12:40:10', '2025-11-28 12:40:10'),
(1168, 257, 4, 1, 600.00, '2025-11-28 12:41:06', '2025-11-28 12:41:06'),
(1169, 258, 120, 1, 600.00, '2025-11-28 12:53:16', '2025-11-28 12:53:16'),
(1170, 259, 86, 1, 4000.00, '2025-11-30 11:50:18', '2025-11-30 11:50:18'),
(1171, 259, 13, 1, 100.00, '2025-11-30 11:50:18', '2025-11-30 11:50:18'),
(1172, 259, 125, 2, 150.00, '2025-11-30 11:50:18', '2025-11-30 11:50:18'),
(1173, 259, 118, 1, 100.00, '2025-11-30 11:50:18', '2025-11-30 11:50:18'),
(1174, 259, 14, 1, 300.00, '2025-11-30 11:50:18', '2025-11-30 11:50:18'),
(1175, 260, 129, 1, 5500.00, '2025-12-07 15:52:00', '2025-12-07 15:52:00'),
(1176, 260, 69, 1, 350.00, '2025-12-07 15:52:00', '2025-12-07 15:52:00'),
(1177, 260, 68, 1, 300.00, '2025-12-07 15:52:00', '2025-12-07 15:52:00'),
(1178, 260, 80, 1, 180.00, '2025-12-07 15:52:00', '2025-12-07 15:52:00'),
(1179, 260, 18, 1, 100.00, '2025-12-07 15:52:00', '2025-12-07 15:52:00'),
(1180, 260, 14, 1, 300.00, '2025-12-07 15:52:00', '2025-12-07 15:52:00'),
(1181, 260, 88, 1, 900.00, '2025-12-07 15:52:00', '2025-12-07 15:52:00'),
(1182, 260, 5, 1, 550.00, '2025-12-07 15:52:00', '2025-12-07 15:52:00'),
(1183, 260, 29, 1, 400.00, '2025-12-07 15:52:00', '2025-12-07 15:52:00'),
(1184, 260, 94, 1, 250.00, '2025-12-07 15:52:00', '2025-12-07 15:52:00'),
(1185, 260, 44, 1, 700.00, '2025-12-07 15:52:00', '2025-12-07 15:52:00'),
(1186, 260, 74, 1, 600.00, '2025-12-07 15:52:00', '2025-12-07 15:52:00'),
(1187, 260, 113, 1, 300.00, '2025-12-07 15:52:00', '2025-12-07 15:52:00'),
(1188, 260, 120, 1, 600.00, '2025-12-07 15:52:00', '2025-12-07 15:52:00'),
(1189, 260, 15, 1, 200.00, '2025-12-07 15:52:00', '2025-12-07 15:52:00'),
(1190, 261, 59, 1, 1800.00, '2026-01-15 16:15:55', '2026-01-15 16:15:55'),
(1191, 262, 114, 1, 400.00, '2026-01-15 16:16:59', '2026-01-15 16:16:59'),
(1192, 263, 15, 1, 1000.00, '2026-01-18 15:27:14', '2026-01-18 15:27:14'),
(1193, 264, 148, 1, 13700.00, '2026-01-20 09:26:36', '2026-01-20 09:26:36'),
(1202, 265, 148, 1, 13700.00, '2026-01-20 09:29:57', '2026-01-20 09:29:57'),
(1203, 265, 135, 1, 500.00, '2026-01-20 09:29:57', '2026-01-20 09:29:57'),
(1204, 265, 13, 1, 100.00, '2026-01-20 09:29:57', '2026-01-20 09:29:57'),
(1205, 265, 125, 2, 150.00, '2026-01-20 09:29:57', '2026-01-20 09:29:57'),
(1206, 265, 118, 1, 100.00, '2026-01-20 09:29:57', '2026-01-20 09:29:57'),
(1207, 265, 128, 1, 100.00, '2026-01-20 09:29:57', '2026-01-20 09:29:57'),
(1208, 265, 14, 1, 300.00, '2026-01-20 09:29:57', '2026-01-20 09:29:57'),
(1209, 265, 98, 1, 300.00, '2026-01-20 09:29:57', '2026-01-20 09:29:57'),
(1210, 266, 1, 1, 12000.00, '2026-01-23 11:15:44', '2026-01-23 11:15:44'),
(1211, 267, 90, 1, 1800.00, '2026-01-24 08:39:07', '2026-01-24 08:39:07'),
(1212, 268, 130, 1, 120.00, '2026-01-27 05:52:29', '2026-01-27 05:52:29'),
(1213, 268, 125, 2, 150.00, '2026-01-27 05:52:29', '2026-01-27 05:52:29'),
(1214, 268, 118, 1, 100.00, '2026-01-27 05:52:29', '2026-01-27 05:52:29'),
(1215, 268, 128, 1, 70.00, '2026-01-27 05:52:29', '2026-01-27 05:52:29'),
(1216, 268, 136, 1, 110.00, '2026-01-27 05:52:29', '2026-01-27 05:52:29'),
(1217, 269, 13, 1, 100.00, '2026-01-28 07:00:29', '2026-01-28 07:00:29'),
(1218, 269, 125, 2, 150.00, '2026-01-28 07:00:29', '2026-01-28 07:00:29'),
(1219, 269, 128, 1, 100.00, '2026-01-28 07:00:29', '2026-01-28 07:00:29'),
(1220, 269, 118, 1, 100.00, '2026-01-28 07:00:29', '2026-01-28 07:00:29'),
(1221, 269, 130, 1, 120.00, '2026-01-28 07:00:29', '2026-01-28 07:00:29'),
(1222, 269, 15, 1, 300.00, '2026-01-28 07:00:29', '2026-01-28 07:00:29'),
(1223, 270, 114, 1, 500.00, '2026-01-28 07:01:29', '2026-01-28 07:01:29'),
(1224, 270, 13, 1, 100.00, '2026-01-28 07:01:29', '2026-01-28 07:01:29'),
(1225, 270, 125, 2, 150.00, '2026-01-28 07:01:29', '2026-01-28 07:01:29'),
(1226, 270, 118, 1, 100.00, '2026-01-28 07:01:29', '2026-01-28 07:01:29'),
(1227, 271, 13, 1, 100.00, '2026-01-28 07:05:25', '2026-01-28 07:05:25'),
(1228, 271, 85, 1, 300.00, '2026-01-28 07:05:25', '2026-01-28 07:05:25'),
(1229, 271, 125, 2, 150.00, '2026-01-28 07:05:25', '2026-01-28 07:05:25'),
(1230, 271, 118, 1, 100.00, '2026-01-28 07:05:25', '2026-01-28 07:05:25'),
(1231, 271, 128, 1, 100.00, '2026-01-28 07:05:25', '2026-01-28 07:05:25'),
(1232, 271, 14, 1, 500.00, '2026-01-28 07:05:25', '2026-01-28 07:05:25'),
(1233, 271, 130, 1, 120.00, '2026-01-28 07:05:25', '2026-01-28 07:05:25'),
(1234, 271, 15, 1, 500.00, '2026-01-28 07:05:25', '2026-01-28 07:05:25'),
(1235, 272, 98, 1, 300.00, '2026-01-28 07:10:16', '2026-01-28 07:10:16'),
(1236, 272, 15, 1, 100.00, '2026-01-28 07:10:16', '2026-01-28 07:10:16'),
(1237, 272, 39, 1, 1000.00, '2026-01-28 07:10:16', '2026-01-28 07:10:16'),
(1238, 272, 13, 1, 100.00, '2026-01-28 07:10:16', '2026-01-28 07:10:16'),
(1239, 272, 125, 2, 150.00, '2026-01-28 07:10:16', '2026-01-28 07:10:16'),
(1240, 272, 118, 1, 100.00, '2026-01-28 07:10:16', '2026-01-28 07:10:16'),
(1241, 272, 128, 1, 100.00, '2026-01-28 07:10:16', '2026-01-28 07:10:16'),
(1242, 272, 40, 1, 370.00, '2026-01-28 07:10:16', '2026-01-28 07:10:16'),
(1243, 272, 117, 1, 500.00, '2026-01-28 07:10:16', '2026-01-28 07:10:16'),
(1244, 272, 4, 1, 1000.00, '2026-01-28 07:10:16', '2026-01-28 07:10:16'),
(1245, 272, 131, 1, 9500.00, '2026-01-28 07:10:16', '2026-01-28 07:10:16'),
(1246, 272, 129, 1, 7000.00, '2026-01-28 07:10:16', '2026-01-28 07:10:16'),
(1247, 273, 13, 1, 100.00, '2026-01-28 07:11:28', '2026-01-28 07:11:28'),
(1248, 273, 125, 2, 150.00, '2026-01-28 07:11:28', '2026-01-28 07:11:28'),
(1249, 274, 13, 1, 100.00, '2026-01-28 07:16:47', '2026-01-28 07:16:47'),
(1250, 274, 125, 3, 150.00, '2026-01-28 07:16:47', '2026-01-28 07:16:47'),
(1251, 274, 128, 1, 100.00, '2026-01-28 07:16:47', '2026-01-28 07:16:47'),
(1252, 274, 118, 1, 100.00, '2026-01-28 07:16:47', '2026-01-28 07:16:47'),
(1253, 274, 86, 1, 3700.00, '2026-01-28 07:16:47', '2026-01-28 07:16:47'),
(1254, 274, 87, 1, 300.00, '2026-01-28 07:16:47', '2026-01-28 07:16:47'),
(1255, 274, 66, 1, 500.00, '2026-01-28 07:16:47', '2026-01-28 07:16:47'),
(1256, 274, 70, 1, 650.00, '2026-01-28 07:16:47', '2026-01-28 07:16:47'),
(1257, 274, 88, 1, 750.00, '2026-01-28 07:16:47', '2026-01-28 07:16:47'),
(1258, 274, 17, 1, 300.00, '2026-01-28 07:16:47', '2026-01-28 07:16:47'),
(1259, 274, 24, 1, 800.00, '2026-01-28 07:16:47', '2026-01-28 07:16:47'),
(1260, 274, 43, 1, 2400.00, '2026-01-28 07:16:47', '2026-01-28 07:16:47'),
(1261, 274, 29, 1, 500.00, '2026-01-28 07:16:47', '2026-01-28 07:16:47'),
(1262, 274, 80, 1, 1400.00, '2026-01-28 07:16:47', '2026-01-28 07:16:47'),
(1263, 274, 15, 1, 400.00, '2026-01-28 07:16:47', '2026-01-28 07:16:47'),
(1264, 275, 34, 1, 200.00, '2026-01-28 07:18:39', '2026-01-28 07:18:39'),
(1265, 276, 110, 1, 1000.00, '2026-01-28 07:19:42', '2026-01-28 07:19:42'),
(1266, 276, 35, 1, 100.00, '2026-01-28 07:19:42', '2026-01-28 07:19:42'),
(1267, 277, 13, 1, 100.00, '2026-01-28 07:36:30', '2026-01-28 07:36:30'),
(1268, 277, 125, 2, 150.00, '2026-01-28 07:36:30', '2026-01-28 07:36:30'),
(1269, 277, 118, 1, 70.00, '2026-01-28 07:36:30', '2026-01-28 07:36:30'),
(1270, 277, 39, 1, 700.00, '2026-01-28 07:36:30', '2026-01-28 07:36:30'),
(1271, 278, 152, 1, 1200.00, '2026-01-28 11:14:19', '2026-01-28 11:14:19'),
(1272, 278, 44, 1, 1400.00, '2026-01-28 11:14:19', '2026-01-28 11:14:19'),
(1273, 279, 148, 1, 2750.00, '2026-01-31 06:08:36', '2026-01-31 06:08:36'),
(1274, 280, 153, 1, 1400.00, '2026-01-31 06:14:48', '2026-01-31 06:14:48'),
(1275, 281, 117, 1, 650.00, '2026-01-31 06:21:19', '2026-01-31 06:21:19'),
(1276, 282, 13, 1, 100.00, '2026-01-31 06:28:12', '2026-01-31 06:28:12'),
(1277, 283, 140, 1, 120.00, '2026-02-03 10:12:44', '2026-02-03 10:12:44'),
(1278, 284, 140, 1, 120.00, '2026-02-03 10:13:39', '2026-02-03 10:13:39'),
(1279, 285, 140, 1, 120.00, '2026-02-03 10:14:14', '2026-02-03 10:14:14'),
(1280, 286, 140, 1, 120.00, '2026-02-03 10:14:42', '2026-02-03 10:14:42'),
(1281, 287, 140, 1, 120.00, '2026-02-03 10:16:20', '2026-02-03 10:16:20'),
(1282, 288, 140, 1, 120.00, '2026-02-03 10:16:59', '2026-02-03 10:16:59'),
(1283, 289, 140, 1, 120.00, '2026-02-03 10:17:47', '2026-02-03 10:17:47'),
(1284, 290, 15, 1, 500.00, '2026-02-03 11:02:37', '2026-02-03 11:02:37'),
(1285, 291, 148, 1, 15000.00, '2026-02-05 13:12:02', '2026-02-05 13:12:02'),
(1286, 292, 99, 1, 1000.00, '2026-02-05 16:31:46', '2026-02-05 16:31:46'),
(1287, 293, 148, 1, 30500.00, '2026-02-09 12:13:25', '2026-02-09 12:13:25'),
(1288, 293, 15, 1, 500.00, '2026-02-09 12:13:25', '2026-02-09 12:13:25'),
(1289, 293, 140, 1, 200.00, '2026-02-09 12:13:25', '2026-02-09 12:13:25'),
(1290, 294, 13, 1, 100.00, '2026-02-10 09:23:05', '2026-02-10 09:23:05'),
(1291, 295, 124, 1, 200.00, '2026-02-10 09:24:27', '2026-02-10 09:24:27'),
(1292, 296, 35, 1, 100.00, '2026-02-10 16:25:43', '2026-02-10 16:25:43'),
(1294, 298, 88, 1, 1000.00, '2026-02-10 16:55:59', '2026-02-10 16:55:59'),
(1295, 298, 18, 1, 200.00, '2026-02-10 16:55:59', '2026-02-10 16:55:59'),
(1296, 297, 88, 1, 350.00, '2026-02-10 16:56:40', '2026-02-10 16:56:40'),
(1297, 299, 80, 1, 800.00, '2026-02-10 16:57:17', '2026-02-10 16:57:17'),
(1298, 300, 13, 1, 100.00, '2026-02-14 14:09:46', '2026-02-14 14:09:46'),
(1299, 300, 125, 1, 150.00, '2026-02-14 14:09:46', '2026-02-14 14:09:46'),
(1300, 300, 118, 1, 100.00, '2026-02-14 14:09:46', '2026-02-14 14:09:46'),
(1301, 300, 128, 1, 100.00, '2026-02-14 14:09:46', '2026-02-14 14:09:46'),
(1302, 300, 14, 1, 400.00, '2026-02-14 14:09:46', '2026-02-14 14:09:46'),
(1303, 300, 70, 1, 900.00, '2026-02-14 14:09:46', '2026-02-14 14:09:46'),
(1304, 301, 13, 1, 100.00, '2026-02-19 05:21:58', '2026-02-19 05:21:58'),
(1305, 301, 125, 1, 300.00, '2026-02-19 05:21:58', '2026-02-19 05:21:58'),
(1306, 301, 118, 1, 70.00, '2026-02-19 05:21:58', '2026-02-19 05:21:58'),
(1307, 301, 128, 1, 30.00, '2026-02-19 05:21:58', '2026-02-19 05:21:58'),
(1308, 302, 13, 1, 100.00, '2026-02-19 05:23:46', '2026-02-19 05:23:46'),
(1309, 302, 125, 1, 200.00, '2026-02-19 05:23:46', '2026-02-19 05:23:46'),
(1310, 303, 13, 1, 100.00, '2026-02-19 05:26:27', '2026-02-19 05:26:27'),
(1311, 303, 125, 1, 200.00, '2026-02-19 05:26:27', '2026-02-19 05:26:27'),
(1312, 304, 13, 1, 100.00, '2026-02-19 05:30:07', '2026-02-19 05:30:07'),
(1313, 304, 125, 1, 300.00, '2026-02-19 05:30:07', '2026-02-19 05:30:07'),
(1314, 304, 118, 1, 100.00, '2026-02-19 05:30:07', '2026-02-19 05:30:07'),
(1315, 304, 128, 1, 100.00, '2026-02-19 05:30:07', '2026-02-19 05:30:07'),
(1316, 304, 120, 1, 15000.00, '2026-02-19 05:30:07', '2026-02-19 05:30:07'),
(1317, 305, 13, 1, 100.00, '2026-02-19 05:33:34', '2026-02-19 05:33:34'),
(1318, 305, 125, 1, 300.00, '2026-02-19 05:33:34', '2026-02-19 05:33:34'),
(1319, 305, 118, 1, 50.00, '2026-02-19 05:33:34', '2026-02-19 05:33:34'),
(1320, 305, 128, 1, 50.00, '2026-02-19 05:33:34', '2026-02-19 05:33:34'),
(1321, 306, 85, 1, 500.00, '2026-02-19 05:35:08', '2026-02-19 05:35:08'),
(1322, 307, 13, 1, 100.00, '2026-02-19 05:36:05', '2026-02-19 05:36:05'),
(1323, 307, 125, 1, 200.00, '2026-02-19 05:36:05', '2026-02-19 05:36:05'),
(1324, 308, 69, 1, 800.00, '2026-02-19 05:48:25', '2026-02-19 05:48:25'),
(1325, 308, 13, 1, 100.00, '2026-02-19 05:48:25', '2026-02-19 05:48:25'),
(1326, 308, 125, 1, 300.00, '2026-02-19 05:48:25', '2026-02-19 05:48:25'),
(1327, 308, 118, 1, 50.00, '2026-02-19 05:48:25', '2026-02-19 05:48:25'),
(1328, 308, 128, 1, 50.00, '2026-02-19 05:48:25', '2026-02-19 05:48:25'),
(1329, 309, 16, 1, 1200.00, '2026-02-19 05:49:10', '2026-02-19 05:49:10'),
(1330, 310, 16, 1, 1000.00, '2026-02-19 05:56:11', '2026-02-19 05:56:11'),
(1331, 311, 13, 1, 100.00, '2026-02-19 05:57:54', '2026-02-19 05:57:54'),
(1332, 311, 125, 1, 300.00, '2026-02-19 05:57:54', '2026-02-19 05:57:54'),
(1333, 311, 118, 1, 50.00, '2026-02-19 05:57:54', '2026-02-19 05:57:54'),
(1334, 311, 128, 1, 50.00, '2026-02-19 05:57:54', '2026-02-19 05:57:54'),
(1335, 312, 13, 1, 100.00, '2026-02-19 05:59:19', '2026-02-19 05:59:19'),
(1336, 312, 125, 1, 300.00, '2026-02-19 05:59:19', '2026-02-19 05:59:19'),
(1337, 312, 118, 1, 50.00, '2026-02-19 05:59:19', '2026-02-19 05:59:19'),
(1338, 312, 128, 1, 50.00, '2026-02-19 05:59:19', '2026-02-19 05:59:19'),
(1358, 313, 76, 1, 1800.00, '2026-02-19 06:10:05', '2026-02-19 06:10:05'),
(1359, 313, 70, 1, 600.00, '2026-02-19 06:10:05', '2026-02-19 06:10:05'),
(1360, 313, 28, 1, 1800.00, '2026-02-19 06:10:05', '2026-02-19 06:10:05'),
(1361, 313, 80, 1, 600.00, '2026-02-19 06:10:05', '2026-02-19 06:10:05'),
(1362, 313, 137, 1, 250.00, '2026-02-19 06:10:05', '2026-02-19 06:10:05'),
(1363, 313, 35, 1, 160.00, '2026-02-19 06:10:05', '2026-02-19 06:10:05'),
(1364, 313, 99, 1, 1000.00, '2026-02-19 06:10:05', '2026-02-19 06:10:05'),
(1365, 313, 84, 1, 400.00, '2026-02-19 06:10:05', '2026-02-19 06:10:05'),
(1366, 313, 15, 1, 300.00, '2026-02-19 06:10:05', '2026-02-19 06:10:05'),
(1367, 313, 155, 1, 6200.00, '2026-02-19 06:10:05', '2026-02-19 06:10:05'),
(1368, 313, 18, 1, 1000.00, '2026-02-19 06:10:05', '2026-02-19 06:10:05'),
(1369, 314, 24, 1, 800.00, '2026-02-19 06:14:27', '2026-02-19 06:14:27'),
(1370, 314, 69, 1, 400.00, '2026-02-19 06:14:27', '2026-02-19 06:14:27'),
(1371, 314, 92, 1, 1400.00, '2026-02-19 06:14:27', '2026-02-19 06:14:27'),
(1372, 314, 17, 1, 400.00, '2026-02-19 06:14:27', '2026-02-19 06:14:27'),
(1373, 314, 88, 1, 900.00, '2026-02-19 06:14:27', '2026-02-19 06:14:27'),
(1374, 314, 37, 1, 300.00, '2026-02-19 06:14:27', '2026-02-19 06:14:27'),
(1375, 314, 20, 1, 150.00, '2026-02-19 06:14:27', '2026-02-19 06:14:27'),
(1376, 314, 15, 1, 200.00, '2026-02-19 06:14:27', '2026-02-19 06:14:27'),
(1377, 314, 141, 1, 1400.00, '2026-02-19 06:14:27', '2026-02-19 06:14:27'),
(1384, 315, 57, 1, 3800.00, '2026-02-19 07:57:35', '2026-02-19 07:57:35'),
(1385, 315, 111, 1, 850.00, '2026-02-19 07:57:35', '2026-02-19 07:57:35'),
(1386, 315, 106, 1, 1750.00, '2026-02-19 07:57:35', '2026-02-19 07:57:35'),
(1387, 315, 105, 1, 650.00, '2026-02-19 07:57:35', '2026-02-19 07:57:35'),
(1388, 315, 114, 1, 150.00, '2026-02-19 07:57:35', '2026-02-19 07:57:35'),
(1389, 315, 4, 1, 850.00, '2026-02-19 07:57:35', '2026-02-19 07:57:35'),
(1390, 315, 118, 1, 100.00, '2026-02-19 07:57:35', '2026-02-19 07:57:35'),
(1391, 316, 109, 1, 3400.00, '2026-02-20 08:02:50', '2026-02-20 08:02:50'),
(1392, 316, 13, 1, 100.00, '2026-02-20 08:02:50', '2026-02-20 08:02:50'),
(1393, 316, 125, 2, 150.00, '2026-02-20 08:02:50', '2026-02-20 08:02:50'),
(1394, 316, 128, 1, 100.00, '2026-02-20 08:02:50', '2026-02-20 08:02:50'),
(1395, 316, 118, 1, 100.00, '2026-02-20 08:02:50', '2026-02-20 08:02:50'),
(1401, 317, 13, 1, 100.00, '2026-02-21 08:58:29', '2026-02-21 08:58:29'),
(1402, 317, 125, 1, 300.00, '2026-02-21 08:58:29', '2026-02-21 08:58:29'),
(1403, 317, 118, 1, 50.00, '2026-02-21 08:58:29', '2026-02-21 08:58:29'),
(1404, 317, 128, 1, 50.00, '2026-02-21 08:58:29', '2026-02-21 08:58:29'),
(1405, 317, 98, 1, 450.00, '2026-02-21 08:58:29', '2026-02-21 08:58:29'),
(1423, 319, 17, 1, 300.00, '2026-02-24 05:52:07', '2026-02-24 05:52:07'),
(1424, 319, 29, 1, 450.00, '2026-02-24 05:52:07', '2026-02-24 05:52:07'),
(1425, 319, 80, 1, 560.00, '2026-02-24 05:52:07', '2026-02-24 05:52:07'),
(1426, 319, 15, 1, 200.00, '2026-02-24 05:52:07', '2026-02-24 05:52:07'),
(1436, 320, 111, 1, 950.00, '2026-02-24 06:54:01', '2026-02-24 06:54:01'),
(1437, 320, 114, 1, 2200.00, '2026-02-24 06:54:01', '2026-02-24 06:54:01'),
(1438, 320, 106, 1, 6500.00, '2026-02-24 06:54:01', '2026-02-24 06:54:01'),
(1439, 320, 105, 1, 500.00, '2026-02-24 06:54:01', '2026-02-24 06:54:01'),
(1440, 320, 113, 1, 300.00, '2026-02-24 06:54:01', '2026-02-24 06:54:01'),
(1441, 320, 63, 1, 1550.00, '2026-02-24 06:54:01', '2026-02-24 06:54:01'),
(1442, 320, 12, 1, 2300.00, '2026-02-24 06:54:01', '2026-02-24 06:54:01'),
(1443, 320, 45, 1, 2000.00, '2026-02-24 06:54:01', '2026-02-24 06:54:01'),
(1444, 320, 15, 1, 400.00, '2026-02-24 06:54:01', '2026-02-24 06:54:01'),
(1445, 320, 149, 1, 2950.00, '2026-02-24 06:54:01', '2026-02-24 06:54:01'),
(1446, 320, 154, 1, 350.00, '2026-02-24 06:54:01', '2026-02-24 06:54:01'),
(1447, 321, 129, 1, 700.00, '2026-02-24 08:10:20', '2026-02-24 08:10:20'),
(1451, 322, 125, 1, 300.00, '2026-02-25 11:03:40', '2026-02-25 11:03:40'),
(1452, 322, 118, 1, 100.00, '2026-02-25 11:03:40', '2026-02-25 11:03:40'),
(1453, 322, 128, 1, 100.00, '2026-02-25 11:03:40', '2026-02-25 11:03:40'),
(1454, 322, 85, 1, 500.00, '2026-02-25 11:03:40', '2026-02-25 11:03:40'),
(1455, 318, 67, 1, 350.00, '2026-02-25 11:04:10', '2026-02-25 11:04:10'),
(1456, 318, 28, 1, 680.00, '2026-02-25 11:04:10', '2026-02-25 11:04:10'),
(1457, 318, 43, 1, 1700.00, '2026-02-25 11:04:10', '2026-02-25 11:04:10'),
(1458, 318, 69, 1, 180.00, '2026-02-25 11:04:10', '2026-02-25 11:04:10'),
(1459, 318, 68, 1, 220.00, '2026-02-25 11:04:10', '2026-02-25 11:04:10'),
(1460, 318, 88, 1, 900.00, '2026-02-25 11:04:10', '2026-02-25 11:04:10'),
(1461, 318, 156, 1, 1150.00, '2026-02-25 11:04:10', '2026-02-25 11:04:10'),
(1462, 318, 15, 1, 200.00, '2026-02-25 11:04:10', '2026-02-25 11:04:10'),
(1463, 318, 85, 1, 500.00, '2026-02-25 11:04:10', '2026-02-25 11:04:10'),
(1464, 323, 129, 1, 2500.00, '2026-02-25 12:56:13', '2026-02-25 12:56:13'),
(1465, 324, 129, 1, 900.00, '2026-02-25 12:58:07', '2026-02-25 12:58:07'),
(1466, 325, 129, 1, 400.00, '2026-02-25 12:59:08', '2026-02-25 12:59:08'),
(1467, 326, 148, 1, 2800.00, '2026-02-25 12:59:23', '2026-02-25 12:59:23'),
(1468, 326, 129, 1, 600.00, '2026-02-25 12:59:23', '2026-02-25 12:59:23'),
(1469, 327, 148, 1, 2800.00, '2026-02-25 12:59:23', '2026-02-25 12:59:23'),
(1470, 327, 129, 1, 600.00, '2026-02-25 12:59:23', '2026-02-25 12:59:23'),
(1471, 328, 129, 1, 900.00, '2026-02-25 13:02:21', '2026-02-25 13:02:21'),
(1472, 329, 125, 2, 150.00, '2026-02-25 13:03:31', '2026-02-25 13:03:31'),
(1473, 329, 118, 1, 100.00, '2026-02-25 13:03:31', '2026-02-25 13:03:31'),
(1474, 329, 126, 1, 180.00, '2026-02-25 13:03:31', '2026-02-25 13:03:31'),
(1475, 330, 129, 1, 300.00, '2026-02-25 13:05:35', '2026-02-25 13:05:35'),
(1476, 331, 129, 1, 2950.00, '2026-02-25 13:06:45', '2026-02-25 13:06:45'),
(1477, 332, 129, 1, 1800.00, '2026-02-25 13:07:21', '2026-02-25 13:07:21'),
(1478, 333, 129, 1, 5000.00, '2026-02-25 13:09:28', '2026-02-25 13:09:28'),
(1479, 334, 129, 1, 3500.00, '2026-02-25 13:10:06', '2026-02-25 13:10:06'),
(1480, 335, 129, 1, 2000.00, '2026-02-25 13:10:33', '2026-02-25 13:10:33'),
(1481, 336, 17, 1, 300.00, '2026-02-25 13:16:20', '2026-02-25 13:16:20'),
(1482, 336, 18, 1, 450.00, '2026-02-25 13:16:20', '2026-02-25 13:16:20'),
(1483, 337, 88, 1, 900.00, '2026-02-25 13:19:03', '2026-02-25 13:19:03'),
(1484, 337, 80, 1, 640.00, '2026-02-25 13:19:03', '2026-02-25 13:19:03'),
(1485, 337, 29, 1, 250.00, '2026-02-25 13:19:03', '2026-02-25 13:19:03'),
(1486, 337, 18, 1, 100.00, '2026-02-25 13:19:03', '2026-02-25 13:19:03'),
(1487, 337, 66, 1, 300.00, '2026-02-25 13:19:03', '2026-02-25 13:19:03'),
(1488, 337, 15, 1, 200.00, '2026-02-25 13:19:03', '2026-02-25 13:19:03'),
(1491, 339, 87, 1, 300.00, '2026-02-25 13:22:10', '2026-02-25 13:22:10'),
(1492, 338, 99, 1, 2200.00, '2026-02-26 07:54:03', '2026-02-26 07:54:03'),
(1493, 338, 7, 1, 450.00, '2026-02-26 07:54:03', '2026-02-26 07:54:03'),
(1494, 338, 151, 1, 330.00, '2026-02-26 07:54:03', '2026-02-26 07:54:03'),
(1495, 340, 151, 1, 170.00, '2026-02-26 07:54:43', '2026-02-26 07:54:43'),
(1496, 341, 151, 1, 170.00, '2026-02-26 07:55:13', '2026-02-26 07:55:13'),
(1497, 342, 151, 1, 330.00, '2026-02-26 07:55:45', '2026-02-26 07:55:45'),
(1498, 343, 92, 1, 1500.00, '2026-02-26 08:34:12', '2026-02-26 08:34:12'),
(1499, 344, 157, 1, 1000.00, '2026-02-26 11:08:25', '2026-02-26 11:08:25'),
(1501, 346, 13, 1, 100.00, '2026-02-28 07:05:17', '2026-02-28 07:05:17'),
(1506, 345, 13, 1, 100.00, '2026-02-28 10:00:11', '2026-02-28 10:00:11'),
(1507, 345, 85, 1, 200.00, '2026-02-28 10:00:11', '2026-02-28 10:00:11'),
(1508, 345, 125, 1, 300.00, '2026-02-28 10:00:11', '2026-02-28 10:00:11'),
(1520, 353, 13, 1, 100.00, '2026-03-01 05:41:16', '2026-03-01 05:41:16'),
(1521, 353, 125, 1, 400.00, '2026-03-01 05:41:16', '2026-03-01 05:41:16'),
(1522, 353, 118, 1, 100.00, '2026-03-01 05:41:16', '2026-03-01 05:41:16'),
(1523, 353, 128, 1, 100.00, '2026-03-01 05:41:16', '2026-03-01 05:41:16'),
(1524, 353, 80, 1, 1400.00, '2026-03-01 05:41:16', '2026-03-01 05:41:16'),
(1525, 353, 29, 1, 800.00, '2026-03-01 05:41:16', '2026-03-01 05:41:16'),
(1526, 353, 34, 1, 340.00, '2026-03-01 05:41:16', '2026-03-01 05:41:16'),
(1527, 353, 15, 1, 200.00, '2026-03-01 05:41:16', '2026-03-01 05:41:16'),
(1534, 348, 16, 1, 1000.00, '2026-03-01 06:20:43', '2026-03-01 06:20:43'),
(1535, 355, 151, 1, 360.00, '2026-03-01 06:27:33', '2026-03-01 06:27:33'),
(1536, 356, 151, 1, 360.00, '2026-03-01 06:28:07', '2026-03-01 06:28:07'),
(1539, 352, 16, 1, 500.00, '2026-03-01 08:45:39', '2026-03-01 08:45:39'),
(1540, 352, 13, 1, 100.00, '2026-03-01 08:45:39', '2026-03-01 08:45:39'),
(1541, 352, 125, 1, 300.00, '2026-03-01 08:45:39', '2026-03-01 08:45:39'),
(1542, 352, 118, 1, 100.00, '2026-03-01 08:45:39', '2026-03-01 08:45:39'),
(1543, 352, 70, 1, 350.00, '2026-03-01 08:45:39', '2026-03-01 08:45:39'),
(1544, 352, 79, 1, 200.00, '2026-03-01 08:45:39', '2026-03-01 08:45:39'),
(1545, 349, 125, 1, 400.00, '2026-03-01 08:46:20', '2026-03-01 08:46:20'),
(1546, 349, 34, 1, 100.00, '2026-03-01 08:46:20', '2026-03-01 08:46:20'),
(1547, 349, 79, 1, 200.00, '2026-03-01 08:46:20', '2026-03-01 08:46:20'),
(1548, 357, 79, 1, 300.00, '2026-03-01 08:48:01', '2026-03-01 08:48:01'),
(1551, 358, 79, 1, 300.00, '2026-03-01 08:49:25', '2026-03-01 08:49:25'),
(1552, 347, 125, 1, 300.00, '2026-03-01 08:49:50', '2026-03-01 08:49:50'),
(1553, 347, 79, 1, 300.00, '2026-03-01 08:49:50', '2026-03-01 08:49:50'),
(1556, 351, 16, 1, 500.00, '2026-03-01 09:46:58', '2026-03-01 09:46:58'),
(1557, 351, 86, 1, 5500.00, '2026-03-01 09:46:58', '2026-03-01 09:46:58'),
(1558, 351, 15, 1, 200.00, '2026-03-01 09:46:58', '2026-03-01 09:46:58'),
(1567, 361, 151, 1, 170.00, '2026-03-02 12:39:54', '2026-03-02 12:39:54'),
(1568, 362, 151, 1, 370.00, '2026-03-02 12:40:47', '2026-03-02 12:40:47'),
(1584, 360, 118, 1, 100.00, '2026-03-03 08:24:24', '2026-03-03 08:24:24'),
(1585, 360, 128, 1, 100.00, '2026-03-03 08:24:24', '2026-03-03 08:24:24'),
(1586, 360, 124, 1, 300.00, '2026-03-03 08:24:24', '2026-03-03 08:24:24'),
(1587, 360, 151, 1, 370.00, '2026-03-03 08:24:24', '2026-03-03 08:24:24'),
(1588, 360, 88, 1, 900.00, '2026-03-03 08:24:24', '2026-03-03 08:24:24'),
(1589, 360, 15, 1, 200.00, '2026-03-03 08:24:24', '2026-03-03 08:24:24'),
(1590, 360, 18, 1, 150.00, '2026-03-03 08:24:24', '2026-03-03 08:24:24'),
(1591, 360, 37, 1, 300.00, '2026-03-03 08:24:24', '2026-03-03 08:24:24'),
(1592, 354, 70, 1, 500.00, '2026-03-03 08:24:50', '2026-03-03 08:24:50'),
(1593, 354, 79, 1, 300.00, '2026-03-03 08:24:50', '2026-03-03 08:24:50'),
(1594, 354, 88, 1, 900.00, '2026-03-03 08:24:50', '2026-03-03 08:24:50'),
(1595, 354, 15, 1, 200.00, '2026-03-03 08:24:50', '2026-03-03 08:24:50'),
(1596, 363, 99, 1, 3000.00, '2026-03-03 11:30:31', '2026-03-03 11:30:31'),
(1598, 365, 86, 1, 3500.00, '2026-03-03 15:11:39', '2026-03-03 15:11:39'),
(1599, 364, 86, 1, 4000.00, '2026-03-03 15:13:25', '2026-03-03 15:13:25'),
(1600, 364, 13, 1, 100.00, '2026-03-03 15:13:25', '2026-03-03 15:13:25'),
(1602, 350, 125, 1, 300.00, '2026-03-03 15:14:35', '2026-03-03 15:14:35'),
(1603, 350, 13, 1, 100.00, '2026-03-03 15:14:35', '2026-03-03 15:14:35'),
(1604, 367, 4, 1, 600.00, '2026-03-03 15:15:12', '2026-03-03 15:15:12'),
(1605, 359, 124, 1, 200.00, '2026-03-03 15:15:36', '2026-03-03 15:15:36'),
(1606, 359, 13, 1, 100.00, '2026-03-03 15:15:36', '2026-03-03 15:15:36'),
(1607, 368, 148, 1, 1650.00, '2026-03-03 15:18:23', '2026-03-03 15:18:23'),
(1610, 369, 148, 1, 3150.00, '2026-03-03 15:21:19', '2026-03-03 15:21:19'),
(1611, 369, 13, 1, 100.00, '2026-03-03 15:21:19', '2026-03-03 15:21:19'),
(1612, 370, 13, 1, 100.00, '2026-03-03 15:21:58', '2026-03-03 15:21:58'),
(1613, 371, 13, 1, 100.00, '2026-03-03 15:26:01', '2026-03-03 15:26:01'),
(1614, 372, 148, 1, 3800.00, '2026-03-03 15:26:38', '2026-03-03 15:26:38'),
(1615, 373, 135, 1, 1200.00, '2026-03-03 15:33:17', '2026-03-03 15:33:17'),
(1616, 373, 118, 1, 100.00, '2026-03-03 15:33:17', '2026-03-03 15:33:17'),
(1617, 373, 15, 1, 300.00, '2026-03-03 15:33:17', '2026-03-03 15:33:17'),
(1618, 373, 103, 1, 800.00, '2026-03-03 15:33:17', '2026-03-03 15:33:17'),
(1619, 373, 148, 1, 3000.00, '2026-03-03 15:33:17', '2026-03-03 15:33:17'),
(1620, 373, 114, 1, 600.00, '2026-03-03 15:33:17', '2026-03-03 15:33:17'),
(1621, 366, 13, 1, 100.00, '2026-03-03 15:36:25', '2026-03-03 15:36:25'),
(1622, 366, 148, 1, 600.00, '2026-03-03 15:36:25', '2026-03-03 15:36:25'),
(1624, 374, 148, 1, 1200.00, '2026-03-03 15:39:29', '2026-03-03 15:39:29'),
(1625, 375, 148, 1, 300.00, '2026-03-03 15:42:06', '2026-03-03 15:42:06'),
(1640, 378, 88, 1, 900.00, '2026-03-05 07:18:55', '2026-03-05 07:18:55'),
(1641, 378, 87, 1, 450.00, '2026-03-05 07:18:55', '2026-03-05 07:18:55'),
(1642, 379, 88, 1, 900.00, '2026-03-05 07:19:24', '2026-03-05 07:19:24'),
(1643, 379, 87, 1, 450.00, '2026-03-05 07:19:24', '2026-03-05 07:19:24'),
(1644, 376, 86, 1, 6550.00, '2026-03-05 07:58:38', '2026-03-05 07:58:38'),
(1645, 376, 125, 1, 400.00, '2026-03-05 07:58:38', '2026-03-05 07:58:38'),
(1646, 376, 29, 1, 650.00, '2026-03-05 07:58:38', '2026-03-05 07:58:38'),
(1647, 376, 83, 1, 750.00, '2026-03-05 07:58:38', '2026-03-05 07:58:38'),
(1660, 377, 125, 1, 600.00, '2026-03-05 14:16:13', '2026-03-05 14:16:13'),
(1661, 377, 88, 1, 1000.00, '2026-03-05 14:16:13', '2026-03-05 14:16:13'),
(1662, 377, 87, 1, 200.00, '2026-03-05 14:16:13', '2026-03-05 14:16:13'),
(1663, 377, 158, 1, 150.00, '2026-03-05 14:16:13', '2026-03-05 14:16:13'),
(1664, 377, 128, 1, 150.00, '2026-03-05 14:16:13', '2026-03-05 14:16:13'),
(1671, 382, 15, 1, 300.00, '2026-03-05 14:22:55', '2026-03-05 14:22:55'),
(1672, 382, 125, 1, 150.00, '2026-03-05 14:22:55', '2026-03-05 14:22:55'),
(1680, 381, 88, 1, 400.00, '2026-03-05 15:24:57', '2026-03-05 15:24:57'),
(1681, 381, 80, 1, 700.00, '2026-03-05 15:24:57', '2026-03-05 15:24:57'),
(1682, 381, 118, 1, 160.00, '2026-03-05 15:24:57', '2026-03-05 15:24:57'),
(1683, 380, 88, 1, 1200.00, '2026-03-06 08:00:51', '2026-03-06 08:00:51'),
(1684, 380, 155, 1, 9500.00, '2026-03-06 08:00:51', '2026-03-06 08:00:51'),
(1685, 380, 24, 1, 1000.00, '2026-03-06 08:00:51', '2026-03-06 08:00:51'),
(1686, 380, 128, 1, 150.00, '2026-03-06 08:00:51', '2026-03-06 08:00:51'),
(1687, 380, 125, 1, 300.00, '2026-03-06 08:00:51', '2026-03-06 08:00:51');

-- --------------------------------------------------------

--
-- Table structure for table `brands`
--

CREATE TABLE `brands` (
  `id` bigint(20) UNSIGNED NOT NULL,
  `name` varchar(255) NOT NULL,
  `logo` varchar(255) DEFAULT NULL,
  `status` tinyint(4) NOT NULL DEFAULT 0,
  `created_at` timestamp NULL DEFAULT NULL,
  `updated_at` timestamp NULL DEFAULT NULL
) ENGINE=InnoDB DEFAULT CHARSET=utf8mb4 COLLATE=utf8mb4_unicode_ci;

--
-- Dumping data for table `brands`
--

INSERT INTO `brands` (`id`, `name`, `logo`, `status`, `created_at`, `updated_at`) VALUES
(1, 'Yamaha', NULL, 1, '2025-02-27 03:45:36', '2025-02-27 03:47:53'),
(2, 'Honda', NULL, 1, '2025-02-27 03:45:43', '2025-02-27 03:46:33'),
(3, 'Hero', NULL, 1, '2025-02-27 03:47:19', '2025-05-25 08:29:07'),
(4, 'Bajaj', NULL, 1, '2025-02-27 03:47:29', '2025-05-25 08:28:53'),
(5, 'TVS', NULL, 1, '2025-02-27 03:47:47', '2025-05-25 08:28:40'),
(6, 'Suzuki', NULL, 1, '2025-05-25 08:29:19', '2025-05-25 08:29:19'),
(7, 'GPX', NULL, 1, '2025-05-25 08:29:33', '2025-05-25 08:29:33'),
(8, 'Royal Enfield', NULL, 1, '2025-05-25 09:09:44', '2025-05-25 09:09:44'),
(9, 'CF Moto', NULL, 1, '2026-01-30 09:21:05', '2026-01-30 09:21:05');

-- --------------------------------------------------------

--
-- Table structure for table `buyers`
--

CREATE TABLE `buyers` (
  `id` bigint(20) UNSIGNED NOT NULL,
  `name` varchar(255) NOT NULL,
  `contact` varchar(255) DEFAULT NULL,
  `nid` varchar(255) DEFAULT NULL,
  `dob` date DEFAULT NULL,
  `dl_no` varchar(255) DEFAULT NULL,
  `passport_no` varchar(255) DEFAULT NULL,
  `bcn_no` varchar(255) DEFAULT NULL,
  `status` tinyint(3) UNSIGNED NOT NULL DEFAULT 1 COMMENT '0=Inactive, 1=Active',
  `created_at` timestamp NULL DEFAULT NULL,
  `updated_at` timestamp NULL DEFAULT NULL
) ENGINE=InnoDB DEFAULT CHARSET=utf8mb4 COLLATE=utf8mb4_unicode_ci;

--
-- Dumping data for table `buyers`
--

INSERT INTO `buyers` (`id`, `name`, `contact`, `nid`, `dob`, `dl_no`, `passport_no`, `bcn_no`, `status`, `created_at`, `updated_at`) VALUES
(1, 'Md. Nayem Islam', '01324933355', '5115268616', '1999-01-01', NULL, NULL, NULL, 1, '2025-06-03 08:57:30', '2025-06-03 08:57:30'),
(2, 'MD. Abdur Karim', '01336240743', 'N/A', '2004-05-15', NULL, NULL, NULL, 1, '2025-06-05 12:08:51', '2025-06-05 12:08:51'),
(3, 'MD Jewel Chudure', '01743838383', '6437251884', '1993-01-15', NULL, NULL, NULL, 1, '2025-06-06 08:23:19', '2025-06-06 08:23:19'),
(4, 'Tahmid Ahnaf', '01706418364', '8274124174', '2000-09-17', NULL, NULL, NULL, 1, '2025-06-06 14:16:03', '2025-06-06 14:16:03'),
(5, 'Sajwdul Islam Soyad', '01913357769', '3250278094', '1999-01-01', NULL, NULL, NULL, 1, '2025-06-06 15:41:14', '2025-06-06 15:41:14'),
(6, 'Sohel Tanvir', 'N/A', '9577327936', '1999-01-01', NULL, NULL, NULL, 1, '2025-06-06 16:13:25', '2025-06-06 16:13:25'),
(7, 'Hridoy Saha', '01703178148', '7819009122', '1999-01-01', NULL, NULL, NULL, 1, '2025-07-03 14:12:00', '2025-07-03 14:12:00'),
(8, 'Ferdous Mollik', '01648480201/01870159212', '5111614797', '1999-01-01', NULL, NULL, NULL, 1, '2025-07-04 06:51:53', '2025-07-04 06:51:53'),
(9, 'Md. Hridoy', '01719052509', '2413285087', '1999-01-01', NULL, NULL, NULL, 1, '2025-07-04 06:54:58', '2025-07-04 06:54:58'),
(10, 'MD Rabbi Hossain', '01791331415', 'N/A', '1999-01-01', NULL, NULL, NULL, 1, '2025-07-04 06:58:24', '2025-07-04 06:58:24'),
(11, 'MD Mahabubul Sharkar', '01860398702', NULL, '1999-01-01', NULL, NULL, NULL, 1, '2025-07-24 06:38:00', '2025-07-24 06:38:00'),
(12, 'MD Aslam', '01856657799', '91245001009', '1999-01-01', NULL, NULL, NULL, 1, '2025-07-24 07:01:34', '2025-07-24 07:01:34'),
(13, 'Mithun Bepary', '01787848742', '5131722380', '2005-01-04', NULL, NULL, NULL, 1, '2025-07-24 07:04:45', '2025-07-24 07:04:45'),
(14, 'Rasel Rahman', '01880556599', '9154163142', '1998-05-06', NULL, NULL, NULL, 1, '2025-07-24 07:07:52', '2025-07-24 07:07:52'),
(15, 'Md Hamidul Islam', '01980743097', '5125837756', '1999-01-01', NULL, NULL, NULL, 1, '2025-07-24 07:15:04', '2025-07-24 07:15:04'),
(16, 'Farzana Akter', '01987946058', '1508697537', '1999-01-01', NULL, NULL, NULL, 1, '2025-07-24 07:21:21', '2025-07-24 07:21:21'),
(17, 'Md Dulal Miah', '01732844064', '2385213158', '1999-01-01', NULL, NULL, NULL, 1, '2025-07-24 07:24:37', '2025-07-24 07:24:37'),
(18, 'Mohammad Sohel Rana', '01616548737', '4652819865', '1999-01-01', NULL, NULL, NULL, 1, '2025-07-24 07:52:25', '2025-07-24 07:52:25'),
(19, 'Md Shab Uddin', '01955393765', '1907271447', '1999-01-01', NULL, NULL, NULL, 1, '2025-07-24 07:54:38', '2025-07-24 07:54:38'),
(20, 'Mustakim', '01788617874', '7367305294', '1999-01-01', NULL, NULL, NULL, 1, '2025-07-24 07:58:07', '2025-07-24 07:58:07'),
(21, 'Sahidul Islam', '01719936165', '1500221849', '1985-02-01', NULL, NULL, NULL, 1, '2025-07-26 07:15:16', '2026-01-13 13:17:09'),
(22, 'Sadman Man', '01703505143', 'N/A', '1999-01-01', NULL, NULL, NULL, 1, '2025-07-26 07:17:53', '2025-07-26 07:17:53'),
(23, 'MD. Ali Murtaza', '01568445920', '2865206623', '1999-01-01', NULL, NULL, NULL, 1, '2025-07-26 07:21:05', '2025-07-26 07:21:05'),
(24, 'Nipa Rahman', '01819183788', '3282037781', '1999-01-01', NULL, NULL, NULL, 1, '2025-07-26 07:35:33', '2025-07-26 07:35:33'),
(25, 'Asif Mahamud', '01729491038', NULL, '1999-01-01', NULL, NULL, NULL, 1, '2025-07-26 07:46:07', '2025-07-26 07:46:07'),
(26, 'Sahidul Islam', '0195996879', '5110089751', '1999-01-01', NULL, NULL, NULL, 1, '2025-07-26 08:00:08', '2025-07-26 08:00:08'),
(27, 'Biplob', '01811505750', '6405956324', '1991-08-12', NULL, NULL, NULL, 1, '2025-07-29 08:10:05', '2025-07-29 08:10:05'),
(28, 'Parvez', '01604102006', '5918978146', '1999-01-01', NULL, NULL, NULL, 1, '2025-07-29 08:11:26', '2025-07-29 08:11:26'),
(29, 'Amrit Chowdhuri Sarkar', '01320784487', '4645325103', '1999-01-01', NULL, NULL, NULL, 1, '2025-07-30 06:51:18', '2025-07-30 06:51:18'),
(30, 'MD Shakib Ahmed', '01947200764', '7818521044', '1999-01-01', NULL, NULL, NULL, 1, '2025-07-30 06:54:00', '2025-07-30 06:54:00'),
(31, 'Hridoy', '01406336828', NULL, '1999-01-01', NULL, 'EK0849040', NULL, 1, '2025-08-18 07:10:24', '2025-08-18 07:10:24'),
(32, 'Md Musabbir Hossain', '01973133934', '9580537430', '2003-08-10', NULL, NULL, NULL, 1, '2025-08-20 06:57:13', '2025-08-20 06:57:13'),
(33, 'Md Anuar Hossain', '01770191454', '3314792064', '1977-12-24', NULL, NULL, NULL, 1, '2025-08-20 06:58:53', '2025-08-20 06:58:53'),
(34, 'Md Shaheen Alam', '01842680092', '4621208067', '1991-12-31', NULL, NULL, NULL, 1, '2025-08-20 07:00:44', '2025-08-20 07:00:44'),
(35, 'Khondokar Sahid Alam', '01748802887', '7801811139', '1999-01-01', NULL, NULL, NULL, 1, '2025-08-20 07:02:11', '2025-08-20 07:02:11'),
(36, 'MD Abdul Kader Sagor', '01785358561', '01785358561', '2000-12-17', NULL, NULL, NULL, 1, '2025-08-20 07:04:32', '2025-08-20 07:04:32'),
(37, 'Safiqul Islam', '01709945170', '6427183014', '1981-12-12', NULL, NULL, NULL, 1, '2025-09-25 10:07:13', '2025-09-25 10:07:13'),
(38, 'Ismail Hossain', '01716890436', '1981397969', '2004-10-04', NULL, NULL, NULL, 1, '2025-09-26 10:34:25', '2025-09-26 10:34:25'),
(39, 'Ahmmed Shanto', '01616161879', NULL, '1997-01-01', 'DK00896627CL001', NULL, NULL, 1, '2025-09-26 10:38:34', '2025-09-26 10:38:34'),
(40, 'Asif Nahid Avi', '01707382719', '2873586289', '1999-01-01', NULL, NULL, NULL, 1, '2025-09-26 10:41:23', '2025-09-26 10:41:23'),
(41, 'MD Mobarak', '01741530265', '3322331855', '2004-12-30', NULL, NULL, NULL, 1, '2025-09-26 10:45:49', '2025-09-26 10:45:49'),
(42, 'Shuvo Molla', '01789757943', '2402691824', '1999-01-01', NULL, NULL, NULL, 1, '2025-09-26 10:48:23', '2025-09-26 10:48:23'),
(43, 'Samsul Alam', '01304748855', '5960261112', '1977-03-10', NULL, NULL, NULL, 1, '2025-09-28 12:24:12', '2025-09-28 12:24:12'),
(44, 'MD Nasir Uddin Babar', '+8801921383466', '914 843 9707', '1986-02-10', NULL, NULL, NULL, 1, '2025-09-28 13:23:56', '2025-09-28 13:23:56'),
(45, 'Rasheda Chowdhury', '01867037529', '5987201653', '1989-12-21', NULL, NULL, NULL, 1, '2025-09-28 15:55:07', '2025-09-28 15:55:07'),
(46, 'Nahidur Rahman Shoyon', '01643845580', 'N/A', '1999-01-01', 'MK000060716L001', NULL, NULL, 1, '2025-10-02 15:10:33', '2025-10-02 15:10:33'),
(47, 'Md. Sohel', '01753606021', '7798749888', '1983-03-01', NULL, NULL, NULL, 1, '2025-10-02 15:16:10', '2025-10-02 15:16:10'),
(48, 'Md. Nasir Araf', '01794096017', '8728953103', '2001-08-01', NULL, NULL, NULL, 1, '2025-10-02 15:21:17', '2025-10-02 15:21:17'),
(49, 'Khan Shalim Ertaz Bipti', '01747263675', '6908018648', '1999-09-04', NULL, NULL, NULL, 1, '2025-10-02 15:25:30', '2025-10-02 15:25:30'),
(50, 'Alamgir Kabir', '01763893880', '8256975940', '1978-03-15', NULL, NULL, NULL, 1, '2025-10-02 15:28:09', '2025-10-02 15:28:09'),
(51, 'Razed Ahmad', '01787053717', '5076046803', '1982-07-10', NULL, NULL, NULL, 1, '2025-10-02 15:31:45', '2025-10-02 15:31:45'),
(52, 'Shahidul Islam', '01711674437', '1500221849', '1985-02-01', NULL, NULL, NULL, 1, '2025-10-02 16:22:51', '2025-10-02 16:22:51'),
(53, 'Sazzad Hossain', '01796806281', '9172387251', '1999-08-25', NULL, NULL, NULL, 1, '2025-10-03 07:26:08', '2025-10-03 07:26:08'),
(54, 'Syed Farhan Labib', '01880250794', '6905151715', '1999-09-17', NULL, NULL, NULL, 1, '2025-10-03 07:31:19', '2025-10-03 07:31:19'),
(55, 'KM Monirul Islam', '01972556589', '5995171740', '1961-07-02', NULL, NULL, NULL, 1, '2025-10-03 07:43:40', '2025-10-03 07:43:40'),
(56, 'Abir Hossain', '01337313672', '6021821472', '2005-01-16', NULL, NULL, NULL, 1, '2025-10-03 07:50:01', '2025-10-03 07:50:01'),
(57, 'Md. Lalon', '01401722704', '9582586369', '1994-03-05', NULL, NULL, NULL, 1, '2025-10-03 13:16:02', '2025-10-03 13:16:02'),
(58, 'Sagor Mondol', '01846481623', '1041742568', '2003-12-03', NULL, NULL, NULL, 1, '2025-10-03 14:22:28', '2025-10-03 14:22:28'),
(59, 'Abu Sahadad Rasel', '01341733147', '19808619414567775', '1980-03-22', NULL, 'BC0736572', NULL, 1, '2025-10-05 09:43:48', '2025-10-05 09:43:48'),
(60, 'MD. Adnan Hossain Rudro', '01601055524', '2863864308', '2002-02-09', NULL, NULL, NULL, 1, '2025-10-06 15:58:00', '2025-10-06 15:58:00'),
(61, 'MD. Mamun Or Rashid', '01799345224', '9582776333', '2001-08-27', NULL, NULL, NULL, 1, '2025-10-07 08:41:58', '2025-10-07 08:41:58'),
(62, 'Arefin Hasan', '01951876203', '1963050040', '2000-07-19', 'DK20691828CL0001', NULL, NULL, 1, '2025-10-10 13:36:56', '2025-10-10 13:36:56'),
(63, 'Md lahim', '01312436605', '1042570364', '2006-10-17', NULL, NULL, NULL, 1, '2025-10-13 08:08:52', '2025-10-13 08:08:52'),
(64, 'Amir Hossain Dhali', '01956220375', '3264210315', '1960-07-22', NULL, NULL, NULL, 1, '2025-10-13 16:09:54', '2025-10-13 16:09:54'),
(65, 'Md Najmul Islam', '01730965226', '3746788201', '1988-01-21', NULL, NULL, NULL, 1, '2025-10-14 08:14:17', '2025-10-14 08:14:17'),
(66, 'Islam Uddin', '01834774635', '9584072186', '2001-12-10', NULL, NULL, NULL, 1, '2025-10-16 17:39:30', '2025-10-16 17:39:30'),
(67, 'Bidut Bepari', '01576492504', '8725831823', '2004-02-01', NULL, NULL, NULL, 1, '2025-10-17 12:17:28', '2025-10-17 12:17:28'),
(68, 'Mahadi Hasan', '01630395256', '9580746106', '1998-12-04', NULL, NULL, NULL, 1, '2025-10-19 14:56:16', '2025-10-19 14:56:16'),
(69, 'Hussain Ahmed Joy', '01345667284', '10485550204', '2007-01-10', NULL, NULL, NULL, 1, '2025-10-20 11:54:06', '2025-10-20 11:54:06'),
(70, 'MD. Saiful Alom', '01710809080', '7341679343', '1981-01-11', NULL, NULL, NULL, 1, '2025-10-21 10:36:02', '2025-10-21 10:36:02'),
(71, 'Tania Hossain Tithi', '01836061761', '2818825669', '1988-01-07', NULL, NULL, NULL, 1, '2025-10-22 15:29:42', '2025-10-22 15:29:42'),
(72, 'Tania Hossain Tithi', '01836061761', '2818825669', '1988-01-07', NULL, NULL, NULL, 1, '2025-10-25 08:19:21', '2025-10-25 08:19:21'),
(73, 'Sahidul Islam', '01716005490', '6421927077', '1992-10-01', NULL, NULL, NULL, 1, '2025-10-27 14:53:31', '2025-10-27 14:53:31'),
(74, 'Sahidul Islam', '01716005490', '6421927077', '1999-10-01', NULL, NULL, NULL, 1, '2025-10-27 14:56:32', '2025-10-27 14:56:32'),
(75, 'Saif uj Jaman', '01959216166', '7784539129', '1995-12-27', NULL, NULL, NULL, 1, '2025-10-27 14:59:40', '2025-10-27 14:59:40'),
(76, 'Md Imran hossain', '01576425856', '6907466319', '1995-06-27', NULL, NULL, NULL, 1, '2025-10-27 15:04:03', '2025-10-27 15:04:03'),
(77, 'Rana Fakir', '01776060880', '19898222903000012', '1983-06-27', NULL, NULL, NULL, 1, '2025-10-27 15:06:50', '2025-10-27 15:06:50'),
(78, 'Rana Fakir', '01776060880', '19898222903000012', '1983-06-27', NULL, NULL, NULL, 1, '2025-10-27 15:06:51', '2025-10-27 15:06:51'),
(79, 'Md Abu Bakkar Siddique', '01749044427', '6014188590', '2000-01-15', NULL, NULL, NULL, 1, '2025-10-29 08:43:33', '2025-10-29 08:43:33'),
(80, 'MD Nazim Uddin Raju', '01898753129', '5577905143', '1987-08-10', NULL, NULL, NULL, 1, '2025-10-29 11:36:45', '2025-10-29 11:36:45'),
(81, 'MD Sabbir Hossain', '01746603280', '9599458420', '2005-05-19', NULL, NULL, NULL, 1, '2025-10-29 14:13:11', '2025-10-29 14:13:11'),
(82, 'Taufiq Askander', '01521429736', '5105194517', '1999-07-17', NULL, NULL, NULL, 1, '2025-10-31 11:33:06', '2025-10-31 11:33:06'),
(83, 'Md Jashim Uddin', '01718779849', '19806795801000024', '1980-03-10', NULL, NULL, NULL, 1, '2025-10-31 16:47:55', '2025-10-31 16:47:55'),
(84, 'MD Nazim Uddin Raju', '01898753129', '5577905143', '1987-08-10', NULL, NULL, NULL, 1, '2025-11-02 11:34:30', '2025-11-02 11:34:30'),
(85, 'Din Islam Bepari', '01716714729', '5544008252', '1979-05-10', NULL, NULL, NULL, 1, '2025-11-04 09:50:14', '2025-11-04 09:50:14'),
(86, 'Fakir Fardin Alamgir', '01859507549', 'BC: 20082692523045583', '2008-02-19', NULL, NULL, NULL, 1, '2025-11-05 08:13:07', '2025-11-05 08:13:07'),
(87, 'Abdur Rahman', '01930015687', NULL, '1999-01-01', NULL, NULL, NULL, 1, '2025-11-06 08:26:01', '2025-11-06 08:26:01'),
(88, 'Md Mamun Mia', '01628408879', '2384339657', '1988-09-10', NULL, NULL, NULL, 1, '2025-11-06 08:27:35', '2025-11-06 08:27:35'),
(89, 'Morshed Alam', '01792333109', '5098328734', '1994-11-01', NULL, NULL, NULL, 1, '2025-11-06 08:30:53', '2025-11-06 08:30:53'),
(90, 'Junayid Ahmed', '01310025905', '2422662243', '2006-12-01', NULL, NULL, NULL, 1, '2025-11-07 09:48:38', '2025-11-07 09:48:38'),
(91, 'MD Mamon', '01828597775', '7355885711', '1996-12-15', NULL, NULL, NULL, 1, '2025-11-08 10:40:14', '2025-11-08 10:40:14'),
(92, 'MD Meraz', '01881890332', '6863210645', '1990-01-01', NULL, NULL, NULL, 1, '2025-11-11 11:26:31', '2025-11-11 11:26:31'),
(93, 'Jiku Motka', 'N/A', NULL, '1999-01-11', NULL, NULL, NULL, 1, '2025-11-12 13:54:59', '2025-11-12 13:54:59'),
(94, 'Mijanur Rahaman', '01875863262', '7808409762', '2000-01-20', NULL, NULL, NULL, 1, '2025-11-13 11:49:09', '2025-11-13 11:49:09'),
(95, 'Md. Nahid Pervaz', '01703787130', '9556372101', '1983-07-11', NULL, NULL, NULL, 1, '2025-11-13 13:21:16', '2025-11-13 13:21:16'),
(96, 'Md Rafiqul Islam', '01715154701', '19865918488842771', '1986-03-01', NULL, NULL, NULL, 1, '2025-11-14 06:44:30', '2025-11-14 06:44:30'),
(97, 'MD Tanvir Ahmed', '01716081938', '6024643493', '2000-04-04', NULL, NULL, NULL, 1, '2025-11-14 14:53:32', '2025-11-14 14:53:32'),
(98, 'Muhammad Abdul Hai Chowdhury', '01790769886', '5106325607', '1991-01-01', NULL, NULL, NULL, 1, '2025-11-18 08:56:05', '2025-11-18 08:56:05'),
(99, 'Md. Rafiqul Islam', '01985009377', '1002592499', '1995-01-02', NULL, NULL, NULL, 1, '2025-11-18 17:09:16', '2025-11-18 17:09:16'),
(100, 'Maruf Darzi', '01305635977', '6031015909', '2006-02-02', NULL, NULL, NULL, 1, '2025-11-19 11:22:07', '2025-11-19 11:22:07'),
(101, 'Santo Matobor', '01893080039', '6481034798', '2003-08-10', NULL, NULL, NULL, 1, '2025-11-23 15:36:43', '2025-11-23 15:36:43'),
(102, 'Md. Imran Ali', '01950628715', '0111479048756', '1985-01-01', NULL, NULL, NULL, 1, '2025-11-23 15:39:38', '2025-11-23 15:39:38'),
(103, 'Hussain Ahmed Joy', '01793944693', NULL, '2007-01-10', 'DS25056NP106', NULL, NULL, 1, '2025-11-25 16:24:45', '2025-11-25 16:24:45'),
(104, 'MD. Nayem Hossen', '01630699544', '5076863959', '1994-04-15', NULL, NULL, NULL, 1, '2025-11-28 10:18:31', '2025-11-28 10:18:31'),
(105, 'Mohammad Sujon', '01788311973', '1040568808', '2002-01-08', NULL, NULL, NULL, 1, '2025-11-29 07:44:33', '2025-11-29 07:44:33'),
(106, 'Arup Chattarji', '01711990965', '9562769522', '1986-07-05', NULL, 'A09169155', NULL, 1, '2025-11-30 10:44:10', '2025-11-30 10:44:10'),
(107, 'Ujjal', '01700000000', NULL, '1999-01-01', NULL, NULL, NULL, 1, '2025-12-01 05:58:20', '2025-12-01 05:58:20'),
(108, 'Ujjal', '01700000000', NULL, '1999-01-01', NULL, NULL, NULL, 1, '2025-12-01 05:59:09', '2025-12-01 05:59:09'),
(109, 'rasin', '01700000000', NULL, '1999-01-01', NULL, NULL, NULL, 1, '2025-12-01 05:59:52', '2025-12-01 05:59:52'),
(110, 'Sohel Vai', '01700000000', NULL, '1999-01-01', NULL, NULL, NULL, 1, '2025-12-01 06:00:39', '2025-12-01 06:00:39'),
(111, 'Sohel Vai', '01700000000', NULL, '1999-01-01', NULL, NULL, NULL, 1, '2025-12-01 06:01:37', '2025-12-01 06:01:37'),
(112, 'Rajdhani', '01700000000', NULL, '1999-01-01', NULL, NULL, NULL, 1, '2025-12-01 06:02:24', '2025-12-01 06:02:24'),
(113, 'Md Rubel Dhali', '01736766888', '19902613295000836', '1990-01-01', NULL, NULL, NULL, 1, '2025-12-06 14:57:40', '2025-12-06 14:57:40'),
(114, 'Syed Towhidur Rahman', '01866558058', '3757340769', '1998-07-21', NULL, NULL, NULL, 1, '2025-12-07 17:17:32', '2025-12-07 17:17:32'),
(115, 'Md Naeem Islam', '01618803962', '5108685537', '1998-09-30', NULL, NULL, NULL, 1, '2025-12-08 10:04:24', '2025-12-08 10:04:24'),
(116, 'Md Mamun Ali', '01762961093', '7757737114', '1995-12-10', NULL, NULL, NULL, 1, '2025-12-10 08:50:32', '2025-12-10 08:50:32'),
(117, 'Rubina Akter', '01604432300', '2864818014', '1998-05-12', NULL, NULL, NULL, 1, '2025-12-14 09:30:09', '2025-12-14 09:30:09'),
(118, 'MD Shariful Islam', '01733663133', '2374101638', '1982-10-11', NULL, NULL, NULL, 1, '2025-12-31 07:55:38', '2025-12-31 07:55:38'),
(119, 'Mrenmoy Das', '01775564274', '7373641591', '1998-04-05', NULL, NULL, NULL, 1, '2026-01-08 09:55:25', '2026-01-08 09:55:25'),
(120, 'MD. Somrat Chokder', '01889042902', '4662143405', '2000-11-05', 'DK1260057CL0003', NULL, NULL, 1, '2026-01-09 09:49:18', '2026-01-09 09:49:18'),
(121, 'MD. Nazim Uddin Raju', '01898753129', '5577905143', '1999-01-01', NULL, NULL, NULL, 1, '2026-01-11 12:59:24', '2026-01-11 12:59:24'),
(122, 'ABC', 'N/A', NULL, '1999-01-01', NULL, NULL, NULL, 1, '2026-01-13 06:08:25', '2026-01-13 06:08:25'),
(123, 'MD. Riad Hossain', '01400442616', '9180017247', '2006-01-01', NULL, NULL, NULL, 1, '2026-01-13 11:23:18', '2026-01-13 11:23:18'),
(124, 'MD. Nazmul Haque', '01722823703', '2819183977', '1989-06-27', NULL, NULL, NULL, 1, '2026-01-14 15:31:23', '2026-01-14 15:31:23'),
(125, 'MD. Mahabub', '01767479482', '3763344060', '2001-01-05', 'DK01087512CL001', NULL, NULL, 1, '2026-01-18 14:42:25', '2026-01-18 14:42:25'),
(126, 'Rehena Khatun', '01832378333', '4172064547', '1987-05-08', NULL, NULL, NULL, 1, '2026-01-19 10:25:48', '2026-01-19 10:25:48'),
(127, 'Arshad Hossain', '01712052156', '1900291699', '1980-10-10', NULL, NULL, NULL, 1, '2026-01-20 09:03:49', '2026-01-20 09:03:49'),
(128, 'MD. Arafate', '01623872074', '2881311043', '2007-12-01', NULL, NULL, NULL, 1, '2026-01-25 10:58:39', '2026-01-25 10:58:39'),
(129, 'Abu Bokkor Siddik Sheikh', '01954214737', '5113608656', '2000-09-30', 'DK30729339CL0001', NULL, NULL, 1, '2026-01-25 11:21:47', '2026-01-25 11:21:47'),
(130, 'MD. Ismail Sarkar', '01735158896', NULL, '1999-01-01', NULL, NULL, NULL, 1, '2026-01-28 07:53:00', '2026-01-28 07:53:00'),
(131, 'MD. Razu Sheikh', '01639309875', '6455620986', '1993-02-04', NULL, NULL, NULL, 1, '2026-01-31 16:38:11', '2026-01-31 16:38:11'),
(132, 'Shakibul Islam', '01611063551', '1517340830', '2006-01-06', NULL, NULL, NULL, 1, '2026-02-03 10:24:53', '2026-02-03 10:24:53'),
(133, 'Ratul Hasan Rohan', '01305480502', '1524313507', '2003-04-25', NULL, NULL, NULL, 1, '2026-02-06 11:32:11', '2026-02-06 11:32:11'),
(134, 'Md Rubel Mia', '01818025042', '2389853025', '1984-04-05', NULL, NULL, NULL, 1, '2026-02-09 07:24:33', '2026-02-09 07:24:33'),
(135, 'Adnan Imtiaz', '01685649873', '1001658051', '1994-04-16', NULL, NULL, NULL, 1, '2026-02-10 10:47:43', '2026-02-10 10:47:43'),
(136, 'Ibrahim Sheiki Pranto', '01681227187', '5558115407', '1995-05-15', NULL, NULL, NULL, 1, '2026-02-10 16:07:47', '2026-02-10 16:07:47'),
(137, 'Rowson Ali', '01826205206', '2397182862', '1978-02-17', NULL, NULL, NULL, 1, '2026-02-14 11:57:31', '2026-02-14 11:57:31'),
(138, 'Nazmul Hossain', '01920606435', '5124680363', '2005-08-28', NULL, NULL, NULL, 1, '2026-02-14 12:09:34', '2026-02-14 12:09:34'),
(139, 'MD. Rashel Gaji', '01687714467', '3748780834', '1992-06-04', NULL, NULL, NULL, 1, '2026-02-17 15:53:16', '2026-02-17 15:53:16'),
(140, 'MD. Sumon Hossain', '01628809741', '2402446807', '1997-09-23', NULL, NULL, NULL, 1, '2026-02-17 16:03:30', '2026-02-17 16:03:30'),
(141, 'MD. A. Hai', '01710663021', '5975128264', '1975-02-12', NULL, NULL, NULL, 1, '2026-02-21 15:12:47', '2026-02-21 15:12:47'),
(142, 'abc', '01700000000', NULL, '1999-01-01', NULL, NULL, NULL, 1, '2026-02-22 13:02:45', '2026-02-22 13:02:45'),
(143, 'ABC', '01700000000', NULL, '1999-01-01', NULL, NULL, NULL, 1, '2026-02-22 13:03:28', '2026-02-22 13:03:28'),
(144, 'ABC', 'N/A', NULL, '1999-01-01', NULL, NULL, NULL, 1, '2026-02-22 13:04:20', '2026-02-22 13:04:20'),
(145, 'ABC', '01700000000', NULL, '1999-01-01', NULL, NULL, NULL, 1, '2026-02-22 13:05:22', '2026-02-22 13:05:22'),
(146, 'ABC', '01700000000', NULL, '1999-01-01', NULL, NULL, NULL, 1, '2026-02-22 13:06:33', '2026-02-22 13:06:33'),
(147, 'ABC', '01700000000', NULL, '1999-01-01', NULL, NULL, NULL, 1, '2026-02-22 13:07:15', '2026-02-22 13:07:15'),
(148, 'ABC', '01700000000', NULL, '1999-01-01', NULL, NULL, NULL, 1, '2026-02-22 13:08:41', '2026-02-22 13:08:41'),
(149, 'ABC', '01700000000', NULL, '1999-01-01', NULL, NULL, NULL, 1, '2026-02-22 13:09:38', '2026-02-22 13:09:38'),
(150, 'ABC', '01700000000', NULL, '1999-01-01', NULL, NULL, NULL, 1, '2026-02-22 13:10:40', '2026-02-22 13:10:40'),
(151, 'ABC', '01700000000', NULL, '1999-01-01', NULL, NULL, NULL, 1, '2026-02-22 13:11:37', '2026-02-22 13:11:37'),
(152, 'ABC', '01700000000', NULL, '1999-01-01', NULL, NULL, NULL, 1, '2026-02-22 13:12:32', '2026-02-22 13:12:32'),
(153, 'ABC', '01700000000', NULL, '1999-01-01', NULL, NULL, NULL, 1, '2026-02-22 13:13:33', '2026-02-22 13:13:33'),
(154, 'ABC', '01700000000', NULL, '1999-01-01', NULL, NULL, NULL, 1, '2026-02-22 13:14:13', '2026-02-22 13:14:13'),
(155, 'ABC', '01700000000', NULL, '1999-01-01', NULL, NULL, NULL, 1, '2026-02-22 13:15:04', '2026-02-22 13:15:04'),
(156, 'ABC', '01700000000', NULL, '1999-01-01', NULL, NULL, NULL, 1, '2026-02-22 13:15:55', '2026-02-22 13:15:55'),
(157, 'ABC', '01700000000', NULL, '1999-01-01', NULL, NULL, NULL, 1, '2026-02-22 13:16:47', '2026-02-22 13:16:47'),
(158, 'ABC', '01700000000', NULL, '1999-01-01', NULL, NULL, NULL, 1, '2026-02-22 13:17:44', '2026-02-22 13:17:44'),
(159, 'ABC', '01700000000', NULL, '1999-01-01', NULL, NULL, NULL, 1, '2026-02-22 13:18:29', '2026-02-22 13:18:29'),
(160, 'ABC', '01700000000', NULL, '1999-01-01', NULL, NULL, NULL, 1, '2026-02-22 13:19:30', '2026-02-22 13:19:30'),
(161, 'ABC', '01700000000', NULL, '1999-01-01', NULL, NULL, NULL, 1, '2026-02-22 13:20:20', '2026-02-22 13:20:20'),
(162, 'MD. Aminur Rahman', '01842379804', '7804961782', '1999-08-06', 'DK20517201CL0001', NULL, NULL, 1, '2026-02-23 11:16:14', '2026-02-23 11:16:14'),
(163, 'Shahjalal', '01602964752', '19921917543000327', '1992-01-05', NULL, NULL, NULL, 1, '2026-02-24 09:51:59', '2026-02-24 09:51:59'),
(164, 'Saiful Islam Palash', '01982014319', '9573957546', '1991-10-30', NULL, NULL, NULL, 1, '2026-02-24 15:14:50', '2026-02-24 15:14:50'),
(165, 'MD. Jawadul Alom Adnan', '01768894475', '6024686658', '2005-12-05', NULL, NULL, NULL, 1, '2026-02-25 06:21:47', '2026-02-25 06:21:47'),
(166, 'Sakib Hassan Nibir', '01711394975', '1532734736', '2006-06-01', NULL, NULL, NULL, 1, '2026-02-25 09:36:58', '2026-02-25 09:36:58'),
(167, 'Ariful Islam', '01916852540', '4615962877', '1964-03-10', NULL, NULL, NULL, 1, '2026-03-01 08:05:02', '2026-03-01 08:05:02'),
(168, 'Shahidul Islam', '01733780562', '2367054703', '1985-06-02', NULL, NULL, NULL, 1, '2026-03-02 05:04:14', '2026-03-02 05:04:14'),
(169, 'MD. Rifat Ahamed', '01316721070', '6029875397', '2005-04-20', NULL, NULL, NULL, 1, '2026-03-05 16:42:12', '2026-03-05 16:42:12'),
(170, 'Sabbir Hossain', '01972049377', '5123031170', '2004-03-04', NULL, NULL, NULL, 1, '2026-03-05 20:20:29', '2026-03-05 20:20:29');

-- --------------------------------------------------------

--
-- Table structure for table `categories`
--

CREATE TABLE `categories` (
  `id` bigint(20) UNSIGNED NOT NULL,
  `parent_cat_id` int(11) NOT NULL DEFAULT 0,
  `cat_type_id` int(11) NOT NULL,
  `title` varchar(255) NOT NULL,
  `image` varchar(50) DEFAULT NULL,
  `status` tinyint(4) NOT NULL DEFAULT 0,
  `created_at` timestamp NULL DEFAULT NULL,
  `updated_at` timestamp NULL DEFAULT NULL
) ENGINE=InnoDB DEFAULT CHARSET=utf8mb4 COLLATE=utf8mb4_unicode_ci;

--
-- Dumping data for table `categories`
--

INSERT INTO `categories` (`id`, `parent_cat_id`, `cat_type_id`, `title`, `image`, `status`, `created_at`, `updated_at`) VALUES
(1, 0, 1, 'Safety Gear', NULL, 1, '2025-03-15 04:32:37', '2025-03-15 04:32:37'),
(2, 0, 1, 'Comfort & Convenience', NULL, 1, '2025-03-15 04:32:46', '2025-03-15 04:32:46'),
(3, 0, 1, 'Storage & Luggage', NULL, 1, '2025-03-15 04:33:00', '2025-03-15 04:33:00'),
(4, 0, 1, 'Lighting & Electrical', NULL, 1, '2025-03-15 04:33:11', '2025-03-15 04:33:11'),
(5, 0, 1, 'Aesthetic & Styling', NULL, 1, '2025-03-15 04:33:27', '2025-03-15 04:33:27'),
(6, 0, 2, 'Engine & Transmission', NULL, 1, '2025-03-15 04:33:38', '2025-03-15 04:33:38'),
(7, 0, 2, 'Braking System', NULL, 1, '2025-03-15 04:33:48', '2025-03-15 04:33:48'),
(8, 0, 2, 'Suspension & Chassis', NULL, 1, '2025-03-15 04:34:01', '2025-03-15 04:34:01'),
(9, 0, 2, 'Fuel System', NULL, 1, '2025-03-15 04:34:07', '2025-03-15 04:34:07'),
(11, 1, 1, 'Head Protection', NULL, 1, '2025-03-15 04:42:40', '2025-03-15 04:48:58'),
(12, 1, 1, 'Body Protection', NULL, 1, '2025-03-15 04:42:49', '2025-03-15 04:49:22'),
(13, 2, 1, 'Seating Comfort', NULL, 1, '2025-03-15 04:43:09', '2025-03-15 04:49:51'),
(14, 2, 1, 'Handle Enhancements', NULL, 1, '2025-03-15 04:43:21', '2025-03-15 04:50:15'),
(15, 3, 1, 'On-Bike Storage', NULL, 1, '2025-03-15 04:43:35', '2025-03-15 04:50:35'),
(16, 3, 1, 'Lockable Storage', NULL, 1, '2025-03-15 04:43:48', '2025-03-15 04:50:47'),
(17, 4, 1, 'Exterior Lighting', NULL, 1, '2025-03-15 04:44:00', '2025-03-15 04:52:06'),
(18, 4, 1, 'Electrical Accessories', NULL, 1, '2025-03-15 04:53:04', '2025-03-15 04:53:04'),
(19, 5, 1, 'Exterior Decoration', NULL, 1, '2025-03-15 04:53:21', '2025-03-15 04:53:21'),
(20, 5, 1, 'Functional Aesthetics', NULL, 1, '2025-03-15 04:53:45', '2025-03-15 04:53:45'),
(21, 6, 2, 'Internal Components', NULL, 1, '2025-03-15 04:54:00', '2025-03-15 04:54:00'),
(22, 6, 2, 'Transmission Parts', NULL, 1, '2025-03-15 04:54:10', '2025-03-15 04:54:10'),
(23, 7, 2, 'Brake Components', NULL, 1, '2025-03-15 04:54:21', '2025-03-15 04:54:21'),
(24, 7, 2, 'Hydraulic Systems', NULL, 1, '2025-03-15 04:54:29', '2025-03-15 04:54:29'),
(25, 0, 1, 'Helmet', NULL, 1, '2025-05-26 15:52:09', '2025-05-26 15:52:09'),
(26, 25, 1, 'ILM', NULL, 1, '2025-05-26 15:55:26', '2025-05-26 15:55:26');

-- --------------------------------------------------------

--
-- Table structure for table `category_types`
--

CREATE TABLE `category_types` (
  `id` bigint(20) UNSIGNED NOT NULL,
  `title` varchar(255) NOT NULL,
  `created_at` timestamp NULL DEFAULT NULL,
  `updated_at` timestamp NULL DEFAULT NULL
) ENGINE=InnoDB DEFAULT CHARSET=utf8mb4 COLLATE=utf8mb4_unicode_ci;

--
-- Dumping data for table `category_types`
--

INSERT INTO `category_types` (`id`, `title`, `created_at`, `updated_at`) VALUES
(1, 'Accessories', '2025-03-15 04:05:13', '2025-03-15 04:05:13'),
(2, 'Spare Parts', '2025-03-15 04:05:13', '2025-03-15 04:05:13');

-- --------------------------------------------------------

--
-- Table structure for table `colors`
--

CREATE TABLE `colors` (
  `id` bigint(20) UNSIGNED NOT NULL,
  `name` varchar(255) NOT NULL,
  `hex_code` varchar(255) DEFAULT NULL,
  `status` tinyint(4) NOT NULL DEFAULT 1 COMMENT '1=active, 0=inactive',
  `created_at` timestamp NULL DEFAULT NULL,
  `updated_at` timestamp NULL DEFAULT NULL
) ENGINE=InnoDB DEFAULT CHARSET=utf8mb4 COLLATE=utf8mb4_unicode_ci;

--
-- Dumping data for table `colors`
--

INSERT INTO `colors` (`id`, `name`, `hex_code`, `status`, `created_at`, `updated_at`) VALUES
(1, 'Red', '#FF0000', 1, '2025-02-27 09:33:02', '2025-02-27 09:33:02'),
(2, 'Black', '#000000', 1, '2025-02-27 09:34:02', '2025-02-27 09:34:02'),
(3, 'Silver', '#C0C0C0', 1, '2025-02-27 09:34:17', '2025-02-27 09:34:17'),
(4, 'White', '#FFFFFF', 1, '2025-02-27 09:34:28', '2025-02-27 09:34:28'),
(5, 'Green', '#008000', 1, '2025-02-27 09:34:38', '2025-02-27 09:34:38'),
(6, 'Yellow', '#FFFF00', 1, '2025-02-27 09:34:51', '2025-02-27 09:38:40'),
(7, 'Mat Black', '#28282B', 1, '2025-05-25 09:12:34', '2025-06-16 19:37:38'),
(8, 'Mat Red', '#C40233', 1, '2025-05-25 09:12:45', '2025-06-16 19:38:17'),
(9, 'Blue', '#0000FF', 1, '2025-05-25 09:12:51', '2025-05-30 07:49:13'),
(10, 'Mat Blue', '#6577B3', 1, '2025-05-25 09:13:01', '2025-05-30 07:50:40'),
(11, 'Maroon', '#800000', 1, '2025-05-25 09:13:34', '2025-05-30 07:49:55'),
(12, 'Black/Red', '#8B0000', 1, '2025-05-31 16:29:45', '2025-06-16 19:38:41'),
(13, 'Orange/Silver', '#E0B360', 1, '2025-05-31 16:29:59', '2025-06-16 19:41:27'),
(14, 'Yellow/Gray', '#C0C040', 1, '2025-05-31 16:30:09', '2025-06-16 19:41:50'),
(15, 'blue/Black', '#000080', 1, '2025-05-31 16:30:27', '2025-06-16 19:42:15'),
(16, 'Brown', NULL, 1, '2025-07-22 09:03:24', '2025-07-22 09:03:24'),
(17, 'Grey', NULL, 1, '2025-11-05 10:59:49', '2025-11-05 10:59:49'),
(18, 'Black/Grey', NULL, 1, '2025-11-21 10:11:13', '2025-11-21 10:11:13'),
(19, 'Blue/Silver', NULL, 1, '2026-02-05 15:58:30', '2026-02-05 15:58:30');

-- --------------------------------------------------------

--
-- Table structure for table `customers`
--

CREATE TABLE `customers` (
  `id` bigint(20) UNSIGNED NOT NULL,
  `name` varchar(255) DEFAULT 'Walk-in Customer',
  `email` varchar(255) DEFAULT NULL,
  `phone` varchar(255) DEFAULT NULL,
  `address` text DEFAULT NULL,
  `organization` varchar(255) DEFAULT NULL,
  `current_balance` double(20,2) NOT NULL DEFAULT 0.00,
  `customer_type` tinyint(4) NOT NULL DEFAULT 0 COMMENT '0=General Customer, 1=Default Customer',
  `status` varchar(255) NOT NULL DEFAULT '0',
  `created_by_id` int(11) DEFAULT NULL,
  `updated_by_id` int(11) DEFAULT NULL,
  `created_at` timestamp NULL DEFAULT NULL,
  `updated_at` timestamp NULL DEFAULT NULL
) ENGINE=InnoDB DEFAULT CHARSET=utf8mb4 COLLATE=utf8mb4_unicode_ci;

-- --------------------------------------------------------

--
-- Table structure for table `customer_ledgers`
--

CREATE TABLE `customer_ledgers` (
  `id` bigint(20) UNSIGNED NOT NULL,
  `customer_id` int(11) NOT NULL,
  `sale_id` int(11) DEFAULT NULL,
  `payment_id` int(11) DEFAULT NULL,
  `account_id` int(11) DEFAULT NULL,
  `particular` varchar(255) DEFAULT NULL,
  `date` date NOT NULL,
  `debit_amount` decimal(20,2) DEFAULT NULL,
  `credit_amount` decimal(20,2) DEFAULT NULL,
  `current_balance` decimal(20,2) NOT NULL,
  `reference_number` text DEFAULT NULL,
  `note` text DEFAULT NULL,
  `created_by_id` int(11) DEFAULT NULL,
  `updated_by_id` int(11) DEFAULT NULL,
  `created_at` timestamp NULL DEFAULT NULL,
  `updated_at` timestamp NULL DEFAULT NULL
) ENGINE=InnoDB DEFAULT CHARSET=utf8mb4 COLLATE=utf8mb4_unicode_ci;

-- --------------------------------------------------------

--
-- Table structure for table `customer_payments`
--

CREATE TABLE `customer_payments` (
  `id` bigint(20) UNSIGNED NOT NULL,
  `customer_id` bigint(20) NOT NULL,
  `account_id` bigint(20) NOT NULL,
  `sale_id` bigint(20) DEFAULT NULL,
  `date` date NOT NULL,
  `amount` double(20,2) NOT NULL,
  `reference_number` varchar(255) DEFAULT NULL,
  `note` text DEFAULT NULL,
  `status` tinyint(4) NOT NULL DEFAULT 0 COMMENT '0=Pending, 1=Approved',
  `created_by_id` int(11) DEFAULT NULL,
  `updated_by_id` int(11) DEFAULT NULL,
  `created_at` timestamp NULL DEFAULT NULL,
  `updated_at` timestamp NULL DEFAULT NULL
) ENGINE=InnoDB DEFAULT CHARSET=utf8mb4 COLLATE=utf8mb4_unicode_ci;

-- --------------------------------------------------------

--
-- Table structure for table `expenses`
--

CREATE TABLE `expenses` (
  `id` bigint(20) UNSIGNED NOT NULL,
  `account_id` bigint(20) NOT NULL,
  `expense_no` varchar(255) NOT NULL,
  `date` date NOT NULL,
  `total_amount` decimal(20,2) NOT NULL,
  `reference_number` varchar(255) DEFAULT NULL,
  `note` varchar(255) DEFAULT NULL,
  `status` tinyint(4) NOT NULL DEFAULT 0 COMMENT '0=Pending, 1=Approved',
  `created_by_id` int(11) DEFAULT NULL,
  `updated_by_id` int(11) DEFAULT NULL,
  `created_at` timestamp NULL DEFAULT NULL,
  `updated_at` timestamp NULL DEFAULT NULL
) ENGINE=InnoDB DEFAULT CHARSET=utf8mb4 COLLATE=utf8mb4_unicode_ci;

--
-- Dumping data for table `expenses`
--

INSERT INTO `expenses` (`id`, `account_id`, `expense_no`, `date`, `total_amount`, `reference_number`, `note`, `status`, `created_by_id`, `updated_by_id`, `created_at`, `updated_at`) VALUES
(1, 1, '0000001', '2025-06-03', 30000.00, NULL, 'Color Bill', 1, 1, 1, '2025-06-03 09:02:20', '2025-06-03 09:05:38'),
(2, 1, '0000002', '2025-06-03', 30000.00, 'F', 'Sohel Vai (Aftabngar)', 1, 1, 1, '2025-06-03 09:03:59', '2025-06-03 09:05:35'),
(3, 1, '0000003', '2025-06-05', 1500.00, NULL, NULL, 1, 1, 1, '2025-06-05 08:19:18', '2025-06-05 08:25:48'),
(4, 1, '0000004', '2025-06-05', 40000.00, 'Re-Start', NULL, 1, 1, 1, '2025-06-05 08:19:59', '2025-06-05 08:25:45'),
(5, 1, '0000005', '2025-06-05', 25000.00, NULL, NULL, 1, 1, 1, '2025-06-05 08:20:37', '2025-06-05 08:25:43'),
(6, 1, '0000006', '2025-06-05', 5000.00, 'Sabuj', 'Adv.', 1, 1, 1, '2025-06-05 08:21:20', '2025-06-05 08:25:39'),
(7, 1, '0000007', '2025-06-05', 40000.00, 'Buy', NULL, 1, 1, 1, '2025-06-05 08:22:33', '2025-06-05 08:25:36'),
(8, 1, '0000008', '2025-06-23', 25000.00, NULL, NULL, 1, 1, 1, '2025-06-23 08:03:47', '2025-06-23 08:19:53'),
(9, 1, '0000009', '2025-06-23', 30000.00, NULL, NULL, 1, 1, 1, '2025-06-23 08:05:46', '2025-06-23 08:19:48'),
(10, 1, '0000010', '2025-06-23', 40000.00, 'Ghorgari', NULL, 1, 1, 1, '2025-06-23 08:06:28', '2025-06-23 08:19:44'),
(11, 1, '0000011', '2025-06-23', 40000.00, NULL, NULL, 1, 1, 1, '2025-06-23 08:07:40', '2025-06-23 08:19:18'),
(12, 1, '0000012', '2025-06-23', 20000.00, NULL, NULL, 1, 1, 1, '2025-06-23 08:09:51', '2025-06-23 08:21:29'),
(13, 1, '0000013', '2025-06-23', 20000.00, 'Sohel Vai F', NULL, 1, 1, 1, '2025-06-23 08:10:50', '2025-06-23 08:18:59'),
(14, 1, '0000014', '2025-06-23', 20000.00, NULL, NULL, 1, 1, 1, '2025-06-23 08:11:19', '2025-06-23 08:18:57'),
(15, 1, '0000015', '2025-06-23', 50000.00, NULL, NULL, 1, 1, 1, '2025-06-23 08:13:31', '2025-06-23 08:18:54'),
(16, 1, '0000016', '2025-06-23', 54000.00, NULL, NULL, 1, 1, 1, '2025-06-23 08:18:06', '2025-06-23 08:18:50'),
(17, 1, '0000017', '2025-06-28', 4000.00, 'Market', NULL, 1, 1, 1, '2025-06-28 07:48:40', '2025-06-28 13:56:05'),
(18, 1, '0000018', '2025-06-28', 28000.00, NULL, NULL, 1, 1, 1, '2025-06-28 08:28:40', '2025-06-28 13:56:02'),
(19, 1, '0000019', '2025-07-01', 500.00, NULL, NULL, 1, 1, 1, '2025-07-01 10:23:31', '2025-07-01 12:51:11'),
(20, 1, '0000020', '2025-07-01', 3000.00, NULL, NULL, 1, 1, 1, '2025-07-01 10:30:32', '2025-07-01 12:51:07'),
(21, 1, '0000021', '2025-07-01', 58000.00, NULL, NULL, 1, 1, 1, '2025-07-01 10:44:35', '2025-07-01 12:51:04'),
(22, 1, '0000022', '2025-07-26', 20000.00, NULL, NULL, 1, 1, 1, '2025-07-26 10:38:58', '2025-07-26 10:41:21'),
(23, 1, '0000023', '2025-07-26', 10000.00, 'Shishir-2', NULL, 1, 1, 1, '2025-07-26 10:39:58', '2025-07-26 10:41:17'),
(24, 1, '0000024', '2025-07-26', 40000.00, 'GG July-25', NULL, 1, 1, 1, '2025-07-26 10:42:23', '2025-07-26 10:43:10'),
(25, 1, '0000025', '2025-07-26', 40000.00, 'RS July-25', NULL, 1, 1, 1, '2025-07-26 10:43:00', '2025-07-26 10:43:06'),
(26, 1, '0000026', '2025-07-30', 5000.00, NULL, NULL, 1, 1, 1, '2025-07-30 07:01:06', '2025-07-30 07:30:33'),
(27, 1, '0000027', '2025-07-30', 600.00, 'Ayon', NULL, 1, 1, 1, '2025-07-30 07:02:02', '2025-07-30 07:30:31'),
(28, 1, '0000028', '2025-07-30', 22000.00, '2 Month', NULL, 1, 1, 1, '2025-07-30 07:02:47', '2025-07-30 07:30:30'),
(29, 1, '0000029', '2025-07-30', 11800.00, NULL, NULL, 1, 1, 1, '2025-07-30 07:07:13', '2025-07-30 07:30:28'),
(30, 1, '0000030', '2025-07-30', 99950.00, NULL, NULL, 1, 1, 1, '2025-07-30 07:13:00', '2025-07-30 07:30:25'),
(31, 1, '0000031', '2025-07-30', 15000.00, NULL, NULL, 1, 1, 1, '2025-07-30 07:31:55', '2025-07-30 07:38:42'),
(32, 1, '0000032', '2025-07-30', 124000.00, NULL, NULL, 1, 1, 1, '2025-07-30 07:38:19', '2025-07-30 07:38:39'),
(33, 1, '0000033', '2025-10-01', 10000.00, NULL, NULL, 1, 1, 1, '2025-10-01 06:19:08', '2025-10-05 07:36:41'),
(34, 1, '0000034', '2025-10-03', 2000.00, NULL, NULL, 1, 1, 1, '2025-10-03 16:30:31', '2025-10-05 07:36:44'),
(35, 1, '0000035', '2025-10-04', 19000.00, NULL, NULL, 1, 1, 1, '2025-10-04 05:59:07', '2025-10-05 07:36:48'),
(36, 1, '0000036', '2025-10-05', 1000.00, NULL, NULL, 1, 1, 1, '2025-10-05 07:36:32', '2025-10-05 07:36:51'),
(37, 1, '0000037', '2025-10-05', 1000.00, NULL, NULL, 1, 1, 1, '2025-10-05 09:19:38', '2025-11-12 11:57:31'),
(38, 1, '0000038', '2025-10-05', 25000.00, NULL, NULL, 1, 1, 1, '2025-10-05 12:01:13', '2025-11-12 11:57:27'),
(39, 1, '0000039', '2025-10-05', 2000.00, NULL, NULL, 1, 1, 1, '2025-10-05 17:14:54', '2025-11-12 11:57:24'),
(40, 1, '0000040', '2025-10-07', 20000.00, NULL, NULL, 1, 1, 1, '2025-10-07 06:54:23', '2025-11-12 11:57:21'),
(41, 1, '0000041', '2025-10-07', 7400.00, NULL, NULL, 1, 1, 1, '2025-10-07 15:57:51', '2025-11-12 11:57:18'),
(42, 1, '0000042', '2025-10-07', 1500.00, NULL, NULL, 1, 1, 1, '2025-10-07 16:05:13', '2025-11-12 11:57:15'),
(43, 1, '0000043', '2025-10-07', 500.00, NULL, 'GG Maintanance', 1, 1, 1, '2025-10-07 16:10:23', '2025-11-12 11:57:12'),
(44, 1, '0000044', '2025-10-23', 3200.00, NULL, NULL, 1, 13, 1, '2025-10-23 09:29:19', '2025-11-12 11:57:08'),
(45, 1, '0000045', '2025-11-12', 1500.00, NULL, NULL, 1, 1, 1, '2025-11-12 11:58:17', '2025-11-12 12:25:13'),
(46, 1, '0000046', '2025-11-12', 103150.00, NULL, NULL, 1, 1, 1, '2025-11-12 12:10:28', '2025-11-12 12:25:10');

-- --------------------------------------------------------

--
-- Table structure for table `expense_categories`
--

CREATE TABLE `expense_categories` (
  `id` bigint(20) UNSIGNED NOT NULL,
  `cat_name` varchar(255) NOT NULL,
  `status` tinyint(4) NOT NULL DEFAULT 1,
  `created_at` timestamp NULL DEFAULT NULL,
  `updated_at` timestamp NULL DEFAULT NULL
) ENGINE=InnoDB DEFAULT CHARSET=utf8mb4 COLLATE=utf8mb4_unicode_ci;

--
-- Dumping data for table `expense_categories`
--

INSERT INTO `expense_categories` (`id`, `cat_name`, `status`, `created_at`, `updated_at`) VALUES
(1, 'Rent & Utilities', 1, '2025-03-12 04:18:47', '2025-03-12 04:18:47'),
(2, 'Employee Salaries', 1, '2025-03-12 04:18:59', '2025-03-12 04:18:59'),
(3, 'Bike Parts & Accessories', 1, '2025-03-12 04:19:10', '2025-03-12 04:19:10'),
(4, 'Supplier Payments', 1, '2025-03-12 04:19:16', '2025-03-12 04:19:16'),
(5, 'Marketing & Advertising', 1, '2025-03-12 04:19:22', '2025-03-12 04:19:22'),
(6, 'Maintenance & Repairs', 1, '2025-03-12 04:19:29', '2025-03-12 04:19:29'),
(7, 'Insurance Costs', 1, '2025-03-12 04:19:34', '2025-03-12 04:19:34'),
(8, 'Software & Subscriptions', 1, '2025-03-12 04:19:41', '2025-03-12 04:19:41'),
(9, 'Office Supplies', 1, '2025-03-12 04:19:46', '2025-03-12 04:19:46'),
(10, 'Miscellaneous Expenses', 1, '2025-03-12 04:19:52', '2025-03-12 04:34:14'),
(11, 'Loan Interest', 1, '2025-06-05 08:14:20', '2025-06-05 08:14:20'),
(12, 'Samiti', 1, '2025-06-23 08:04:53', '2025-06-23 08:04:53');

-- --------------------------------------------------------

--
-- Table structure for table `expense_details`
--

CREATE TABLE `expense_details` (
  `id` bigint(20) UNSIGNED NOT NULL,
  `expense_id` int(11) NOT NULL,
  `expense_head_id` int(11) NOT NULL,
  `amount` decimal(20,2) NOT NULL,
  `quantity` decimal(10,2) NOT NULL,
  `note` varchar(255) DEFAULT NULL,
  `created_at` timestamp NULL DEFAULT NULL,
  `updated_at` timestamp NULL DEFAULT NULL
) ENGINE=InnoDB DEFAULT CHARSET=utf8mb4 COLLATE=utf8mb4_unicode_ci;

--
-- Dumping data for table `expense_details`
--

INSERT INTO `expense_details` (`id`, `expense_id`, `expense_head_id`, `amount`, `quantity`, `note`, `created_at`, `updated_at`) VALUES
(1, 1, 21, 30000.00, 1.00, NULL, '2025-06-03 09:02:20', '2025-06-03 09:02:20'),
(3, 2, 21, 30000.00, 1.00, NULL, '2025-06-03 09:04:46', '2025-06-03 09:04:46'),
(4, 3, 25, 1500.00, 1.00, NULL, '2025-06-05 08:19:18', '2025-06-05 08:19:18'),
(5, 4, 14, 40000.00, 1.00, NULL, '2025-06-05 08:19:59', '2025-06-05 08:19:59'),
(6, 5, 22, 25000.00, 1.00, NULL, '2025-06-05 08:20:37', '2025-06-05 08:20:37'),
(7, 6, 3, 5000.00, 1.00, NULL, '2025-06-05 08:21:20', '2025-06-05 08:21:20'),
(8, 7, 16, 40000.00, 1.00, NULL, '2025-06-05 08:22:33', '2025-06-05 08:22:33'),
(9, 8, 26, 25000.00, 1.00, NULL, '2025-06-23 08:03:47', '2025-06-23 08:03:47'),
(10, 9, 31, 30000.00, 1.00, NULL, '2025-06-23 08:05:46', '2025-06-23 08:05:46'),
(11, 10, 14, 40000.00, 1.00, NULL, '2025-06-23 08:06:28', '2025-06-23 08:06:28'),
(12, 11, 32, 40000.00, 1.00, NULL, '2025-06-23 08:07:40', '2025-06-23 08:07:40'),
(14, 13, 33, 20000.00, 1.00, NULL, '2025-06-23 08:10:50', '2025-06-23 08:10:50'),
(15, 14, 27, 20000.00, 1.00, NULL, '2025-06-23 08:11:19', '2025-06-23 08:11:19'),
(16, 15, 30, 20000.00, 1.00, NULL, '2025-06-23 08:13:31', '2025-06-23 08:13:31'),
(17, 15, 26, 30000.00, 1.00, NULL, '2025-06-23 08:13:31', '2025-06-23 08:13:31'),
(18, 16, 34, 20000.00, 2.00, 'Shishir & Shamim', '2025-06-23 08:18:06', '2025-06-23 08:18:06'),
(19, 16, 35, 2000.00, 1.00, 'Sourav Vai', '2025-06-23 08:18:06', '2025-06-23 08:18:06'),
(20, 16, 28, 12000.00, 1.00, NULL, '2025-06-23 08:18:06', '2025-06-23 08:18:06'),
(21, 12, 33, 20000.00, 1.00, 'Sohe Vai', '2025-06-23 08:21:23', '2025-06-23 08:21:23'),
(23, 17, 31, 4000.00, 1.00, NULL, '2025-06-28 07:49:00', '2025-06-28 07:49:00'),
(24, 18, 23, 28000.00, 1.00, NULL, '2025-06-28 08:28:40', '2025-06-28 08:28:40'),
(25, 19, 37, 500.00, 1.00, NULL, '2025-07-01 10:23:31', '2025-07-01 10:23:31'),
(26, 20, 2, 3000.00, 1.00, 'GG', '2025-07-01 10:30:32', '2025-07-01 10:30:32'),
(27, 21, 23, 28000.00, 1.00, NULL, '2025-07-01 10:44:35', '2025-07-01 10:44:35'),
(28, 21, 1, 30000.00, 1.00, NULL, '2025-07-01 10:44:35', '2025-07-01 10:44:35'),
(29, 22, 22, 20000.00, 1.00, NULL, '2025-07-26 10:38:58', '2025-07-26 10:38:58'),
(30, 23, 34, 10000.00, 1.00, NULL, '2025-07-26 10:39:58', '2025-07-26 10:39:58'),
(31, 24, 14, 40000.00, 1.00, NULL, '2025-07-26 10:42:23', '2025-07-26 10:42:23'),
(32, 25, 14, 40000.00, 1.00, NULL, '2025-07-26 10:43:00', '2025-07-26 10:43:00'),
(33, 26, 38, 5000.00, 1.00, NULL, '2025-07-30 07:01:06', '2025-07-30 07:01:06'),
(34, 27, 20, 600.00, 1.00, NULL, '2025-07-30 07:02:02', '2025-07-30 07:02:02'),
(35, 28, 29, 22000.00, 1.00, NULL, '2025-07-30 07:02:47', '2025-07-30 07:02:47'),
(36, 29, 33, 1500.00, 1.00, 'Picnic', '2025-07-30 07:07:13', '2025-07-30 07:07:13'),
(37, 29, 20, 1500.00, 1.00, 'Gazipur', '2025-07-30 07:07:13', '2025-07-30 07:07:13'),
(38, 29, 3, 2300.00, 1.00, 'Security Bill', '2025-07-30 07:07:13', '2025-07-30 07:07:13'),
(39, 29, 2, 5000.00, 1.00, 'Re-Strat', '2025-07-30 07:07:13', '2025-07-30 07:07:13'),
(40, 29, 25, 1500.00, 1.00, NULL, '2025-07-30 07:07:13', '2025-07-30 07:07:13'),
(41, 30, 26, 28500.00, 1.00, NULL, '2025-07-30 07:13:00', '2025-07-30 07:13:00'),
(42, 30, 27, 6750.00, 1.00, NULL, '2025-07-30 07:13:00', '2025-07-30 07:13:00'),
(43, 30, 35, 7700.00, 1.00, NULL, '2025-07-30 07:13:00', '2025-07-30 07:13:00'),
(44, 30, 33, 4000.00, 1.00, 'Water Bill', '2025-07-30 07:13:00', '2025-07-30 07:13:00'),
(45, 30, 2, 3000.00, 1.00, NULL, '2025-07-30 07:13:00', '2025-07-30 07:13:00'),
(46, 30, 23, 50000.00, 1.00, NULL, '2025-07-30 07:13:00', '2025-07-30 07:13:00'),
(47, 31, 34, 15000.00, 1.00, 'Cr Card', '2025-07-30 07:31:55', '2025-07-30 07:31:55'),
(48, 32, 27, 18000.00, 1.00, NULL, '2025-07-30 07:38:19', '2025-07-30 07:38:19'),
(49, 32, 32, 76000.00, 1.00, '2 month', '2025-07-30 07:38:19', '2025-07-30 07:38:19'),
(50, 32, 14, 30000.00, 1.00, NULL, '2025-07-30 07:38:19', '2025-07-30 07:38:19'),
(51, 33, 2, 10000.00, 1.00, 'Re Start', '2025-10-01 06:19:08', '2025-10-01 06:19:08'),
(52, 34, 36, 2000.00, 1.00, NULL, '2025-10-03 16:30:31', '2025-10-03 16:30:31'),
(53, 35, 24, 8000.00, 1.00, NULL, '2025-10-04 05:59:07', '2025-10-04 05:59:07'),
(54, 35, 34, 11000.00, 1.00, 'Shishir', '2025-10-04 05:59:07', '2025-10-04 05:59:07'),
(55, 36, 4, 1000.00, 1.00, 'new staff', '2025-10-05 07:36:32', '2025-10-05 07:36:32'),
(56, 37, 30, 1000.00, 1.00, NULL, '2025-10-05 09:19:38', '2025-10-05 09:19:38'),
(57, 38, 23, 25000.00, 1.00, 'Previous Due', '2025-10-05 12:01:13', '2025-10-05 12:01:13'),
(59, 39, 34, 2000.00, 1.00, 'Shishir', '2025-10-05 17:15:10', '2025-10-05 17:15:10'),
(60, 40, 22, 20000.00, 1.00, NULL, '2025-10-07 06:54:23', '2025-10-07 06:54:23'),
(61, 41, 30, 7400.00, 1.00, NULL, '2025-10-07 15:57:51', '2025-10-07 15:57:51'),
(62, 42, 25, 500.00, 3.00, NULL, '2025-10-07 16:05:13', '2025-10-07 16:05:13'),
(63, 43, 35, 500.00, 1.00, NULL, '2025-10-07 16:10:23', '2025-10-07 16:10:23'),
(64, 44, 2, 3200.00, 1.00, 'Ghorgari', '2025-10-23 09:29:19', '2025-10-23 09:29:19'),
(65, 45, 25, 500.00, 3.00, NULL, '2025-11-12 11:58:17', '2025-11-12 11:58:17'),
(66, 46, 23, 25000.00, 1.00, NULL, '2025-11-12 12:10:28', '2025-11-12 12:10:28'),
(67, 46, 22, 20000.00, 1.00, NULL, '2025-11-12 12:10:28', '2025-11-12 12:10:28'),
(68, 46, 34, 11000.00, 1.00, 'Loan Interest', '2025-11-12 12:10:28', '2025-11-12 12:10:28'),
(69, 46, 28, 11000.00, 1.00, NULL, '2025-11-12 12:10:28', '2025-11-12 12:10:28'),
(70, 46, 27, 27000.00, 1.00, NULL, '2025-11-12 12:10:28', '2025-11-12 12:10:28'),
(71, 46, 35, 1150.00, 1.00, 'security bill', '2025-11-12 12:10:28', '2025-11-12 12:10:28'),
(72, 46, 4, 8000.00, 1.00, 'Shakib Salary', '2025-11-12 12:10:28', '2025-11-12 12:10:28');

-- --------------------------------------------------------

--
-- Table structure for table `expense_heads`
--

CREATE TABLE `expense_heads` (
  `id` bigint(20) UNSIGNED NOT NULL,
  `expense_category_id` bigint(20) NOT NULL,
  `title` varchar(255) NOT NULL,
  `code` varchar(255) DEFAULT NULL,
  `status` tinyint(4) NOT NULL DEFAULT 1,
  `created_by_id` int(11) DEFAULT NULL,
  `updated_by_id` int(11) DEFAULT NULL,
  `created_at` timestamp NULL DEFAULT NULL,
  `updated_at` timestamp NULL DEFAULT NULL
) ENGINE=InnoDB DEFAULT CHARSET=utf8mb4 COLLATE=utf8mb4_unicode_ci;

--
-- Dumping data for table `expense_heads`
--

INSERT INTO `expense_heads` (`id`, `expense_category_id`, `title`, `code`, `status`, `created_by_id`, `updated_by_id`, `created_at`, `updated_at`) VALUES
(1, 1, 'Office Rent', '8082', 1, 1, NULL, '2025-03-12 05:26:50', '2025-03-12 05:26:50'),
(2, 1, 'Electricity Bills', NULL, 1, 1, NULL, '2025-03-12 05:36:58', '2025-03-12 05:36:58'),
(3, 2, 'Monthly Salaries', NULL, 1, 1, NULL, '2025-03-12 05:49:49', '2025-03-12 05:49:49'),
(4, 2, 'Bonus & Incentives', NULL, 1, 1, NULL, '2025-03-12 05:50:02', '2025-03-12 05:50:02'),
(5, 3, 'Engine Parts', NULL, 1, 1, NULL, '2025-03-12 05:50:16', '2025-03-12 05:50:16'),
(6, 3, 'Tires & Tubes', NULL, 1, 1, NULL, '2025-03-12 05:50:24', '2025-03-12 05:50:24'),
(7, 4, 'Raw Material Payments', NULL, 1, 1, NULL, '2025-03-12 05:50:34', '2025-03-12 05:50:34'),
(8, 4, 'Supplier Service Fees', NULL, 1, 1, NULL, '2025-03-12 05:50:45', '2025-03-12 05:50:45'),
(9, 5, 'Digital Advertising', NULL, 1, 1, NULL, '2025-03-12 05:51:00', '2025-03-12 05:51:00'),
(10, 5, 'Print Advertising', NULL, 1, 1, NULL, '2025-03-12 05:51:09', '2025-03-12 05:51:09'),
(11, 6, 'Workshop Equipment Maintenance', NULL, 1, 1, NULL, '2025-03-12 05:51:27', '2025-03-12 05:51:27'),
(12, 5, 'Bike Repair Tools', NULL, 1, 1, NULL, '2025-03-12 05:51:36', '2025-03-12 05:51:36'),
(13, 7, 'Property Insurance', NULL, 1, 1, NULL, '2025-03-12 05:51:45', '2025-03-12 05:51:45'),
(14, 1, 'Showroom Rent', NULL, 1, 1, 1, '2025-03-12 05:51:56', '2025-05-26 14:00:04'),
(15, 8, 'Point of Sale (POS) Software Subscription', NULL, 1, 1, NULL, '2025-03-12 05:52:21', '2025-03-12 05:52:21'),
(16, 8, 'Inventory Management Software', NULL, 1, 1, NULL, '2025-03-12 05:52:35', '2025-03-12 05:52:35'),
(17, 9, 'Stationery', NULL, 1, 1, NULL, '2025-03-12 05:52:50', '2025-03-12 05:52:50'),
(18, 9, 'Office Furniture', NULL, 1, 1, NULL, '2025-03-12 05:53:05', '2025-03-12 05:53:05'),
(19, 10, 'Bank Fees', NULL, 1, 1, NULL, '2025-03-12 05:53:23', '2025-03-12 05:53:23'),
(20, 10, 'Travel Expenses', NULL, 1, 1, 1, '2025-03-12 05:53:34', '2025-03-12 06:01:22'),
(21, 10, 'Previous Exp.', NULL, 1, 1, NULL, '2025-06-03 09:01:08', '2025-06-03 09:01:08'),
(22, 11, 'Pinku Kaka', NULL, 1, 1, NULL, '2025-06-05 08:14:45', '2025-06-05 08:14:45'),
(23, 11, 'Ripan Dada', NULL, 1, 1, NULL, '2025-06-05 08:15:05', '2025-06-05 08:15:05'),
(24, 11, 'Asif Mahamud', NULL, 1, 1, NULL, '2025-06-05 08:15:28', '2025-06-05 08:15:28'),
(25, 1, 'Internet Bill', NULL, 1, 1, NULL, '2025-06-05 08:18:50', '2025-06-05 08:18:50'),
(26, 2, 'Aminul Robin', NULL, 1, 1, NULL, '2025-06-23 08:01:38', '2025-06-23 08:01:38'),
(27, 2, 'Sourav', NULL, 1, 1, NULL, '2025-06-23 08:01:53', '2025-06-23 08:01:53'),
(28, 2, 'Sajib', NULL, 1, 1, NULL, '2025-06-23 08:02:31', '2025-06-23 08:02:31'),
(29, 2, 'Sabuj', NULL, 1, 1, NULL, '2025-06-23 08:02:42', '2025-06-23 08:02:42'),
(30, 2, 'Siam', NULL, 1, 1, NULL, '2025-06-23 08:02:54', '2025-06-23 08:02:54'),
(31, 12, 'Samiti', NULL, 1, 1, NULL, '2025-06-23 08:05:08', '2025-06-23 08:05:08'),
(32, 11, 'Bank Loan', NULL, 1, 1, NULL, '2025-06-23 08:07:14', '2025-06-23 08:07:14'),
(33, 10, 'Entertainment', NULL, 1, 1, NULL, '2025-06-23 08:09:19', '2025-06-23 08:09:19'),
(34, 11, 'Loan Interest', NULL, 1, 1, NULL, '2025-06-23 08:14:37', '2025-06-23 08:14:37'),
(35, 10, 'Expenses', NULL, 1, 1, NULL, '2025-06-23 08:15:03', '2025-06-23 08:15:03'),
(36, 11, 'Ripan Dada', NULL, 1, 1, NULL, '2025-06-28 08:27:58', '2025-06-28 08:27:58'),
(37, 6, 'Electric Work', NULL, 1, 1, NULL, '2025-07-01 10:22:47', '2025-07-01 10:22:47'),
(38, 2, 'Ashadul', NULL, 1, 1, NULL, '2025-07-26 10:44:34', '2025-07-26 10:44:34');

-- --------------------------------------------------------

--
-- Table structure for table `failed_jobs`
--

CREATE TABLE `failed_jobs` (
  `id` bigint(20) UNSIGNED NOT NULL,
  `uuid` varchar(255) NOT NULL,
  `connection` text NOT NULL,
  `queue` text NOT NULL,
  `payload` longtext NOT NULL,
  `exception` longtext NOT NULL,
  `failed_at` timestamp NOT NULL DEFAULT current_timestamp()
) ENGINE=InnoDB DEFAULT CHARSET=utf8mb4 COLLATE=utf8mb4_unicode_ci;

-- --------------------------------------------------------

--
-- Table structure for table `frontend_menus`
--

CREATE TABLE `frontend_menus` (
  `id` bigint(20) UNSIGNED NOT NULL,
  `parent_id` int(11) NOT NULL DEFAULT 0,
  `srln` int(11) NOT NULL,
  `title` varchar(255) NOT NULL,
  `slug` varchar(255) DEFAULT NULL,
  `is_in_menus` tinyint(4) NOT NULL DEFAULT 1,
  `is_in_pages` tinyint(4) NOT NULL DEFAULT 0,
  `status` tinyint(4) NOT NULL DEFAULT 1,
  `created_by_id` int(11) DEFAULT NULL,
  `updated_by_id` int(11) DEFAULT NULL,
  `created_at` timestamp NULL DEFAULT NULL,
  `updated_at` timestamp NULL DEFAULT NULL
) ENGINE=InnoDB DEFAULT CHARSET=utf8mb4 COLLATE=utf8mb4_unicode_ci;

-- --------------------------------------------------------

--
-- Table structure for table `fund_transfer_histories`
--

CREATE TABLE `fund_transfer_histories` (
  `id` bigint(20) UNSIGNED NOT NULL,
  `transfer_date` date NOT NULL,
  `from_account_id` bigint(20) UNSIGNED NOT NULL,
  `to_account_id` bigint(20) UNSIGNED NOT NULL,
  `amount` double(20,2) NOT NULL,
  `reference_number` varchar(255) DEFAULT NULL,
  `description` varchar(255) DEFAULT NULL,
  `status` tinyint(4) NOT NULL DEFAULT 0 COMMENT '0=Pending, 1=Approved',
  `created_by_id` bigint(20) UNSIGNED DEFAULT NULL,
  `updated_by_id` bigint(20) UNSIGNED DEFAULT NULL,
  `created_at` timestamp NULL DEFAULT NULL,
  `updated_at` timestamp NULL DEFAULT NULL
) ENGINE=InnoDB DEFAULT CHARSET=utf8mb4 COLLATE=utf8mb4_unicode_ci;

-- --------------------------------------------------------

--
-- Table structure for table `investors`
--

CREATE TABLE `investors` (
  `id` bigint(20) UNSIGNED NOT NULL,
  `name` varchar(255) NOT NULL,
  `email` varchar(255) NOT NULL,
  `contact` varchar(255) NOT NULL,
  `address` varchar(255) DEFAULT NULL,
  `dob` date NOT NULL,
  `nid` bigint(20) NOT NULL,
  `investment_capital` double(20,2) NOT NULL DEFAULT 0.00,
  `balance` double(20,2) NOT NULL DEFAULT 0.00,
  `is_self` tinyint(3) UNSIGNED NOT NULL DEFAULT 0 COMMENT '0=Not Self, 1=Self',
  `status` tinyint(4) NOT NULL DEFAULT 1 COMMENT '1=active, 0=inactive',
  `created_by_id` bigint(20) DEFAULT NULL,
  `updated_by_id` bigint(20) DEFAULT NULL,
  `created_at` timestamp NULL DEFAULT NULL,
  `updated_at` timestamp NULL DEFAULT NULL
) ENGINE=InnoDB DEFAULT CHARSET=utf8mb4 COLLATE=utf8mb4_unicode_ci;

--
-- Dumping data for table `investors`
--

INSERT INTO `investors` (`id`, `name`, `email`, `contact`, `address`, `dob`, `nid`, `investment_capital`, `balance`, `is_self`, `status`, `created_by_id`, `updated_by_id`, `created_at`, `updated_at`) VALUES
(1, 'Re-Start BD', 'admin@gmail.com', '01763634878', 'Shop-357, DIT Road, East Rampura, Dhaka-1219, Bangladesh', '1994-04-11', 2402451401, 6765630.00, -3046219.00, 1, 1, 1, 1, '2025-04-16 04:20:15', '2026-03-05 07:17:29'),
(2, 'Amanullah Sohel', 'sohel@gmail.com', '01778172246', 'Aftabnagar, Rampura, Dhaka', '1980-01-01', 123456789, 1410500.00, 1470500.00, 0, 1, 1, NULL, '2025-05-31 09:58:59', '2025-12-01 06:02:55'),
(3, 'Alauddin Kochi', 'alauddin@gmail.com', '01843487313', 'Feni', '1995-01-01', 123456789, 796000.00, 441000.00, 0, 1, 1, NULL, '2025-05-31 15:57:10', '2025-10-26 13:55:19'),
(4, 'nizam Uddin Konok', 'konok@gmail.com', '01521428630', 'Badda,Dhaka', '1994-04-11', 123456789, 0.00, 0.00, 0, 1, 1, NULL, '2025-05-31 16:23:06', '2025-12-01 06:06:12'),
(5, 'Rasin', 'rasin@gmail.com', '01732013544', 'Banasree,Rampura,Dhaka', '2003-01-01', 123456789, 0.00, 0.00, 0, 1, 1, NULL, '2025-05-31 16:40:22', '2026-02-24 05:21:48'),
(6, 'Shakibul Haque Shaon', 'shaon@gmail.com', '01681880654', 'Banasree,Rampura,Dhaka', '1994-01-01', 123456789, 0.00, 0.00, 0, 1, 1, NULL, '2025-05-31 16:41:37', '2025-12-01 06:04:09'),
(7, 'Istiak Ahmmed Shishir', 'Shishir@gmail.com', '01774905744', 'Feni', '1993-11-20', 123456789, 911000.00, 911000.00, 0, 1, 1, NULL, '2025-05-31 16:45:10', '2025-10-26 14:58:39'),
(8, 'Guest', 'guest@gmail.com', '01900000000', 'Dhaka', '1999-01-01', 123456789, 242000.00, 0.00, 0, 1, 1, NULL, '2025-06-05 07:23:58', '2025-07-26 08:43:19'),
(9, 'Mehedi Hasan Rasel', 'Rasel@gmail.com', '01911202077', 'Mokki Goli, Rampura', '1980-01-01', 123456789, 997000.00, 815000.00, 0, 1, 1, NULL, '2025-07-23 06:52:55', '2026-02-22 13:20:25');

-- --------------------------------------------------------

--
-- Table structure for table `investor_ledgers`
--

CREATE TABLE `investor_ledgers` (
  `id` bigint(20) UNSIGNED NOT NULL,
  `investor_id` bigint(20) NOT NULL,
  `account_id` bigint(20) NOT NULL,
  `particular` varchar(255) DEFAULT NULL,
  `debit_amount` decimal(20,2) DEFAULT NULL COMMENT 'Withdrawal',
  `credit_amount` decimal(20,2) DEFAULT NULL COMMENT 'Deposit',
  `current_balance` decimal(20,2) NOT NULL,
  `reference_number` varchar(255) DEFAULT NULL,
  `transaction_date` date NOT NULL,
  `created_by_id` bigint(20) DEFAULT NULL,
  `updated_by_id` bigint(20) DEFAULT NULL,
  `created_at` timestamp NULL DEFAULT NULL,
  `updated_at` timestamp NULL DEFAULT NULL
) ENGINE=InnoDB DEFAULT CHARSET=utf8mb4 COLLATE=utf8mb4_unicode_ci;

--
-- Dumping data for table `investor_ledgers`
--

INSERT INTO `investor_ledgers` (`id`, `investor_id`, `account_id`, `particular`, `debit_amount`, `credit_amount`, `current_balance`, `reference_number`, `transaction_date`, `created_by_id`, `updated_by_id`, `created_at`, `updated_at`) VALUES
(1, 2, 1, 'Investment', NULL, 1312000.00, 1312000.00, NULL, '2025-05-31', NULL, NULL, '2025-05-31 10:01:02', '2025-05-31 10:01:02'),
(2, 2, 1, 'Bike Purchase', 62000.00, NULL, 1250000.00, NULL, '2025-05-31', NULL, NULL, '2025-05-31 10:53:15', '2025-05-31 10:53:15'),
(3, 2, 1, 'Bike Purchase', 81000.00, NULL, 1169000.00, NULL, '2025-05-31', NULL, NULL, '2025-05-31 10:53:20', '2025-05-31 10:53:20'),
(4, 2, 1, 'Bike Purchase', 281000.00, NULL, 888000.00, NULL, '2025-05-31', NULL, NULL, '2025-05-31 10:53:23', '2025-05-31 10:53:23'),
(5, 2, 1, 'Bike Purchase', 50000.00, NULL, 838000.00, NULL, '2025-05-31', NULL, NULL, '2025-05-31 10:53:26', '2025-05-31 10:53:26'),
(6, 2, 1, 'Bike Purchase', 187000.00, NULL, 651000.00, NULL, '2025-05-31', NULL, NULL, '2025-05-31 10:53:30', '2025-05-31 10:53:30'),
(7, 2, 1, 'Bike Purchase', 176000.00, NULL, 475000.00, NULL, '2025-05-31', NULL, NULL, '2025-05-31 10:53:33', '2025-05-31 10:53:33'),
(8, 2, 1, 'Bike Purchase', 300000.00, NULL, 175000.00, NULL, '2025-05-31', NULL, NULL, '2025-05-31 10:53:37', '2025-05-31 10:53:37'),
(9, 2, 1, 'Bike Purchase', 110000.00, NULL, 65000.00, NULL, '2025-05-31', NULL, NULL, '2025-05-31 10:53:42', '2025-05-31 10:53:42'),
(10, 2, 1, 'Bike Purchase', 65000.00, NULL, 0.00, NULL, '2025-05-31', NULL, NULL, '2025-05-31 10:53:47', '2025-05-31 10:53:47'),
(11, 3, 1, 'Investment', NULL, 790000.00, 790000.00, NULL, '2025-05-31', NULL, NULL, '2025-05-31 15:59:49', '2025-05-31 15:59:49'),
(12, 3, 1, 'Bike Purchase', 340000.00, NULL, 450000.00, NULL, '2025-05-31', NULL, NULL, '2025-05-31 16:12:24', '2025-05-31 16:12:24'),
(13, 3, 1, 'Bike Purchase', 175000.00, NULL, 275000.00, NULL, '2025-05-31', NULL, NULL, '2025-05-31 16:12:27', '2025-05-31 16:12:27'),
(14, 3, 1, 'Bike Purchase', 275000.00, NULL, 0.00, NULL, '2025-05-31', NULL, NULL, '2025-05-31 16:12:30', '2025-05-31 16:12:30'),
(15, 4, 1, 'Investment', NULL, 498000.00, 498000.00, NULL, '2025-05-31', NULL, NULL, '2025-05-31 16:24:23', '2025-05-31 16:24:23'),
(16, 4, 1, 'Bike Purchase', 200000.00, NULL, 298000.00, NULL, '2025-05-31', NULL, NULL, '2025-05-31 16:34:07', '2025-05-31 16:34:07'),
(17, 4, 1, 'Bike Purchase', 93000.00, NULL, 205000.00, NULL, '2025-05-31', NULL, NULL, '2025-05-31 16:34:10', '2025-05-31 16:34:10'),
(18, 4, 1, 'Bike Purchase', 205000.00, NULL, 0.00, NULL, '2025-05-31', NULL, NULL, '2025-05-31 16:34:13', '2025-05-31 16:34:13'),
(19, 6, 1, 'Investment', NULL, 165000.00, 165000.00, NULL, '2025-05-31', NULL, NULL, '2025-05-31 16:43:32', '2025-05-31 16:43:32'),
(20, 5, 1, 'Investment', NULL, 253000.00, 253000.00, NULL, '2025-05-31', NULL, NULL, '2025-05-31 16:43:36', '2025-05-31 16:43:36'),
(21, 7, 1, 'Investment', NULL, 104000.00, 104000.00, NULL, '2025-05-31', NULL, NULL, '2025-05-31 16:47:58', '2025-05-31 16:47:58'),
(22, 7, 1, 'Bike Purchase', 104000.00, NULL, 0.00, NULL, '2025-05-31', NULL, NULL, '2025-05-31 17:01:26', '2025-05-31 17:01:26'),
(23, 6, 1, 'Bike Purchase', 165000.00, NULL, 0.00, NULL, '2025-05-31', NULL, NULL, '2025-05-31 17:01:29', '2025-05-31 17:01:29'),
(24, 5, 1, 'Bike Purchase', 146000.00, NULL, 107000.00, NULL, '2025-05-31', NULL, NULL, '2025-05-31 17:01:32', '2025-05-31 17:01:32'),
(25, 5, 1, 'Bike Purchase', 107000.00, NULL, 0.00, NULL, '2025-05-31', NULL, NULL, '2025-05-31 17:01:35', '2025-05-31 17:01:35'),
(26, 2, 1, 'Investment', NULL, 125000.00, 125000.00, NULL, '2025-05-31', NULL, NULL, '2025-05-31 17:03:16', '2025-05-31 17:03:16'),
(27, 2, 1, 'Bike Purchase', 125000.00, NULL, 0.00, NULL, '2025-05-31', NULL, NULL, '2025-05-31 17:05:43', '2025-05-31 17:05:43'),
(28, 1, 1, 'Bike Service Expense', 4080.00, NULL, -4080.00, NULL, '2025-06-02', NULL, NULL, '2025-06-02 12:52:36', '2025-06-02 12:52:36'),
(29, 1, 1, 'Bike Service Expense', 6300.00, NULL, -10380.00, NULL, '2025-06-02', NULL, NULL, '2025-06-02 13:50:17', '2025-06-02 13:50:17'),
(30, 1, 1, 'Bike Service Expense', 1100.00, NULL, -11480.00, NULL, '2025-06-02', NULL, NULL, '2025-06-02 13:50:20', '2025-06-02 13:50:20'),
(31, 1, 1, 'Bike Service Expense', 1500.00, NULL, -12980.00, NULL, '2025-06-02', NULL, NULL, '2025-06-02 13:50:24', '2025-06-02 13:50:24'),
(32, 1, 1, 'Bike Service Expense', 6950.00, NULL, -19930.00, NULL, '2025-06-02', NULL, NULL, '2025-06-02 13:50:27', '2025-06-02 13:50:27'),
(33, 1, 1, 'Bike Service Expense', 14050.00, NULL, -33980.00, NULL, '2025-06-02', NULL, NULL, '2025-06-02 13:50:30', '2025-06-02 13:50:30'),
(34, 1, 1, 'Bike Service Expense', 1350.00, NULL, -35330.00, NULL, '2025-06-02', NULL, NULL, '2025-06-02 13:50:33', '2025-06-02 13:50:33'),
(35, 1, 1, 'Bike Service Expense', 3900.00, NULL, -39230.00, NULL, '2025-06-02', NULL, NULL, '2025-06-02 13:50:36', '2025-06-02 13:50:36'),
(36, 1, 1, 'Bike Service Expense', 7060.00, NULL, -46290.00, NULL, '2025-06-02', NULL, NULL, '2025-06-02 13:50:39', '2025-06-02 13:50:39'),
(37, 1, 1, 'Bike Service Expense', 10600.00, NULL, -56890.00, NULL, '2025-06-02', NULL, NULL, '2025-06-02 13:50:41', '2025-06-02 13:50:41'),
(38, 1, 1, 'Bike Service Expense', 1400.00, NULL, -58290.00, NULL, '2025-06-02', NULL, NULL, '2025-06-02 13:50:44', '2025-06-02 13:50:44'),
(39, 1, 1, 'Bike Service Expense', 10500.00, NULL, -68790.00, NULL, '2025-06-02', NULL, NULL, '2025-06-02 13:50:48', '2025-06-02 13:50:48'),
(40, 1, 1, 'Bike Service Expense', 4950.00, NULL, -73740.00, NULL, '2025-06-02', NULL, NULL, '2025-06-02 13:50:51', '2025-06-02 13:50:51'),
(41, 1, 1, 'Bike Service Expense', 4500.00, NULL, -78240.00, NULL, '2025-06-02', NULL, NULL, '2025-06-02 13:50:53', '2025-06-02 13:50:53'),
(42, 1, 1, 'Bike Service Expense', 4130.00, NULL, -82370.00, NULL, '2025-06-02', NULL, NULL, '2025-06-02 13:50:56', '2025-06-02 13:50:56'),
(43, 1, 1, 'Bike Service Expense', 1800.00, NULL, -84170.00, NULL, '2025-06-02', NULL, NULL, '2025-06-02 13:50:59', '2025-06-02 13:50:59'),
(44, 1, 1, 'Bike Service Expense', 1400.00, NULL, -85570.00, NULL, '2025-06-02', NULL, NULL, '2025-06-02 13:51:02', '2025-06-02 13:51:02'),
(45, 1, 1, 'Bike Service Expense', 12780.00, NULL, -98350.00, NULL, '2025-06-02', NULL, NULL, '2025-06-02 13:51:05', '2025-06-02 13:51:05'),
(46, 1, 1, 'Bike Service Expense', 2300.00, NULL, -100650.00, NULL, '2025-06-02', NULL, NULL, '2025-06-02 13:51:08', '2025-06-02 13:51:08'),
(47, 1, 1, 'Bike Service Expense', 300.00, NULL, -100950.00, NULL, '2025-06-02', NULL, NULL, '2025-06-02 13:51:10', '2025-06-02 13:51:10'),
(48, 1, 1, 'Investment', NULL, 100950.00, 0.00, NULL, '2025-06-02', NULL, NULL, '2025-06-02 13:53:18', '2025-06-02 13:53:18'),
(49, 1, 1, 'Bike Purchase', 101000.00, NULL, -101000.00, NULL, '2025-06-03', NULL, NULL, '2025-06-03 08:49:08', '2025-06-03 08:49:08'),
(50, 1, 1, 'Bike Service Expense', 3020.00, NULL, -104020.00, NULL, '2025-06-03', NULL, NULL, '2025-06-03 08:51:49', '2025-06-03 08:51:49'),
(51, 1, 1, 'Bike Sales', NULL, 130000.00, 25980.00, NULL, '2025-06-03', NULL, NULL, '2025-06-03 08:58:02', '2025-06-03 08:58:02'),
(52, 1, 1, 'Expenses', 30000.00, NULL, -4020.00, 'F', '2025-06-03', NULL, NULL, '2025-06-03 09:05:35', '2025-06-03 09:05:35'),
(53, 1, 1, 'Expenses', 30000.00, NULL, -34020.00, NULL, '2025-06-03', NULL, NULL, '2025-06-03 09:05:38', '2025-06-03 09:05:38'),
(54, 1, 1, 'Bike Purchase', 365000.00, NULL, -399020.00, NULL, '2025-06-04', NULL, NULL, '2025-06-04 13:02:59', '2025-06-04 13:02:59'),
(55, 1, 1, 'Bike Purchase', 371000.00, NULL, -770020.00, NULL, '2025-06-04', NULL, NULL, '2025-06-04 13:03:04', '2025-06-04 13:03:04'),
(56, 1, 1, 'Bike Purchase', 152000.00, NULL, -922020.00, NULL, '2025-06-04', NULL, NULL, '2025-06-04 13:03:07', '2025-06-04 13:03:07'),
(57, 1, 1, 'Investment', NULL, 888000.00, -34020.00, NULL, '2025-06-04', NULL, NULL, '2025-06-04 13:04:01', '2025-06-04 13:04:01'),
(58, 8, 1, 'Bike Purchase', 242000.00, NULL, -242000.00, 'SMA', '2025-06-05', NULL, NULL, '2025-06-05 07:43:42', '2025-06-05 07:43:42'),
(59, 8, 1, 'Bike Purchase', 100.00, NULL, -242100.00, 'Saim (Mama) Konok', '2025-06-05', NULL, NULL, '2025-06-05 07:43:51', '2025-06-05 07:43:51'),
(60, 8, 1, 'Bike Purchase', 165000.00, NULL, -407100.00, 'Parvez (Bongshal)', '2025-06-05', NULL, NULL, '2025-06-05 07:43:58', '2025-06-05 07:43:58'),
(61, 8, 1, 'Investment', NULL, 407100.00, 0.00, NULL, '2025-06-05', NULL, NULL, '2025-06-05 07:44:42', '2025-06-05 07:44:42'),
(62, 1, 1, 'Bike Service Expense', 480.00, NULL, -34500.00, NULL, '2025-06-05', NULL, NULL, '2025-06-05 08:09:27', '2025-06-05 08:09:27'),
(63, 1, 1, 'Bike Service Expense', 650.00, NULL, -35150.00, NULL, '2025-06-05', NULL, NULL, '2025-06-05 08:09:30', '2025-06-05 08:09:30'),
(64, 1, 1, 'Bike Service Expense', 300.00, NULL, -35450.00, NULL, '2025-06-05', NULL, NULL, '2025-06-05 08:09:34', '2025-06-05 08:09:34'),
(65, 1, 1, 'Bike Service Expense', 270.00, NULL, -35720.00, NULL, '2025-06-05', NULL, NULL, '2025-06-05 08:09:37', '2025-06-05 08:09:37'),
(66, 1, 1, 'Bike Service Expense', 5500.00, NULL, -41220.00, NULL, '2025-06-05', NULL, NULL, '2025-06-05 08:09:41', '2025-06-05 08:09:41'),
(67, 1, 1, 'Bike Service Expense', 2350.00, NULL, -43570.00, NULL, '2025-06-05', NULL, NULL, '2025-06-05 08:09:44', '2025-06-05 08:09:44'),
(68, 1, 1, 'Bike Service Expense', 100.00, NULL, -43670.00, NULL, '2025-06-05', NULL, NULL, '2025-06-05 08:09:47', '2025-06-05 08:09:47'),
(69, 1, 1, 'Bike Service Expense', 290.00, NULL, -43960.00, NULL, '2025-06-05', NULL, NULL, '2025-06-05 08:09:50', '2025-06-05 08:09:50'),
(70, 1, 1, 'Bike Service Expense', 300.00, NULL, -44260.00, NULL, '2025-06-05', NULL, NULL, '2025-06-05 08:09:53', '2025-06-05 08:09:53'),
(71, 1, 1, 'Bike Service Expense', 1000.00, NULL, -45260.00, NULL, '2025-06-05', NULL, NULL, '2025-06-05 08:09:56', '2025-06-05 08:09:56'),
(72, 1, 1, 'Bike Service Expense', 370.00, NULL, -45630.00, NULL, '2025-06-05', NULL, NULL, '2025-06-05 08:09:59', '2025-06-05 08:09:59'),
(73, 1, 1, 'Bike Service Expense', 370.00, NULL, -46000.00, NULL, '2025-06-05', NULL, NULL, '2025-06-05 08:10:02', '2025-06-05 08:10:02'),
(74, 1, 1, 'Bike Service Expense', 370.00, NULL, -46370.00, NULL, '2025-06-05', NULL, NULL, '2025-06-05 08:10:05', '2025-06-05 08:10:05'),
(75, 1, 1, 'Bike Service Expense', 370.00, NULL, -46740.00, NULL, '2025-06-05', NULL, NULL, '2025-06-05 08:10:09', '2025-06-05 08:10:09'),
(76, 1, 1, 'Bike Service Expense', 370.00, NULL, -47110.00, NULL, '2025-06-05', NULL, NULL, '2025-06-05 08:10:13', '2025-06-05 08:10:13'),
(77, 1, 1, 'Bike Service Expense', 370.00, NULL, -47480.00, NULL, '2025-06-05', NULL, NULL, '2025-06-05 08:10:15', '2025-06-05 08:10:15'),
(78, 1, 1, 'Bike Service Expense', 100.00, NULL, -47580.00, NULL, '2025-06-05', NULL, NULL, '2025-06-05 08:10:19', '2025-06-05 08:10:19'),
(79, 1, 1, 'Bike Service Expense', 600.00, NULL, -48180.00, NULL, '2025-06-05', NULL, NULL, '2025-06-05 08:10:22', '2025-06-05 08:10:22'),
(80, 1, 1, 'Investment', NULL, 14160.00, -34020.00, 'Exp.', '2025-06-05', NULL, NULL, '2025-06-05 08:12:14', '2025-06-05 08:12:14'),
(81, 1, 1, 'Expenses', 40000.00, NULL, -74020.00, 'Buy', '2025-06-05', NULL, NULL, '2025-06-05 08:25:36', '2025-06-05 08:25:36'),
(82, 1, 1, 'Expenses', 5000.00, NULL, -79020.00, 'Sabuj', '2025-06-05', NULL, NULL, '2025-06-05 08:25:39', '2025-06-05 08:25:39'),
(83, 1, 1, 'Expenses', 25000.00, NULL, -104020.00, NULL, '2025-06-05', NULL, NULL, '2025-06-05 08:25:43', '2025-06-05 08:25:43'),
(84, 1, 1, 'Expenses', 40000.00, NULL, -144020.00, 'Re-Start', '2025-06-05', NULL, NULL, '2025-06-05 08:25:45', '2025-06-05 08:25:45'),
(85, 1, 1, 'Expenses', 1500.00, NULL, -145520.00, NULL, '2025-06-05', NULL, NULL, '2025-06-05 08:25:48', '2025-06-05 08:25:48'),
(86, 1, 1, 'Investment', NULL, 145520.00, 0.00, 'All Exp.', '2025-06-05', NULL, NULL, '2025-06-05 08:26:43', '2025-06-05 08:26:43'),
(87, 3, 1, 'Bike Sales', NULL, 340000.00, 340000.00, NULL, '2025-06-05', NULL, NULL, '2025-06-05 12:09:03', '2025-06-05 12:09:03'),
(88, 1, 1, 'Bike Sales Profit', NULL, 25000.00, 25000.00, NULL, '2025-06-05', NULL, NULL, '2025-06-05 12:09:03', '2025-06-05 12:09:03'),
(89, 1, 1, 'Bike Sales', NULL, 437500.00, 462500.00, NULL, '2025-06-06', NULL, NULL, '2025-06-06 09:24:44', '2025-06-06 09:24:44'),
(90, 1, 1, 'Bike Service Expense', 3500.00, NULL, 459000.00, NULL, '2025-06-06', NULL, NULL, '2025-06-06 15:52:17', '2025-06-06 15:52:17'),
(91, 1, 1, 'Bike Purchase', 115000.00, NULL, 344000.00, NULL, '2025-06-06', NULL, NULL, '2025-06-06 16:07:15', '2025-06-06 16:07:15'),
(92, 1, 1, 'Bike Service Expense', 2000.00, NULL, 342000.00, NULL, '2025-06-06', NULL, NULL, '2025-06-06 16:09:57', '2025-06-06 16:09:57'),
(93, 1, 1, 'Investment', NULL, 117000.00, 459000.00, NULL, '2025-06-06', NULL, NULL, '2025-06-06 16:10:59', '2025-06-06 16:10:59'),
(94, 2, 1, 'Bike Sales', NULL, 110000.00, 110000.00, NULL, '2025-06-06', NULL, NULL, '2025-06-06 16:20:59', '2025-06-06 16:20:59'),
(95, 1, 1, 'Bike Sales Profit', NULL, 10000.00, 469000.00, NULL, '2025-06-06', NULL, NULL, '2025-06-06 16:20:59', '2025-06-06 16:20:59'),
(96, 2, 1, 'Bike Sales', NULL, 65000.00, 175000.00, NULL, '2025-06-06', NULL, NULL, '2025-06-06 16:21:04', '2025-06-06 16:21:04'),
(97, 1, 1, 'Bike Sales Profit', NULL, 24000.00, 493000.00, NULL, '2025-06-06', NULL, NULL, '2025-06-06 16:21:04', '2025-06-06 16:21:04'),
(98, 1, 1, 'Bike Sales', NULL, 138000.00, 631000.00, NULL, '2025-06-06', NULL, NULL, '2025-06-06 16:21:07', '2025-06-06 16:21:07'),
(99, 1, 1, 'Bike Profit Payment', 8000.00, NULL, 623000.00, NULL, '2025-06-07', NULL, NULL, '2025-06-06 18:06:24', '2025-06-06 18:06:24'),
(100, 1, 1, 'Bike Profit Payment', 3600.00, NULL, 619400.00, NULL, '2025-06-07', NULL, NULL, '2025-06-06 18:07:34', '2025-06-06 18:07:34'),
(101, 2, 1, 'Withdrawal', 110000.00, NULL, 65000.00, 'Raidar', '2025-06-07', NULL, NULL, '2025-06-06 18:09:11', '2025-06-06 18:09:11'),
(102, 2, 1, 'Withdrawal', 65000.00, NULL, 0.00, 'Ignitor', '2025-06-07', NULL, NULL, '2025-06-06 18:09:50', '2025-06-06 18:09:50'),
(103, 1, 1, 'Expenses', 54000.00, NULL, 565400.00, NULL, '2025-06-23', NULL, NULL, '2025-06-23 08:18:50', '2025-06-23 08:18:50'),
(104, 1, 1, 'Expenses', 50000.00, NULL, 515400.00, NULL, '2025-06-23', NULL, NULL, '2025-06-23 08:18:54', '2025-06-23 08:18:54'),
(105, 1, 1, 'Expenses', 20000.00, NULL, 495400.00, NULL, '2025-06-23', NULL, NULL, '2025-06-23 08:18:57', '2025-06-23 08:18:57'),
(106, 1, 1, 'Expenses', 20000.00, NULL, 475400.00, 'Sohel Vai F', '2025-06-23', NULL, NULL, '2025-06-23 08:18:59', '2025-06-23 08:18:59'),
(109, 1, 1, 'Expenses', 40000.00, NULL, 435400.00, NULL, '2025-06-23', NULL, NULL, '2025-06-23 08:19:18', '2025-06-23 08:19:18'),
(111, 1, 1, 'Expenses', 40000.00, NULL, 395400.00, 'Ghorgari', '2025-06-23', NULL, NULL, '2025-06-23 08:19:44', '2025-06-23 08:19:44'),
(112, 1, 1, 'Expenses', 30000.00, NULL, 365400.00, NULL, '2025-06-23', NULL, NULL, '2025-06-23 08:19:48', '2025-06-23 08:19:48'),
(113, 1, 1, 'Expenses', 25000.00, NULL, 340400.00, NULL, '2025-06-23', NULL, NULL, '2025-06-23 08:19:53', '2025-06-23 08:19:53'),
(114, 1, 1, 'Expenses', 20000.00, NULL, 320400.00, NULL, '2025-06-23', NULL, NULL, '2025-06-23 08:21:29', '2025-06-23 08:21:29'),
(115, 1, 1, 'Bike Profit Payment', 11500.00, NULL, 308900.00, NULL, '2025-06-23', NULL, NULL, '2025-06-23 08:23:12', '2025-06-23 08:23:12'),
(116, 2, 1, 'Investment', NULL, 130000.00, 130000.00, 'Gixxer DD', '2025-06-28', NULL, NULL, '2025-06-28 12:26:46', '2025-06-28 12:26:46'),
(117, 2, 1, 'Bike Purchase', 130000.00, NULL, 0.00, NULL, '2025-06-28', NULL, NULL, '2025-06-28 13:55:08', '2025-06-28 13:55:08'),
(118, 1, 1, 'Bike Purchase', 130000.00, NULL, 178900.00, 'P.Bong', '2025-06-28', NULL, NULL, '2025-06-28 13:55:13', '2025-06-28 13:55:13'),
(119, 1, 1, 'Bike Purchase', 417500.00, NULL, -238600.00, NULL, '2025-06-28', NULL, NULL, '2025-06-28 13:55:16', '2025-06-28 13:55:16'),
(120, 1, 1, 'Bike Purchase', 135000.00, NULL, -373600.00, 'S.V', '2025-06-28', NULL, NULL, '2025-06-28 13:55:20', '2025-06-28 13:55:20'),
(121, 1, 1, 'Bike Service Expense', 6500.00, NULL, -380100.00, NULL, '2025-06-28', NULL, NULL, '2025-06-28 13:55:27', '2025-06-28 13:55:27'),
(122, 1, 1, 'Bike Service Expense', 2370.00, NULL, -382470.00, NULL, '2025-06-28', NULL, NULL, '2025-06-28 13:55:30', '2025-06-28 13:55:30'),
(123, 1, 1, 'Bike Service Expense', 350.00, NULL, -382820.00, NULL, '2025-06-28', NULL, NULL, '2025-06-28 13:55:33', '2025-06-28 13:55:33'),
(124, 1, 1, 'Expenses', 28000.00, NULL, -410820.00, NULL, '2025-06-28', NULL, NULL, '2025-06-28 13:56:02', '2025-06-28 13:56:02'),
(125, 1, 1, 'Expenses', 4000.00, NULL, -414820.00, 'Market', '2025-06-28', NULL, NULL, '2025-06-28 13:56:05', '2025-06-28 13:56:05'),
(126, 1, 1, 'Bike Purchase', 130000.00, NULL, -544820.00, 'Riad Vai', '2025-07-01', NULL, NULL, '2025-07-01 10:59:18', '2025-07-01 10:59:18'),
(129, 1, 1, 'Bike Purchase', 160000.00, NULL, -704820.00, 'Parvez-Bongshal', '2025-07-01', NULL, NULL, '2025-07-01 11:04:56', '2025-07-01 11:04:56'),
(130, 1, 1, 'Bike Service Expense', 3850.00, NULL, -708670.00, NULL, '2025-07-01', NULL, NULL, '2025-07-01 12:49:39', '2025-07-01 12:49:39'),
(131, 1, 1, 'Bike Service Expense', 800.00, NULL, -709470.00, NULL, '2025-07-01', NULL, NULL, '2025-07-01 12:49:42', '2025-07-01 12:49:42'),
(132, 1, 1, 'Bike Service Expense', 2650.00, NULL, -712120.00, NULL, '2025-07-01', NULL, NULL, '2025-07-01 12:49:45', '2025-07-01 12:49:45'),
(133, 1, 1, 'Bike Service Expense', 6500.00, NULL, -718620.00, NULL, '2025-07-01', NULL, NULL, '2025-07-01 12:49:48', '2025-07-01 12:49:48'),
(134, 1, 1, 'Bike Service Expense', 300.00, NULL, -718920.00, NULL, '2025-07-01', NULL, NULL, '2025-07-01 12:49:51', '2025-07-01 12:49:51'),
(135, 1, 1, 'Bike Service Expense', 1850.00, NULL, -720770.00, NULL, '2025-07-01', NULL, NULL, '2025-07-01 12:49:53', '2025-07-01 12:49:53'),
(136, 1, 1, 'Bike Service Expense', 4000.00, NULL, -724770.00, NULL, '2025-07-01', NULL, NULL, '2025-07-01 12:49:56', '2025-07-01 12:49:56'),
(137, 1, 1, 'Bike Service Expense', 500.00, NULL, -725270.00, NULL, '2025-07-01', NULL, NULL, '2025-07-01 12:49:59', '2025-07-01 12:49:59'),
(138, 1, 1, 'Bike Service Expense', 800.00, NULL, -726070.00, NULL, '2025-07-01', NULL, NULL, '2025-07-01 12:50:01', '2025-07-01 12:50:01'),
(139, 1, 1, 'Bike Service Expense', 250.00, NULL, -726320.00, NULL, '2025-07-01', NULL, NULL, '2025-07-01 12:50:04', '2025-07-01 12:50:04'),
(140, 1, 1, 'Bike Service Expense', 1200.00, NULL, -727520.00, NULL, '2025-07-01', NULL, NULL, '2025-07-01 12:50:06', '2025-07-01 12:50:06'),
(141, 1, 1, 'Bike Service Expense', 1210.00, NULL, -728730.00, NULL, '2025-07-01', NULL, NULL, '2025-07-01 12:50:08', '2025-07-01 12:50:08'),
(142, 1, 1, 'Bike Service Expense', 4720.00, NULL, -733450.00, NULL, '2025-07-01', NULL, NULL, '2025-07-01 12:50:09', '2025-07-01 12:50:09'),
(143, 1, 1, 'Bike Service Expense', 1750.00, NULL, -735200.00, NULL, '2025-07-01', NULL, NULL, '2025-07-01 12:50:11', '2025-07-01 12:50:11'),
(144, 1, 1, 'Bike Service Expense', 2700.00, NULL, -737900.00, NULL, '2025-07-01', NULL, NULL, '2025-07-01 12:50:12', '2025-07-01 12:50:12'),
(145, 1, 1, 'Bike Service Expense', 450.00, NULL, -738350.00, NULL, '2025-07-01', NULL, NULL, '2025-07-01 12:50:14', '2025-07-01 12:50:14'),
(146, 1, 1, 'Bike Service Expense', 2700.00, NULL, -741050.00, NULL, '2025-07-01', NULL, NULL, '2025-07-01 12:50:15', '2025-07-01 12:50:15'),
(147, 1, 1, 'Bike Service Expense', 1100.00, NULL, -742150.00, NULL, '2025-07-01', NULL, NULL, '2025-07-01 12:50:17', '2025-07-01 12:50:17'),
(148, 1, 1, 'Bike Service Expense', 19850.00, NULL, -762000.00, NULL, '2025-07-01', NULL, NULL, '2025-07-01 12:50:19', '2025-07-01 12:50:19'),
(149, 1, 1, 'Bike Service Expense', 150.00, NULL, -762150.00, NULL, '2025-07-01', NULL, NULL, '2025-07-01 12:50:21', '2025-07-01 12:50:21'),
(150, 1, 1, 'Bike Service Expense', 200.00, NULL, -762350.00, NULL, '2025-07-01', NULL, NULL, '2025-07-01 12:50:22', '2025-07-01 12:50:22'),
(151, 1, 1, 'Bike Service Expense', 700.00, NULL, -763050.00, NULL, '2025-07-01', NULL, NULL, '2025-07-01 12:50:25', '2025-07-01 12:50:25'),
(152, 1, 1, 'Bike Service Expense', 150.00, NULL, -763200.00, NULL, '2025-07-01', NULL, NULL, '2025-07-01 12:50:26', '2025-07-01 12:50:26'),
(153, 1, 1, 'Bike Service Expense', 200.00, NULL, -763400.00, NULL, '2025-07-01', NULL, NULL, '2025-07-01 12:50:28', '2025-07-01 12:50:28'),
(154, 1, 1, 'Bike Service Expense', 100.00, NULL, -763500.00, NULL, '2025-07-01', NULL, NULL, '2025-07-01 12:50:30', '2025-07-01 12:50:30'),
(155, 1, 1, 'Bike Service Expense', 100.00, NULL, -763600.00, NULL, '2025-07-01', NULL, NULL, '2025-07-01 12:50:31', '2025-07-01 12:50:31'),
(156, 1, 1, 'Bike Service Expense', 100.00, NULL, -763700.00, NULL, '2025-07-01', NULL, NULL, '2025-07-01 12:50:33', '2025-07-01 12:50:33'),
(157, 1, 1, 'Bike Service Expense', 350.00, NULL, -764050.00, NULL, '2025-07-01', NULL, NULL, '2025-07-01 12:50:35', '2025-07-01 12:50:35'),
(158, 1, 1, 'Bike Service Expense', 1300.00, NULL, -765350.00, NULL, '2025-07-01', NULL, NULL, '2025-07-01 12:50:36', '2025-07-01 12:50:36'),
(159, 1, 1, 'Expenses', 58000.00, NULL, -823350.00, NULL, '2025-07-01', NULL, NULL, '2025-07-01 12:51:04', '2025-07-01 12:51:04'),
(160, 1, 1, 'Expenses', 3000.00, NULL, -826350.00, NULL, '2025-07-01', NULL, NULL, '2025-07-01 12:51:07', '2025-07-01 12:51:07'),
(161, 1, 1, 'Expenses', 500.00, NULL, -826850.00, NULL, '2025-07-01', NULL, NULL, '2025-07-01 12:51:11', '2025-07-01 12:51:11'),
(162, 1, 1, 'Bike Purchase', 400000.00, NULL, -1226850.00, NULL, '2025-07-03', NULL, NULL, '2025-07-03 14:05:31', '2025-07-03 14:05:31'),
(163, 1, 1, 'Bike Service Expense', 1570.00, NULL, -1228420.00, NULL, '2025-07-03', NULL, NULL, '2025-07-03 14:07:41', '2025-07-03 14:07:41'),
(164, 1, 1, 'Bike Service Expense', 3500.00, NULL, -1231920.00, NULL, '2025-07-03', NULL, NULL, '2025-07-03 14:09:13', '2025-07-03 14:09:13'),
(165, 1, 1, 'Bike Sales', NULL, 445000.00, -786920.00, NULL, '2025-07-03', NULL, NULL, '2025-07-03 14:12:11', '2025-07-03 14:12:11'),
(166, 1, 1, 'Bike Profit Payment', 20000.00, NULL, -806920.00, NULL, '2025-07-03', NULL, NULL, '2025-07-03 14:16:14', '2025-07-03 14:16:14'),
(167, 1, 1, 'Bike Sales', NULL, 445000.00, -361920.00, NULL, '2025-07-04', NULL, NULL, '2025-07-04 07:00:41', '2025-07-04 07:00:41'),
(168, 1, 1, 'Bike Sales', NULL, 142000.00, -219920.00, NULL, '2025-07-04', NULL, NULL, '2025-07-04 07:00:44', '2025-07-04 07:00:44'),
(169, 8, 1, 'Bike Sales', NULL, 100.00, 100.00, NULL, '2025-07-04', NULL, NULL, '2025-07-04 07:00:47', '2025-07-04 07:00:47'),
(170, 1, 1, 'Bike Sales Profit', NULL, 5900.00, -214020.00, NULL, '2025-07-04', NULL, NULL, '2025-07-04 07:00:47', '2025-07-04 07:00:47'),
(171, 1, 1, 'Bike Profit Payment', 6000.00, NULL, -220020.00, NULL, '2025-07-04', NULL, NULL, '2025-07-04 07:01:23', '2025-07-04 07:01:23'),
(172, 1, 1, 'Bike Purchase', 182000.00, NULL, -402020.00, 'Masum (Molom)', '2025-07-23', NULL, NULL, '2025-07-23 07:52:01', '2025-07-23 07:52:01'),
(173, 2, 1, 'Bike Purchase', 192500.00, NULL, -192500.00, NULL, '2025-07-23', NULL, NULL, '2025-07-23 07:52:28', '2025-07-23 07:52:28'),
(174, 9, 1, 'Bike Purchase', 210000.00, NULL, -210000.00, NULL, '2025-07-23', NULL, NULL, '2025-07-23 07:52:31', '2025-07-23 07:52:31'),
(175, 1, 1, 'Bike Purchase', 150000.00, NULL, -552020.00, NULL, '2025-07-23', NULL, NULL, '2025-07-23 07:52:37', '2025-07-23 07:52:37'),
(176, 3, 1, 'Bike Purchase', 128000.00, NULL, 212000.00, 'Re Purchase', '2025-07-23', NULL, NULL, '2025-07-23 07:52:41', '2025-07-23 07:52:41'),
(177, 9, 1, 'Bike Purchase', 196000.00, NULL, -406000.00, NULL, '2025-07-23', NULL, NULL, '2025-07-23 07:52:48', '2025-07-23 07:52:48'),
(178, 9, 1, 'Bike Purchase', 110000.00, NULL, -516000.00, NULL, '2025-07-23', NULL, NULL, '2025-07-23 07:52:53', '2025-07-23 07:52:53'),
(179, 9, 1, 'Bike Purchase', 182000.00, NULL, -698000.00, NULL, '2025-07-23', NULL, NULL, '2025-07-23 07:52:58', '2025-07-23 07:52:58'),
(180, 2, 1, 'Bike Purchase', 129000.00, NULL, -321500.00, NULL, '2025-07-22', NULL, NULL, '2025-07-23 07:53:03', '2025-07-23 07:53:03'),
(181, 2, 1, 'Bike Purchase', 385000.00, NULL, -706500.00, NULL, '2025-07-22', NULL, NULL, '2025-07-23 07:53:09', '2025-07-23 07:53:09'),
(184, 2, 1, 'Bike Purchase', 60000.00, NULL, -766500.00, 'Re Purchase 02', '2025-07-22', NULL, NULL, '2025-07-23 07:54:02', '2025-07-23 07:54:02'),
(185, 1, 1, 'Bike Purchase', 330000.00, NULL, -882020.00, NULL, '2025-07-22', NULL, NULL, '2025-07-23 07:54:12', '2025-07-23 07:54:12'),
(186, 1, 1, 'Bike Purchase', 250000.00, NULL, -1132020.00, NULL, '2025-07-22', NULL, NULL, '2025-07-23 07:54:22', '2025-07-23 07:54:22'),
(187, 3, 1, 'Bike Purchase', 355000.00, NULL, -143000.00, NULL, '2025-07-22', NULL, NULL, '2025-07-23 07:54:33', '2025-07-23 07:54:33'),
(188, 9, 1, 'Investment', NULL, 150000.00, -548000.00, NULL, '2025-07-23', NULL, NULL, '2025-07-23 08:11:29', '2025-07-23 08:11:29'),
(189, 9, 1, 'Investment', NULL, 445000.00, -103000.00, NULL, '2025-07-23', NULL, NULL, '2025-07-23 08:11:33', '2025-07-23 08:11:33'),
(190, 1, 1, 'Bike Service Expense', 200.00, NULL, -1132220.00, NULL, '2025-07-23', NULL, NULL, '2025-07-23 09:53:21', '2025-07-23 09:53:21'),
(191, 1, 1, 'Bike Service Expense', 6610.00, NULL, -1138830.00, NULL, '2025-07-23', NULL, NULL, '2025-07-23 09:53:24', '2025-07-23 09:53:24'),
(192, 1, 1, 'Bike Service Expense', 950.00, NULL, -1139780.00, NULL, '2025-07-23', NULL, NULL, '2025-07-23 09:53:27', '2025-07-23 09:53:27'),
(193, 1, 1, 'Bike Service Expense', 16710.00, NULL, -1156490.00, NULL, '2025-07-23', NULL, NULL, '2025-07-23 09:53:29', '2025-07-23 09:53:29'),
(194, 1, 1, 'Bike Service Expense', 1350.00, NULL, -1157840.00, NULL, '2025-07-23', NULL, NULL, '2025-07-23 09:53:32', '2025-07-23 09:53:32'),
(195, 1, 1, 'Bike Service Expense', 4280.00, NULL, -1162120.00, NULL, '2025-07-23', NULL, NULL, '2025-07-23 09:53:35', '2025-07-23 09:53:35'),
(196, 1, 1, 'Bike Service Expense', 31500.00, NULL, -1193620.00, NULL, '2025-07-23', NULL, NULL, '2025-07-23 10:07:52', '2025-07-23 10:07:52'),
(197, 1, 1, 'Bike Service Expense', 850.00, NULL, -1194470.00, NULL, '2025-07-23', NULL, NULL, '2025-07-23 10:07:54', '2025-07-23 10:07:54'),
(198, 1, 1, 'Bike Service Expense', 6100.00, NULL, -1200570.00, NULL, '2025-07-23', NULL, NULL, '2025-07-23 10:07:56', '2025-07-23 10:07:56'),
(199, 1, 1, 'Bike Service Expense', 2050.00, NULL, -1202620.00, NULL, '2025-07-23', NULL, NULL, '2025-07-23 10:07:57', '2025-07-23 10:07:57'),
(200, 1, 1, 'Bike Service Expense', 1550.00, NULL, -1204170.00, NULL, '2025-07-23', NULL, NULL, '2025-07-23 10:07:59', '2025-07-23 10:07:59'),
(201, 1, 1, 'Bike Service Expense', 700.00, NULL, -1204870.00, NULL, '2025-07-23', NULL, NULL, '2025-07-23 10:08:00', '2025-07-23 10:08:00'),
(202, 1, 1, 'Bike Service Expense', 1600.00, NULL, -1206470.00, NULL, '2025-07-23', NULL, NULL, '2025-07-23 10:08:02', '2025-07-23 10:08:02'),
(203, 1, 1, 'Bike Service Expense', 500.00, NULL, -1206970.00, NULL, '2025-07-23', NULL, NULL, '2025-07-23 10:08:03', '2025-07-23 10:08:03'),
(204, 1, 1, 'Bike Service Expense', 3000.00, NULL, -1209970.00, NULL, '2025-07-23', NULL, NULL, '2025-07-23 10:08:05', '2025-07-23 10:08:05'),
(205, 1, 1, 'Bike Service Expense', 300.00, NULL, -1210270.00, NULL, '2025-07-24', NULL, NULL, '2025-07-24 06:32:57', '2025-07-24 06:32:57'),
(206, 9, 1, 'Bike Sales', NULL, 210000.00, 107000.00, NULL, '2025-07-24', NULL, NULL, '2025-07-24 06:38:09', '2025-07-24 06:38:09'),
(207, 1, 1, 'Bike Sales Profit', NULL, 17000.00, -1193270.00, NULL, '2025-07-24', NULL, NULL, '2025-07-24 06:38:09', '2025-07-24 06:38:09'),
(208, 1, 1, 'Bike Profit Payment', 7900.00, NULL, -1201170.00, NULL, '2025-07-24', NULL, NULL, '2025-07-24 06:53:59', '2025-07-24 06:53:59'),
(209, 1, 1, 'Bike Service Expense', 3460.00, NULL, -1204630.00, NULL, '2025-07-24', NULL, NULL, '2025-07-24 07:31:46', '2025-07-24 07:31:46'),
(210, 1, 1, 'Bike Service Expense', 500.00, NULL, -1205130.00, NULL, '2025-07-24', NULL, NULL, '2025-07-24 07:32:25', '2025-07-24 07:32:25'),
(211, 1, 1, 'Bike Service Expense', 1800.00, NULL, -1206930.00, NULL, '2025-07-24', NULL, NULL, '2025-07-24 07:37:45', '2025-07-24 07:37:45'),
(212, 1, 1, 'Bike Service Expense', 300.00, NULL, -1207230.00, NULL, '2025-07-24', NULL, NULL, '2025-07-24 07:39:12', '2025-07-24 07:39:12'),
(213, 1, 1, 'Bike Service Expense', 200.00, NULL, -1207430.00, NULL, '2025-07-24', NULL, NULL, '2025-07-24 07:40:59', '2025-07-24 07:40:59'),
(214, 2, 1, 'Bike Sales', NULL, 50000.00, -716500.00, NULL, '2025-07-24', NULL, NULL, '2025-07-24 07:42:44', '2025-07-24 07:42:44'),
(215, 1, 1, 'Bike Sales Profit', NULL, 10240.00, -1197190.00, NULL, '2025-07-24', NULL, NULL, '2025-07-24 07:42:44', '2025-07-24 07:42:44'),
(216, 2, 1, 'Bike Sales', NULL, 300000.00, -416500.00, NULL, '2025-07-24', NULL, NULL, '2025-07-24 07:42:47', '2025-07-24 07:42:47'),
(217, 1, 1, 'Bike Sales Profit', NULL, 40000.00, -1157190.00, NULL, '2025-07-24', NULL, NULL, '2025-07-24 07:42:47', '2025-07-24 07:42:47'),
(218, 2, 1, 'Bike Sales', NULL, 125000.00, -291500.00, NULL, '2025-07-24', NULL, NULL, '2025-07-24 07:42:49', '2025-07-24 07:42:49'),
(219, 1, 1, 'Bike Sales Profit', NULL, 25500.00, -1131690.00, NULL, '2025-07-24', NULL, NULL, '2025-07-24 07:42:49', '2025-07-24 07:42:49'),
(220, 1, 1, 'Bike Sales', NULL, 169000.00, -962690.00, NULL, '2025-07-24', NULL, NULL, '2025-07-24 07:42:52', '2025-07-24 07:42:52'),
(221, 2, 1, 'Bike Sales', NULL, 81000.00, -210500.00, NULL, '2025-07-24', NULL, NULL, '2025-07-24 07:42:54', '2025-07-24 07:42:54'),
(222, 1, 1, 'Bike Sales Profit', NULL, 24000.00, -938690.00, NULL, '2025-07-24', NULL, NULL, '2025-07-24 07:42:54', '2025-07-24 07:42:54'),
(223, 7, 1, 'Bike Sales', NULL, 104000.00, 104000.00, NULL, '2025-07-24', NULL, NULL, '2025-07-24 07:42:57', '2025-07-24 07:42:57'),
(224, 1, 1, 'Bike Sales Profit', NULL, 1400.00, -937290.00, NULL, '2025-07-24', NULL, NULL, '2025-07-24 07:42:57', '2025-07-24 07:42:57'),
(225, 1, 1, 'Bike Service Expense', 200.00, NULL, -937490.00, NULL, '2025-07-24', NULL, NULL, '2025-07-24 07:53:00', '2025-07-24 07:53:00'),
(226, 1, 1, 'Bike Service Expense', 300.00, NULL, -937790.00, NULL, '2025-07-24', NULL, NULL, '2025-07-24 07:56:07', '2025-07-24 07:56:07'),
(227, 3, 1, 'Bike Sales', NULL, 128000.00, -15000.00, NULL, '2025-07-24', NULL, NULL, '2025-07-24 07:56:45', '2025-07-24 07:56:45'),
(228, 1, 1, 'Bike Sales Profit', NULL, 25000.00, -912790.00, NULL, '2025-07-24', NULL, NULL, '2025-07-24 07:56:45', '2025-07-24 07:56:45'),
(229, 2, 1, 'Bike Sales', NULL, 62000.00, -148500.00, NULL, '2025-07-24', NULL, NULL, '2025-07-24 07:56:52', '2025-07-24 07:56:52'),
(230, 1, 1, 'Bike Sales Profit', NULL, 8000.00, -904790.00, NULL, '2025-07-24', NULL, NULL, '2025-07-24 07:56:52', '2025-07-24 07:56:52'),
(231, 1, 1, 'Bike Service Expense', 400.00, NULL, -905190.00, NULL, '2025-07-24', NULL, NULL, '2025-07-26 07:37:00', '2025-07-26 07:37:00'),
(232, 1, 1, 'Bike Service Expense', 26640.00, NULL, -931830.00, NULL, '2025-07-26', NULL, NULL, '2025-07-26 07:42:45', '2025-07-26 07:42:45'),
(233, 1, 1, 'Bike Sales', NULL, 205000.00, -726830.00, NULL, '2025-07-26', NULL, NULL, '2025-07-26 07:42:59', '2025-07-26 07:42:59'),
(234, 2, 1, 'Bike Sales', NULL, 130000.00, -18500.00, NULL, '2025-07-26', NULL, NULL, '2025-07-26 07:43:02', '2025-07-26 07:43:02'),
(235, 1, 1, 'Bike Sales Profit', NULL, 25000.00, -701830.00, NULL, '2025-07-26', NULL, NULL, '2025-07-26 07:43:02', '2025-07-26 07:43:02'),
(236, 5, 1, 'Bike Sales', NULL, 107000.00, 107000.00, NULL, '2025-07-26', NULL, NULL, '2025-07-26 07:43:05', '2025-07-26 07:43:05'),
(237, 1, 1, 'Bike Sales Profit', NULL, 16000.00, -685830.00, NULL, '2025-07-26', NULL, NULL, '2025-07-26 07:43:05', '2025-07-26 07:43:05'),
(238, 1, 1, 'Bike Sales', NULL, 175000.00, -510830.00, NULL, '2025-07-26', NULL, NULL, '2025-07-26 07:43:10', '2025-07-26 07:43:10'),
(239, 1, 1, 'Bike Sales', NULL, 167000.00, -343830.00, NULL, '2025-07-24', NULL, NULL, '2025-07-26 07:43:13', '2025-07-26 07:43:13'),
(240, 1, 1, 'Bike Sales', NULL, 172000.00, -171830.00, NULL, '2025-07-26', NULL, NULL, '2025-07-26 07:46:13', '2025-07-26 07:46:13'),
(241, 8, 1, 'Bike Sales', NULL, 165000.00, 165100.00, NULL, '2025-07-26', NULL, NULL, '2025-07-26 08:00:15', '2025-07-26 08:00:15'),
(242, 1, 1, 'Bike Sales Profit', NULL, 8000.00, -163830.00, NULL, '2025-07-26', NULL, NULL, '2025-07-26 08:00:15', '2025-07-26 08:00:15'),
(243, 2, 1, 'Investment', NULL, 18500.00, 0.00, 'Adjustment', '2025-07-26', NULL, NULL, '2025-07-26 08:37:55', '2025-07-26 08:37:55'),
(244, 3, 1, 'Investment', NULL, 15000.00, 0.00, 'Adj-1', '2025-07-26', NULL, NULL, '2025-07-26 08:40:30', '2025-07-26 08:40:30'),
(245, 7, 1, 'Withdrawal', 104000.00, NULL, 0.00, 'Hunk', '2025-07-26', NULL, NULL, '2025-07-26 08:42:11', '2025-07-26 08:42:11'),
(246, 8, 1, 'Withdrawal', 165100.00, NULL, 0.00, NULL, '2025-07-26', NULL, NULL, '2025-07-26 08:43:19', '2025-07-26 08:43:19'),
(247, 1, 1, 'Expenses', 10000.00, NULL, -173830.00, 'Shishir-2', '2025-07-26', NULL, NULL, '2025-07-26 10:41:17', '2025-07-26 10:41:17'),
(248, 1, 1, 'Expenses', 20000.00, NULL, -193830.00, NULL, '2025-07-26', NULL, NULL, '2025-07-26 10:41:21', '2025-07-26 10:41:21'),
(249, 1, 1, 'Expenses', 40000.00, NULL, -233830.00, 'RS July-25', '2025-07-26', NULL, NULL, '2025-07-26 10:43:06', '2025-07-26 10:43:06'),
(250, 1, 1, 'Expenses', 40000.00, NULL, -273830.00, 'GG July-25', '2025-07-26', NULL, NULL, '2025-07-26 10:43:10', '2025-07-26 10:43:10'),
(251, 1, 1, 'Bike Purchase', 140000.00, NULL, -413830.00, NULL, '2025-07-29', NULL, NULL, '2025-07-29 07:19:05', '2025-07-29 07:19:05'),
(252, 1, 1, 'Bike Purchase', 240000.00, NULL, -653830.00, NULL, '2025-07-29', NULL, NULL, '2025-07-29 07:19:09', '2025-07-29 07:19:09'),
(253, 1, 1, 'Bike Service Expense', 1000.00, NULL, -654830.00, NULL, '2025-07-29', NULL, NULL, '2025-07-29 08:07:15', '2025-07-29 08:07:15'),
(254, 1, 1, 'Bike Service Expense', 1000.00, NULL, -655830.00, NULL, '2025-07-29', NULL, NULL, '2025-07-29 08:07:16', '2025-07-29 08:07:16'),
(255, 1, 1, 'Bike Service Expense', 1550.00, NULL, -657380.00, NULL, '2025-07-29', NULL, NULL, '2025-07-29 08:07:19', '2025-07-29 08:07:19'),
(256, 1, 1, 'Bike Service Expense', 3100.00, NULL, -660480.00, NULL, '2025-07-29', NULL, NULL, '2025-07-29 08:07:21', '2025-07-29 08:07:21'),
(257, 1, 1, 'Bike Service Expense', 1850.00, NULL, -662330.00, NULL, '2025-07-29', NULL, NULL, '2025-07-29 08:07:26', '2025-07-29 08:07:26'),
(258, 1, 1, 'Bike Service Expense', 4680.00, NULL, -667010.00, NULL, '2025-07-29', NULL, NULL, '2025-07-29 08:07:28', '2025-07-29 08:07:28'),
(259, 1, 1, 'Bike Service Expense', 17790.00, NULL, -684800.00, NULL, '2025-07-29', NULL, NULL, '2025-07-29 08:07:31', '2025-07-29 08:07:31'),
(260, 1, 1, 'Bike Service Expense', 500.00, NULL, -685300.00, NULL, '2025-07-29', NULL, NULL, '2025-07-29 08:07:34', '2025-07-29 08:07:34'),
(261, 1, 1, 'Bike Sales', NULL, 159000.00, -526300.00, NULL, '2025-07-29', NULL, NULL, '2025-07-29 08:12:45', '2025-07-29 08:12:45'),
(262, 1, 1, 'Bike Sales', NULL, 424000.00, -102300.00, NULL, '2025-07-29', NULL, NULL, '2025-07-29 08:12:48', '2025-07-29 08:12:48'),
(263, 9, 1, 'Withdrawal', 100000.00, NULL, 7000.00, NULL, '2025-07-30', NULL, NULL, '2025-07-30 06:47:36', '2025-07-30 06:47:36'),
(264, 9, 1, 'Investment', NULL, 296000.00, 303000.00, NULL, '2025-07-30', NULL, NULL, '2025-07-30 06:48:43', '2025-07-30 06:48:43'),
(265, 2, 1, 'Bike Sales', NULL, 129000.00, 129000.00, NULL, '2025-07-30', NULL, NULL, '2025-07-30 06:54:06', '2025-07-30 06:54:06'),
(266, 1, 1, 'Bike Sales Profit', NULL, 21000.00, -81300.00, NULL, '2025-07-30', NULL, NULL, '2025-07-30 06:54:06', '2025-07-30 06:54:06'),
(267, 9, 1, 'Bike Sales', NULL, 196000.00, 499000.00, NULL, '2025-07-30', NULL, NULL, '2025-07-30 06:54:09', '2025-07-30 06:54:09'),
(268, 1, 1, 'Bike Sales Profit', NULL, 21500.00, -59800.00, NULL, '2025-07-30', NULL, NULL, '2025-07-30 06:54:09', '2025-07-30 06:54:09'),
(269, 1, 1, 'Bike Profit Payment', 10000.00, NULL, -69800.00, NULL, '2025-07-30', NULL, NULL, '2025-07-30 07:28:20', '2025-07-30 07:28:20'),
(270, 1, 1, 'Bike Service Expense', 500.00, NULL, -70300.00, NULL, '2025-07-30', NULL, NULL, '2025-07-30 07:29:31', '2025-07-30 07:29:31'),
(271, 1, 1, 'Bike Service Expense', 500.00, NULL, -70800.00, NULL, '2025-07-30', NULL, NULL, '2025-07-30 07:29:37', '2025-07-30 07:29:37'),
(272, 1, 1, 'Bike Service Expense', 500.00, NULL, -71300.00, NULL, '2025-07-30', NULL, NULL, '2025-07-30 07:29:39', '2025-07-30 07:29:39'),
(273, 1, 1, 'Bike Service Expense', 500.00, NULL, -71800.00, NULL, '2025-07-30', NULL, NULL, '2025-07-30 07:29:40', '2025-07-30 07:29:40'),
(274, 1, 1, 'Bike Service Expense', 500.00, NULL, -72300.00, NULL, '2025-07-30', NULL, NULL, '2025-07-30 07:29:42', '2025-07-30 07:29:42'),
(275, 1, 1, 'Bike Service Expense', 500.00, NULL, -72800.00, NULL, '2025-07-30', NULL, NULL, '2025-07-30 07:29:43', '2025-07-30 07:29:43'),
(276, 1, 1, 'Bike Service Expense', 500.00, NULL, -73300.00, NULL, '2025-07-30', NULL, NULL, '2025-07-30 07:29:45', '2025-07-30 07:29:45'),
(277, 1, 1, 'Bike Service Expense', 500.00, NULL, -73800.00, NULL, '2025-07-30', NULL, NULL, '2025-07-30 07:29:47', '2025-07-30 07:29:47'),
(278, 1, 1, 'Bike Service Expense', 500.00, NULL, -74300.00, NULL, '2025-07-30', NULL, NULL, '2025-07-30 07:29:48', '2025-07-30 07:29:48'),
(279, 1, 1, 'Bike Service Expense', 500.00, NULL, -74800.00, NULL, '2025-07-30', NULL, NULL, '2025-07-30 07:29:49', '2025-07-30 07:29:49'),
(280, 1, 1, 'Bike Service Expense', 500.00, NULL, -75300.00, NULL, '2025-07-30', NULL, NULL, '2025-07-30 07:29:51', '2025-07-30 07:29:51'),
(281, 1, 1, 'Bike Service Expense', 500.00, NULL, -75800.00, NULL, '2025-07-30', NULL, NULL, '2025-07-30 07:29:52', '2025-07-30 07:29:52'),
(282, 1, 1, 'Bike Service Expense', 500.00, NULL, -76300.00, NULL, '2025-07-30', NULL, NULL, '2025-07-30 07:29:54', '2025-07-30 07:29:54'),
(283, 1, 1, 'Bike Service Expense', 500.00, NULL, -76800.00, NULL, '2025-07-30', NULL, NULL, '2025-07-30 07:29:56', '2025-07-30 07:29:56'),
(284, 1, 1, 'Bike Service Expense', 500.00, NULL, -77300.00, NULL, '2025-07-30', NULL, NULL, '2025-07-30 07:29:57', '2025-07-30 07:29:57'),
(285, 1, 1, 'Bike Service Expense', 500.00, NULL, -77800.00, NULL, '2025-07-30', NULL, NULL, '2025-07-30 07:29:59', '2025-07-30 07:29:59'),
(286, 1, 1, 'Bike Service Expense', 500.00, NULL, -78300.00, NULL, '2025-07-30', NULL, NULL, '2025-07-30 07:30:01', '2025-07-30 07:30:01'),
(287, 1, 1, 'Bike Service Expense', 500.00, NULL, -78800.00, NULL, '2025-07-30', NULL, NULL, '2025-07-30 07:30:02', '2025-07-30 07:30:02'),
(288, 1, 1, 'Expenses', 99950.00, NULL, -178750.00, NULL, '2025-07-30', NULL, NULL, '2025-07-30 07:30:25', '2025-07-30 07:30:25'),
(289, 1, 1, 'Expenses', 11800.00, NULL, -190550.00, NULL, '2025-07-30', NULL, NULL, '2025-07-30 07:30:28', '2025-07-30 07:30:28'),
(290, 1, 1, 'Expenses', 22000.00, NULL, -212550.00, '2 Month', '2025-07-30', NULL, NULL, '2025-07-30 07:30:30', '2025-07-30 07:30:30'),
(291, 1, 1, 'Expenses', 600.00, NULL, -213150.00, 'Ayon', '2025-07-30', NULL, NULL, '2025-07-30 07:30:31', '2025-07-30 07:30:31'),
(292, 1, 1, 'Expenses', 5000.00, NULL, -218150.00, NULL, '2025-07-30', NULL, NULL, '2025-07-30 07:30:33', '2025-07-30 07:30:33'),
(293, 1, 1, 'Expenses', 124000.00, NULL, -342150.00, NULL, '2025-07-30', NULL, NULL, '2025-07-30 07:38:39', '2025-07-30 07:38:39'),
(294, 1, 1, 'Expenses', 15000.00, NULL, -357150.00, NULL, '2025-07-30', NULL, NULL, '2025-07-30 07:38:42', '2025-07-30 07:38:42'),
(295, 1, 1, 'Bike Profit Payment', 8700.00, NULL, -365850.00, NULL, '2025-07-31', NULL, NULL, '2025-07-31 14:46:03', '2025-07-31 14:46:03'),
(296, 9, 1, 'Bike Purchase', 315000.00, NULL, 184000.00, NULL, '2025-08-09', NULL, NULL, '2025-08-09 15:14:37', '2025-08-09 15:14:37'),
(298, 9, 1, 'Bike Purchase', 170000.00, NULL, 14000.00, 'Riad Vai-comb', '2025-08-09', NULL, NULL, '2025-08-09 15:15:12', '2025-08-09 15:15:12'),
(299, 2, 1, 'Bike Purchase', 175500.00, NULL, -46500.00, NULL, '2025-08-10', NULL, NULL, '2025-08-10 08:48:20', '2025-08-10 08:48:20'),
(300, 1, 1, 'Bike Purchase', 500000.00, NULL, -865850.00, NULL, '2025-08-10', NULL, NULL, '2025-08-10 08:48:24', '2025-08-10 08:48:24'),
(301, 9, 1, 'Investment', NULL, 220000.00, 234000.00, NULL, '2025-08-14', NULL, NULL, '2025-08-14 08:14:50', '2025-08-14 08:14:50'),
(302, 9, 1, 'Bike Purchase', 320000.00, NULL, -86000.00, NULL, '2025-08-14', NULL, NULL, '2025-08-14 08:28:20', '2025-08-14 08:28:20'),
(303, 9, 1, 'Bike Sales', NULL, 110000.00, 24000.00, NULL, '2025-08-18', NULL, NULL, '2025-08-18 07:12:22', '2025-08-18 07:12:22'),
(304, 1, 1, 'Bike Sales Profit', NULL, 16000.00, -849850.00, NULL, '2025-08-18', NULL, NULL, '2025-08-18 07:12:22', '2025-08-18 07:12:22'),
(305, 1, 1, 'Bike Purchase', 319000.00, NULL, -1168850.00, NULL, '2025-08-19', NULL, NULL, '2025-08-19 08:44:16', '2025-08-19 08:44:16'),
(306, 2, 1, 'Bike Purchase', 365000.00, NULL, -411500.00, NULL, '2025-08-19', NULL, NULL, '2025-08-19 08:44:20', '2025-08-19 08:44:20'),
(307, 1, 1, 'Bike Purchase', 300000.00, NULL, -1468850.00, NULL, '2025-08-19', NULL, NULL, '2025-08-19 08:44:23', '2025-08-19 08:44:23'),
(308, 2, 1, 'Bike Purchase', 285000.00, NULL, -696500.00, NULL, '2025-08-19', NULL, NULL, '2025-08-19 08:44:27', '2025-08-19 08:44:27'),
(309, 1, 1, 'Bike Purchase', 390000.00, NULL, -1858850.00, NULL, '2025-08-19', NULL, NULL, '2025-08-19 08:44:32', '2025-08-19 08:44:32'),
(310, 1, 1, 'Bike Sales', NULL, 545000.00, -1313850.00, NULL, '2025-08-20', NULL, NULL, '2025-08-20 07:05:10', '2025-08-20 07:05:10'),
(311, 1, 1, 'Bike Sales', NULL, 350000.00, -963850.00, NULL, '2025-08-20', NULL, NULL, '2025-08-20 07:05:13', '2025-08-20 07:05:13'),
(312, 1, 1, 'Bike Sales', NULL, 390000.00, -573850.00, NULL, '2025-08-20', NULL, NULL, '2025-08-20 07:05:16', '2025-08-20 07:05:16'),
(313, 3, 1, 'Bike Sales', NULL, 275000.00, 275000.00, NULL, '2025-08-20', NULL, NULL, '2025-08-20 07:05:19', '2025-08-20 07:05:19'),
(314, 1, 1, 'Bike Sales Profit', NULL, 45000.00, -528850.00, NULL, '2025-08-20', NULL, NULL, '2025-08-20 07:05:19', '2025-08-20 07:05:19'),
(315, 1, 1, 'Bike Sales', NULL, 420000.00, -108850.00, NULL, '2025-08-20', NULL, NULL, '2025-08-20 07:05:22', '2025-08-20 07:05:22'),
(316, 1, 1, 'Bike Purchase', 345000.00, NULL, -453850.00, NULL, '2025-08-20', NULL, NULL, '2025-08-20 16:36:38', '2025-08-20 16:36:38'),
(317, 1, 1, 'Bike Service Expense', 250.00, NULL, -454100.00, NULL, '2025-09-08', NULL, NULL, '2025-09-08 08:26:51', '2025-09-08 08:26:51'),
(318, 1, 1, 'Bike Service Expense', 1000.00, NULL, -455100.00, NULL, '2025-09-07', NULL, NULL, '2025-09-08 08:26:55', '2025-09-08 08:26:55'),
(319, 1, 1, 'Bike Service Expense', 20600.00, NULL, -475700.00, NULL, '2025-09-07', NULL, NULL, '2025-09-08 08:26:58', '2025-09-08 08:26:58'),
(320, 1, 1, 'Bike Service Expense', 19700.00, NULL, -495400.00, NULL, '2025-09-07', NULL, NULL, '2025-09-08 08:27:01', '2025-09-08 08:27:01'),
(321, 1, 1, 'Bike Service Expense', 5830.00, NULL, -501230.00, NULL, '2025-09-07', NULL, NULL, '2025-09-08 08:27:04', '2025-09-08 08:27:04'),
(322, 1, 1, 'Bike Service Expense', 43470.00, NULL, -544700.00, NULL, '2025-09-07', NULL, NULL, '2025-09-08 08:27:07', '2025-09-08 08:27:07'),
(323, 1, 1, 'Bike Service Expense', 13700.00, NULL, -558400.00, NULL, '2025-09-07', NULL, NULL, '2025-09-08 08:27:10', '2025-09-08 08:27:10'),
(324, 1, 1, 'Bike Service Expense', 12620.00, NULL, -571020.00, NULL, '2025-09-07', NULL, NULL, '2025-09-08 08:27:12', '2025-09-08 08:27:12'),
(325, 1, 1, 'Bike Service Expense', 6250.00, NULL, -577270.00, NULL, '2025-08-19', NULL, NULL, '2025-09-08 08:27:15', '2025-09-08 08:27:15'),
(326, 1, 1, 'Bike Service Expense', 17350.00, NULL, -594620.00, NULL, '2025-08-19', NULL, NULL, '2025-09-08 08:27:18', '2025-09-08 08:27:18'),
(327, 1, 1, 'Bike Purchase', 152000.00, NULL, -746620.00, NULL, '2025-09-17', NULL, NULL, '2025-09-17 13:20:52', '2025-09-17 13:20:52'),
(328, 1, 1, 'Bike Purchase', 144000.00, NULL, -890620.00, NULL, '2025-09-17', NULL, NULL, '2025-09-17 13:20:56', '2025-09-17 13:20:56'),
(329, 1, 1, 'Bike Purchase', 105000.00, NULL, -995620.00, NULL, '2025-09-17', NULL, NULL, '2025-09-17 13:21:00', '2025-09-17 13:21:00'),
(330, 1, 1, 'Bike Purchase', 150000.00, NULL, -1145620.00, NULL, '2025-09-17', NULL, NULL, '2025-09-17 13:21:06', '2025-09-17 13:21:06'),
(331, 1, 1, 'Bike Purchase', 100.00, NULL, -1145720.00, 'Asif Vai R15M-01', '2025-09-17', NULL, NULL, '2025-09-17 13:21:11', '2025-09-17 13:21:11'),
(332, 1, 1, 'Bike Purchase', 100.00, NULL, -1145820.00, 'Rifat V4-01', '2025-09-17', NULL, NULL, '2025-09-17 13:21:17', '2025-09-17 13:21:17'),
(333, 1, 1, 'Bike Purchase', 110000.00, NULL, -1255820.00, NULL, '2025-09-07', NULL, NULL, '2025-09-17 13:21:22', '2025-09-17 13:21:22'),
(334, 1, 1, 'Bike Purchase', 190000.00, NULL, -1445820.00, 'Parvez -2', '2025-09-07', NULL, NULL, '2025-09-17 13:21:29', '2025-09-17 13:21:29'),
(335, 3, 1, 'Bike Sales', NULL, 175000.00, 450000.00, NULL, '2025-09-25', NULL, NULL, '2025-09-25 15:09:36', '2025-09-25 15:09:36'),
(336, 1, 1, 'Bike Sales Profit', NULL, 25000.00, -1420820.00, NULL, '2025-09-25', NULL, NULL, '2025-09-25 15:09:36', '2025-09-25 15:09:36'),
(337, 1, 1, 'Bike Purchase', 185000.00, NULL, -1605820.00, NULL, '2025-09-26', NULL, NULL, '2025-10-01 12:08:45', '2025-10-01 12:08:45'),
(338, 1, 1, 'Bike Purchase', 245000.00, NULL, -1850820.00, NULL, '2025-09-26', NULL, NULL, '2025-10-01 12:08:49', '2025-10-01 12:08:49'),
(339, 1, 1, 'Bike Purchase', 73000.00, NULL, -1923820.00, NULL, '2025-10-01', NULL, NULL, '2025-10-02 08:42:25', '2025-10-02 08:42:25'),
(340, 1, 1, 'Bike Purchase', 100.00, NULL, -1923920.00, 'Rifat Fi Disc-01', '2025-10-01', NULL, NULL, '2025-10-02 08:42:29', '2025-10-02 08:42:29'),
(341, 1, 1, 'Bike Purchase', 100.00, NULL, -1924020.00, 'Rifat V3-01', '2025-10-01', NULL, NULL, '2025-10-02 08:42:33', '2025-10-02 08:42:33'),
(342, 9, 1, 'Bike Purchase', 170000.00, NULL, -146000.00, NULL, '2025-10-01', NULL, NULL, '2025-10-02 08:42:37', '2025-10-02 08:42:37'),
(343, 1, 1, 'Bike Purchase', 100.00, NULL, -1924120.00, 'Guest-01 Rajib', '2025-10-01', NULL, NULL, '2025-10-02 08:42:43', '2025-10-02 08:42:43'),
(344, 2, 1, 'Bike Purchase', 138000.00, NULL, -834500.00, NULL, '2025-10-01', NULL, NULL, '2025-10-02 08:42:48', '2025-10-02 08:42:48'),
(345, 1, 1, 'Bike Purchase', 100.00, NULL, -1924220.00, 'Asif Vai Fi Disc-01', '2025-10-02', NULL, NULL, '2025-10-02 08:43:01', '2025-10-02 08:43:01'),
(346, 1, 1, 'Bike Purchase', 169000.00, NULL, -2093220.00, 'Shaon Vai-01', '2025-10-01', NULL, NULL, '2025-10-02 08:43:06', '2025-10-02 08:43:06'),
(347, 1, 1, 'Bike Purchase', 390000.00, NULL, -2483220.00, NULL, '2025-10-01', NULL, NULL, '2025-10-02 08:43:13', '2025-10-02 08:43:13'),
(348, 1, 1, 'Bike Purchase', 240000.00, NULL, -2723220.00, NULL, '2025-10-02', NULL, NULL, '2025-10-02 15:59:29', '2025-10-02 15:59:29'),
(349, 2, 1, 'Bike Purchase', 148000.00, NULL, -982500.00, NULL, '2025-10-02', NULL, NULL, '2025-10-02 16:04:15', '2025-10-02 16:04:15'),
(350, 1, 1, 'Bike Purchase', 155000.00, NULL, -2878220.00, NULL, '2025-10-02', NULL, NULL, '2025-10-02 16:04:20', '2025-10-02 16:04:20'),
(352, 1, 1, 'Bike Sales', NULL, 101.00, -2878119.00, NULL, '2025-10-02', NULL, NULL, '2025-10-03 07:51:40', '2025-10-03 07:51:40'),
(353, 9, 1, 'Bike Sales', NULL, 320000.00, 174000.00, NULL, '2025-10-02', NULL, NULL, '2025-10-03 07:51:44', '2025-10-03 07:51:44'),
(354, 1, 1, 'Bike Sales Profit', NULL, 30000.00, -2848119.00, NULL, '2025-10-02', NULL, NULL, '2025-10-03 07:51:44', '2025-10-03 07:51:44'),
(355, 2, 1, 'Bike Sales', NULL, 385000.00, -597500.00, NULL, '2025-10-02', NULL, NULL, '2025-10-03 07:51:47', '2025-10-03 07:51:47'),
(356, 1, 1, 'Bike Sales Profit', NULL, 35000.00, -2813119.00, NULL, '2025-10-02', NULL, NULL, '2025-10-03 07:51:47', '2025-10-03 07:51:47'),
(357, 1, 1, 'Bike Sales', NULL, 240000.00, -2573119.00, NULL, '2025-10-02', NULL, NULL, '2025-10-03 07:51:50', '2025-10-03 07:51:50'),
(358, 2, 1, 'Bike Sales', NULL, 285000.00, -312500.00, NULL, '2025-09-28', NULL, NULL, '2025-10-03 07:51:53', '2025-10-03 07:51:53'),
(359, 1, 1, 'Bike Sales Profit', NULL, 56500.00, -2516619.00, NULL, '2025-09-28', NULL, NULL, '2025-10-03 07:51:53', '2025-10-03 07:51:53'),
(360, 2, 1, 'Bike Sales', NULL, 60000.00, -252500.00, NULL, '2025-09-28', NULL, NULL, '2025-10-03 07:51:56', '2025-10-03 07:51:56'),
(361, 1, 1, 'Bike Sales Profit', NULL, 25000.00, -2491619.00, NULL, '2025-09-28', NULL, NULL, '2025-10-03 07:51:56', '2025-10-03 07:51:56'),
(362, 2, 1, 'Bike Sales', NULL, 365000.00, 112500.00, NULL, '2025-09-28', NULL, NULL, '2025-10-03 07:51:59', '2025-10-03 07:51:59'),
(363, 1, 1, 'Bike Sales Profit', NULL, 53000.00, -2438619.00, NULL, '2025-09-28', NULL, NULL, '2025-10-03 07:51:59', '2025-10-03 07:51:59'),
(364, 9, 1, 'Bike Sales', NULL, 315000.00, 489000.00, NULL, '2025-09-26', NULL, NULL, '2025-10-03 07:52:02', '2025-10-03 07:52:02'),
(365, 1, 1, 'Bike Sales Profit', NULL, 91000.00, -2347619.00, NULL, '2025-09-26', NULL, NULL, '2025-10-03 07:52:02', '2025-10-03 07:52:02'),
(366, 4, 1, 'Bike Sales', NULL, 200000.00, 200000.00, NULL, '2025-09-26', NULL, NULL, '2025-10-03 07:52:05', '2025-10-03 07:52:05'),
(367, 1, 1, 'Bike Sales Profit', NULL, 3000.00, -2344619.00, NULL, '2025-09-26', NULL, NULL, '2025-10-03 07:52:05', '2025-10-03 07:52:05'),
(368, 1, 1, 'Bike Sales', NULL, 174000.00, -2170619.00, NULL, '2025-09-26', NULL, NULL, '2025-10-03 07:52:07', '2025-10-03 07:52:07'),
(369, 1, 1, 'Bike Sales', NULL, 214000.00, -1956619.00, NULL, '2025-09-26', NULL, NULL, '2025-10-03 07:52:10', '2025-10-03 07:52:10'),
(370, 1, 1, 'Bike Sales', NULL, 347000.00, -1609619.00, NULL, '2025-09-26', NULL, NULL, '2025-10-03 07:52:13', '2025-10-03 07:52:13'),
(371, 2, 1, 'Bike Sales', NULL, 187000.00, 299500.00, NULL, '2025-09-26', NULL, NULL, '2025-10-03 07:52:16', '2025-10-03 07:52:16'),
(372, 1, 1, 'Bike Sales Profit', NULL, 18000.00, -1591619.00, NULL, '2025-09-26', NULL, NULL, '2025-10-03 07:52:16', '2025-10-03 07:52:16'),
(373, 1, 1, 'Bike Sales', NULL, 173000.00, -1418619.00, NULL, '2025-09-22', NULL, NULL, '2025-10-03 07:52:19', '2025-10-03 07:52:19'),
(374, 1, 1, 'Bike Sales', NULL, 155000.00, -1263619.00, NULL, '2025-09-20', NULL, NULL, '2025-10-03 07:52:21', '2025-10-03 07:52:21'),
(375, 2, 1, 'Bike Sales', NULL, 175500.00, 475000.00, NULL, '2025-09-17', NULL, NULL, '2025-10-03 07:52:24', '2025-10-03 07:52:24');
INSERT INTO `investor_ledgers` (`id`, `investor_id`, `account_id`, `particular`, `debit_amount`, `credit_amount`, `current_balance`, `reference_number`, `transaction_date`, `created_by_id`, `updated_by_id`, `created_at`, `updated_at`) VALUES
(376, 1, 1, 'Bike Sales Profit', NULL, 19500.00, -1244119.00, NULL, '2025-09-17', NULL, NULL, '2025-10-03 07:52:24', '2025-10-03 07:52:24'),
(377, 1, 1, 'Bike Sales', NULL, 124000.00, -1120119.00, NULL, '2025-09-16', NULL, NULL, '2025-10-03 07:52:27', '2025-10-03 07:52:27'),
(378, 2, 1, 'Bike Sales', NULL, 60000.00, 535000.00, NULL, '2025-09-05', NULL, NULL, '2025-10-03 07:52:29', '2025-10-03 07:52:29'),
(379, 1, 1, 'Bike Sales Profit', NULL, 23000.00, -1097119.00, NULL, '2025-09-05', NULL, NULL, '2025-10-03 07:52:29', '2025-10-03 07:52:29'),
(380, 1, 1, 'Bike Sales', NULL, 397000.00, -700119.00, NULL, '2025-09-03', NULL, NULL, '2025-10-03 07:52:32', '2025-10-03 07:52:32'),
(381, 1, 1, 'Bike Service Expense', 500.00, NULL, -700619.00, NULL, '2025-10-03', NULL, NULL, '2025-10-03 16:37:20', '2025-10-03 16:37:20'),
(382, 1, 1, 'Bike Service Expense', 1000.00, NULL, -701619.00, NULL, '2025-10-03', NULL, NULL, '2025-10-03 16:37:23', '2025-10-03 16:37:23'),
(383, 1, 1, 'Bike Service Expense', 700.00, NULL, -702319.00, NULL, '2025-10-03', NULL, NULL, '2025-10-03 16:37:26', '2025-10-03 16:37:26'),
(384, 1, 1, 'Bike Service Expense', 3700.00, NULL, -706019.00, NULL, '2025-10-03', NULL, NULL, '2025-10-03 16:37:29', '2025-10-03 16:37:29'),
(385, 1, 1, 'Bike Service Expense', 6000.00, NULL, -712019.00, NULL, '2025-10-02', NULL, NULL, '2025-10-03 16:37:32', '2025-10-03 16:37:32'),
(386, 1, 1, 'Bike Service Expense', 350.00, NULL, -712369.00, NULL, '2025-09-26', NULL, NULL, '2025-10-03 16:37:36', '2025-10-03 16:37:36'),
(387, 1, 1, 'Bike Service Expense', 1000.00, NULL, -713369.00, NULL, '2025-09-26', NULL, NULL, '2025-10-03 16:37:40', '2025-10-03 16:37:40'),
(388, 1, 1, 'Bike Purchase', 182000.00, NULL, -895369.00, NULL, '2025-10-03', NULL, NULL, '2025-10-04 05:55:43', '2025-10-04 05:55:43'),
(389, 1, 1, 'Bike Sales', NULL, 414000.00, -481369.00, NULL, '2025-10-03', NULL, NULL, '2025-10-04 07:55:52', '2025-10-04 07:55:52'),
(390, 2, 1, 'Bike Sales', NULL, 176000.00, 711000.00, NULL, '2025-10-03', NULL, NULL, '2025-10-04 07:55:55', '2025-10-04 07:55:55'),
(391, 1, 1, 'Bike Sales Profit', NULL, 7000.00, -474369.00, NULL, '2025-10-03', NULL, NULL, '2025-10-04 07:55:55', '2025-10-04 07:55:55'),
(392, 9, 1, 'Investment', NULL, 155000.00, 644000.00, NULL, '2025-10-04', NULL, NULL, '2025-10-04 08:11:54', '2025-10-04 08:11:54'),
(393, 9, 1, 'Withdrawal', 100000.00, NULL, 544000.00, NULL, '2025-10-04', NULL, NULL, '2025-10-04 08:11:58', '2025-10-04 08:11:58'),
(394, 9, 1, 'Investment', NULL, 50000.00, 594000.00, NULL, '2025-10-04', NULL, NULL, '2025-10-04 08:12:02', '2025-10-04 08:12:02'),
(395, 9, 1, 'Withdrawal', 25000.00, NULL, 569000.00, NULL, '2025-10-04', NULL, NULL, '2025-10-04 08:12:06', '2025-10-04 08:12:06'),
(396, 9, 1, 'Withdrawal', 119000.00, NULL, 450000.00, NULL, '2025-10-04', NULL, NULL, '2025-10-04 08:12:43', '2025-10-04 08:12:43'),
(397, 9, 1, 'Investment', NULL, 25000.00, 475000.00, NULL, '2025-10-04', NULL, NULL, '2025-10-04 08:22:11', '2025-10-04 08:22:11'),
(398, 1, 1, 'Expenses', 10000.00, NULL, -484369.00, NULL, '2025-10-01', NULL, NULL, '2025-10-05 07:36:41', '2025-10-05 07:36:41'),
(399, 1, 1, 'Expenses', 2000.00, NULL, -486369.00, NULL, '2025-10-03', NULL, NULL, '2025-10-05 07:36:44', '2025-10-05 07:36:44'),
(400, 1, 1, 'Expenses', 19000.00, NULL, -505369.00, NULL, '2025-10-04', NULL, NULL, '2025-10-05 07:36:48', '2025-10-05 07:36:48'),
(401, 1, 1, 'Expenses', 1000.00, NULL, -506369.00, NULL, '2025-10-05', NULL, NULL, '2025-10-05 07:36:51', '2025-10-05 07:36:51'),
(402, 1, 1, 'Bike Sales', NULL, 215000.00, -291369.00, NULL, '2025-10-05', NULL, NULL, '2025-10-06 15:17:57', '2025-10-06 15:17:57'),
(403, 1, 1, 'Bike Profit Payment', 207000.00, NULL, -498369.00, NULL, '2025-10-06', NULL, NULL, '2025-10-06 15:18:46', '2025-10-06 15:18:46'),
(404, 1, 1, 'Bike Purchase', 400000.00, NULL, -898369.00, 'Parvez R15 V4-01', '2025-09-07', NULL, NULL, '2025-10-07 15:50:46', '2025-10-07 15:50:46'),
(405, 2, 1, 'Bike Purchase', 115000.00, NULL, 596000.00, NULL, '2025-10-05', NULL, NULL, '2025-10-07 15:50:49', '2025-10-07 15:50:49'),
(406, 1, 1, 'Bike Service Expense', 10910.00, NULL, -909279.00, NULL, '2025-10-08', NULL, NULL, '2025-10-08 09:36:20', '2025-10-08 09:36:20'),
(407, 1, 1, 'Bike Service Expense', 2700.00, NULL, -911979.00, NULL, '2025-10-08', NULL, NULL, '2025-10-08 09:36:22', '2025-10-08 09:36:22'),
(408, 1, 1, 'Bike Service Expense', 1100.00, NULL, -913079.00, NULL, '2025-10-07', NULL, NULL, '2025-10-08 09:36:25', '2025-10-08 09:36:25'),
(409, 1, 1, 'Bike Service Expense', 1180.00, NULL, -914259.00, NULL, '2025-10-07', NULL, NULL, '2025-10-08 09:36:27', '2025-10-08 09:36:27'),
(410, 1, 1, 'Bike Service Expense', 500.00, NULL, -914759.00, NULL, '2025-10-07', NULL, NULL, '2025-10-08 09:36:29', '2025-10-08 09:36:29'),
(411, 1, 1, 'Bike Service Expense', 600.00, NULL, -915359.00, NULL, '2025-10-07', NULL, NULL, '2025-10-08 09:36:32', '2025-10-08 09:36:32'),
(412, 1, 1, 'Bike Service Expense', 1000.00, NULL, -916359.00, NULL, '2025-10-07', NULL, NULL, '2025-10-08 09:36:34', '2025-10-08 09:36:34'),
(413, 1, 1, 'Bike Service Expense', 300.00, NULL, -916659.00, NULL, '2025-10-07', NULL, NULL, '2025-10-08 09:36:37', '2025-10-08 09:36:37'),
(414, 1, 1, 'Bike Service Expense', 4450.00, NULL, -921109.00, NULL, '2025-10-07', NULL, NULL, '2025-10-08 09:36:39', '2025-10-08 09:36:39'),
(415, 1, 1, 'Bike Service Expense', 1200.00, NULL, -922309.00, NULL, '2025-10-05', NULL, NULL, '2025-10-08 09:36:42', '2025-10-08 09:36:42'),
(416, 1, 1, 'Bike Service Expense', 1200.00, NULL, -923509.00, NULL, '2025-10-05', NULL, NULL, '2025-10-08 09:36:44', '2025-10-08 09:36:44'),
(417, 1, 1, 'Bike Service Expense', 500.00, NULL, -924009.00, NULL, '2025-10-04', NULL, NULL, '2025-10-08 09:36:47', '2025-10-08 09:36:47'),
(418, 1, 1, 'Bike Service Expense', 500.00, NULL, -924509.00, NULL, '2025-10-04', NULL, NULL, '2025-10-08 09:36:50', '2025-10-08 09:36:50'),
(419, 1, 1, 'Bike Service Expense', 500.00, NULL, -925009.00, NULL, '2025-10-04', NULL, NULL, '2025-10-08 09:36:53', '2025-10-08 09:36:53'),
(420, 1, 1, 'Bike Service Expense', 4350.00, NULL, -929359.00, NULL, '2025-10-08', NULL, NULL, '2025-10-08 09:43:57', '2025-10-08 09:43:57'),
(421, 1, 1, 'Bike Service Expense', 12650.00, NULL, -942009.00, NULL, '2025-10-08', NULL, NULL, '2025-10-08 09:44:00', '2025-10-08 09:44:00'),
(422, 9, 1, 'Bike Sales', NULL, 170000.00, 645000.00, NULL, '2025-10-06', NULL, NULL, '2025-10-10 15:15:13', '2025-10-10 15:15:13'),
(423, 1, 1, 'Bike Sales Profit', NULL, 30000.00, -912009.00, NULL, '2025-10-06', NULL, NULL, '2025-10-10 15:15:13', '2025-10-10 15:15:13'),
(424, 2, 1, 'Bike Sales', NULL, 148000.00, 744000.00, NULL, '2025-10-07', NULL, NULL, '2025-10-10 15:15:27', '2025-10-10 15:15:27'),
(425, 1, 1, 'Bike Sales Profit', NULL, 12000.00, -900009.00, NULL, '2025-10-07', NULL, NULL, '2025-10-10 15:15:27', '2025-10-10 15:15:27'),
(426, 1, 1, 'Bike Sales', NULL, 187000.00, -713009.00, NULL, '2025-10-10', NULL, NULL, '2025-10-10 15:15:30', '2025-10-10 15:15:30'),
(427, 1, 1, 'Bike Purchase', 415000.00, NULL, -1128009.00, NULL, '2025-10-14', NULL, NULL, '2025-10-14 08:12:45', '2025-10-14 08:12:45'),
(428, 1, 1, 'Bike Purchase', 220000.00, NULL, -1348009.00, NULL, '2025-10-12', NULL, NULL, '2025-10-16 17:37:16', '2025-10-16 17:37:16'),
(429, 1, 1, 'Bike Purchase', 190000.00, NULL, -1538009.00, NULL, '2025-10-10', NULL, NULL, '2025-10-19 14:51:26', '2025-10-19 14:51:26'),
(430, 1, 1, 'Bike Purchase', 410000.00, NULL, -1948009.00, NULL, '2025-10-11', NULL, NULL, '2025-10-20 11:50:53', '2025-10-20 11:50:53'),
(431, 1, 1, 'Bike Purchase', 150000.00, NULL, -2098009.00, NULL, '2025-10-17', NULL, NULL, '2025-10-21 06:43:29', '2025-10-21 06:43:29'),
(432, 1, 1, 'Bike Purchase', 162000.00, NULL, -2260009.00, NULL, '2025-10-18', NULL, NULL, '2025-10-21 06:44:09', '2025-10-21 06:44:09'),
(433, 1, 1, 'Bike Purchase', 295000.00, NULL, -2555009.00, NULL, '2025-10-17', NULL, NULL, '2025-10-21 06:44:36', '2025-10-21 06:44:36'),
(434, 1, 1, 'Bike Purchase', 160000.00, NULL, -2715009.00, NULL, '2025-10-15', NULL, NULL, '2025-10-21 06:44:45', '2025-10-21 06:44:45'),
(435, 1, 1, 'Bike Purchase', 210000.00, NULL, -2925009.00, NULL, '2025-10-12', NULL, NULL, '2025-10-21 06:46:16', '2025-10-21 06:46:16'),
(436, 1, 1, 'Bike Purchase', 312000.00, NULL, -3237009.00, NULL, '2025-10-12', NULL, NULL, '2025-10-21 06:47:24', '2025-10-21 06:47:24'),
(437, 9, 1, 'Bike Purchase', 250000.00, NULL, 395000.00, NULL, '2025-10-11', NULL, NULL, '2025-10-21 06:48:53', '2025-10-21 06:48:53'),
(438, 1, 1, 'Bike Purchase', 160000.00, NULL, -3397009.00, NULL, '2025-10-10', NULL, NULL, '2025-10-21 07:12:44', '2025-10-21 07:12:44'),
(439, 1, 1, 'Bike Purchase', 200000.00, NULL, -3597009.00, NULL, '2025-10-12', NULL, NULL, '2025-10-21 07:13:14', '2025-10-21 07:13:14'),
(440, 9, 1, 'Bike Purchase', 185000.00, NULL, 210000.00, NULL, '2025-10-12', NULL, NULL, '2025-10-21 16:54:44', '2025-10-21 16:54:44'),
(441, 1, 1, 'Bike Purchase', 100.00, NULL, -3597109.00, NULL, '2025-10-17', NULL, NULL, '2025-10-21 16:56:09', '2025-10-21 16:56:09'),
(442, 1, 1, 'Bike Purchase', 136000.00, NULL, -3733109.00, NULL, '2025-10-21', NULL, NULL, '2025-10-21 16:56:32', '2025-10-21 16:56:32'),
(443, 1, 1, 'Bike Purchase', 195000.00, NULL, -3928109.00, NULL, '2025-10-11', NULL, NULL, '2025-10-21 16:57:03', '2025-10-21 16:57:03'),
(444, 1, 1, 'Bike Service Expense', 3150.00, NULL, -3931259.00, NULL, '2025-10-22', NULL, NULL, '2025-10-23 07:19:00', '2025-10-23 07:19:00'),
(445, 1, 1, 'Bike Service Expense', 100.00, NULL, -3931359.00, NULL, '2025-10-22', NULL, NULL, '2025-10-23 07:19:03', '2025-10-23 07:19:03'),
(446, 1, 1, 'Bike Service Expense', 1120.00, NULL, -3932479.00, NULL, '2025-10-22', NULL, NULL, '2025-10-23 07:19:06', '2025-10-23 07:19:06'),
(447, 1, 1, 'Bike Service Expense', 2300.00, NULL, -3934779.00, NULL, '2025-10-22', NULL, NULL, '2025-10-23 07:19:09', '2025-10-23 07:19:09'),
(448, 1, 1, 'Bike Service Expense', 1800.00, NULL, -3936579.00, NULL, '2025-10-11', NULL, NULL, '2025-10-23 07:19:12', '2025-10-23 07:19:12'),
(449, 1, 1, 'Bike Service Expense', 2400.00, NULL, -3938979.00, NULL, '2025-10-11', NULL, NULL, '2025-10-23 07:19:19', '2025-10-23 07:19:19'),
(450, 1, 1, 'Bike Service Expense', 1450.00, NULL, -3940429.00, NULL, '2025-10-11', NULL, NULL, '2025-10-23 07:19:22', '2025-10-23 07:19:22'),
(451, 1, 1, 'Bike Service Expense', 5950.00, NULL, -3946379.00, NULL, '2025-10-08', NULL, NULL, '2025-10-23 07:19:27', '2025-10-23 07:19:27'),
(452, 1, 1, 'Bike Service Expense', 900.00, NULL, -3947279.00, NULL, '2025-10-08', NULL, NULL, '2025-10-23 07:19:30', '2025-10-23 07:19:30'),
(453, 1, 1, 'Bike Service Expense', 2035.00, NULL, -3949314.00, NULL, '2025-10-08', NULL, NULL, '2025-10-23 07:19:33', '2025-10-23 07:19:33'),
(454, 1, 1, 'Bike Service Expense', 3100.00, NULL, -3952414.00, NULL, '2025-10-08', NULL, NULL, '2025-10-23 07:19:36', '2025-10-23 07:19:36'),
(455, 1, 1, 'Bike Service Expense', 500.00, NULL, -3952914.00, NULL, '2025-10-08', NULL, NULL, '2025-10-23 07:19:40', '2025-10-23 07:19:40'),
(456, 1, 1, 'Bike Service Expense', 500.00, NULL, -3953414.00, NULL, '2025-10-08', NULL, NULL, '2025-10-23 07:19:42', '2025-10-23 07:19:42'),
(457, 1, 1, 'Bike Service Expense', 4050.00, NULL, -3957464.00, NULL, '2025-10-08', NULL, NULL, '2025-10-23 07:19:46', '2025-10-23 07:19:46'),
(458, 1, 1, 'Bike Purchase', 150000.00, NULL, -4107464.00, NULL, '2025-10-22', NULL, NULL, '2025-10-23 07:44:28', '2025-10-23 07:44:28'),
(459, 9, 1, 'Bike Purchase', 142000.00, NULL, 68000.00, NULL, '2025-10-19', NULL, NULL, '2025-10-23 07:45:00', '2025-10-23 07:45:00'),
(460, 1, 1, 'Loan Taken', NULL, 38550.00, -4068914.00, 'Bill-366,365,364,346,344,345,363', '2025-10-23', NULL, NULL, '2025-10-23 14:54:50', '2025-10-23 14:54:50'),
(461, 1, 1, 'Bike Sales', NULL, 158000.00, -3910914.00, NULL, '2025-10-21', NULL, NULL, '2025-10-25 11:11:32', '2025-10-25 11:11:32'),
(462, 1, 1, 'Bike Sales', NULL, 440000.00, -3470914.00, NULL, '2025-10-20', NULL, NULL, '2025-10-25 11:11:52', '2025-10-25 11:11:52'),
(463, 1, 1, 'Bike Sales', NULL, 203000.00, -3267914.00, NULL, '2025-10-19', NULL, NULL, '2025-10-25 11:11:59', '2025-10-25 11:11:59'),
(464, 1, 1, 'Bike Sales', NULL, 169000.00, -3098914.00, NULL, '2025-10-17', NULL, NULL, '2025-10-25 11:12:06', '2025-10-25 11:12:06'),
(465, 1, 1, 'Bike Sales', NULL, 235000.00, -2863914.00, NULL, '2025-10-16', NULL, NULL, '2025-10-25 11:12:16', '2025-10-25 11:12:16'),
(466, 1, 1, 'Bike Sales', NULL, 415000.00, -2448914.00, NULL, '2025-10-14', NULL, NULL, '2025-10-25 11:12:24', '2025-10-25 11:12:24'),
(467, 1, 1, 'Bike Sales', NULL, 184500.00, -2264414.00, NULL, '2025-10-13', NULL, NULL, '2025-10-25 11:12:34', '2025-10-25 11:12:34'),
(468, 2, 1, 'Bike Sales', NULL, 115000.00, 859000.00, NULL, '2025-10-13', NULL, NULL, '2025-10-25 11:12:40', '2025-10-25 11:12:40'),
(469, 1, 1, 'Bike Sales Profit', NULL, 15000.00, -2249414.00, NULL, '2025-10-13', NULL, NULL, '2025-10-25 11:12:40', '2025-10-25 11:12:40'),
(470, 1, 1, 'Bike Service Expense', 4650.00, NULL, -2254064.00, NULL, '2025-10-23', NULL, NULL, '2025-10-25 11:12:47', '2025-10-25 11:12:47'),
(471, 1, 1, 'Bike Service Expense', 700.00, NULL, -2254764.00, NULL, '2025-10-23', NULL, NULL, '2025-10-25 11:12:50', '2025-10-25 11:12:50'),
(472, 1, 1, 'Bike Service Expense', 150.00, NULL, -2254914.00, NULL, '2025-10-23', NULL, NULL, '2025-10-25 11:12:52', '2025-10-25 11:12:52'),
(473, 1, 1, 'Bike Service Expense', 300.00, NULL, -2255214.00, NULL, '2025-10-23', NULL, NULL, '2025-10-25 11:12:55', '2025-10-25 11:12:55'),
(474, 1, 1, 'Bike Service Expense', 1450.00, NULL, -2256664.00, NULL, '2025-10-23', NULL, NULL, '2025-10-25 11:13:01', '2025-10-25 11:13:01'),
(475, 1, 1, 'Bike Service Expense', 950.00, NULL, -2257614.00, NULL, '2025-10-23', NULL, NULL, '2025-10-25 11:13:04', '2025-10-25 11:13:04'),
(476, 1, 1, 'Bike Service Expense', 7500.00, NULL, -2265114.00, NULL, '2025-10-23', NULL, NULL, '2025-10-25 11:13:07', '2025-10-25 11:13:07'),
(477, 1, 1, 'Bike Service Expense', 300.00, NULL, -2265414.00, NULL, '2025-10-23', NULL, NULL, '2025-10-25 11:13:09', '2025-10-25 11:13:09'),
(478, 1, 1, 'Bike Service Expense', 4000.00, NULL, -2269414.00, NULL, '2025-10-23', NULL, NULL, '2025-10-25 11:13:12', '2025-10-25 11:13:12'),
(479, 1, 1, 'Bike Service Expense', 4500.00, NULL, -2273914.00, NULL, '2025-10-23', NULL, NULL, '2025-10-25 11:13:16', '2025-10-25 11:13:16'),
(480, 1, 1, 'Bike Service Expense', 1900.00, NULL, -2275814.00, NULL, '2025-10-23', NULL, NULL, '2025-10-25 11:13:19', '2025-10-25 11:13:19'),
(481, 1, 1, 'Bike Service Expense', 450.00, NULL, -2276264.00, NULL, '2025-10-23', NULL, NULL, '2025-10-25 11:13:22', '2025-10-25 11:13:22'),
(482, 1, 1, 'Bike Service Expense', 1300.00, NULL, -2277564.00, NULL, '2025-10-23', NULL, NULL, '2025-10-25 11:13:25', '2025-10-25 11:13:25'),
(483, 1, 1, 'Bike Service Expense', 300.00, NULL, -2277864.00, NULL, '2025-10-23', NULL, NULL, '2025-10-25 11:13:29', '2025-10-25 11:13:29'),
(484, 1, 1, 'Bike Service Expense', 2650.00, NULL, -2280514.00, NULL, '2025-10-23', NULL, NULL, '2025-10-25 11:13:32', '2025-10-25 11:13:32'),
(485, 1, 1, 'Bike Service Expense', 4500.00, NULL, -2285014.00, NULL, '2025-10-23', NULL, NULL, '2025-10-25 11:13:34', '2025-10-25 11:13:34'),
(486, 1, 1, 'Bike Service Expense', 550.00, NULL, -2285564.00, NULL, '2025-10-23', NULL, NULL, '2025-10-25 11:13:37', '2025-10-25 11:13:37'),
(487, 1, 1, 'Bike Service Expense', 6200.00, NULL, -2291764.00, NULL, '2025-10-23', NULL, NULL, '2025-10-25 11:13:40', '2025-10-25 11:13:40'),
(488, 1, 1, 'Bike Service Expense', 400.00, NULL, -2292164.00, NULL, '2025-10-23', NULL, NULL, '2025-10-25 11:13:43', '2025-10-25 11:13:43'),
(489, 1, 1, 'Bike Service Expense', 5350.00, NULL, -2297514.00, NULL, '2025-10-23', NULL, NULL, '2025-10-25 11:13:46', '2025-10-25 11:13:46'),
(490, 1, 1, 'Bike Service Expense', 4000.00, NULL, -2301514.00, NULL, '2025-10-23', NULL, NULL, '2025-10-25 11:13:49', '2025-10-25 11:13:49'),
(491, 1, 1, 'Bike Service Expense', 11880.00, NULL, -2313394.00, NULL, '2025-10-23', NULL, NULL, '2025-10-25 11:13:51', '2025-10-25 11:13:51'),
(492, 1, 1, 'Bike Service Expense', 3800.00, NULL, -2317194.00, NULL, '2025-10-23', NULL, NULL, '2025-10-25 11:13:54', '2025-10-25 11:13:54'),
(493, 1, 1, 'Bike Service Expense', 1500.00, NULL, -2318694.00, NULL, '2025-10-23', NULL, NULL, '2025-10-25 11:13:56', '2025-10-25 11:13:56'),
(494, 1, 1, 'Bike Service Expense', 2000.00, NULL, -2320694.00, NULL, '2025-10-23', NULL, NULL, '2025-10-25 11:13:59', '2025-10-25 11:13:59'),
(495, 1, 1, 'Bike Service Expense', 2070.00, NULL, -2322764.00, NULL, '2025-10-23', NULL, NULL, '2025-10-25 11:14:02', '2025-10-25 11:14:02'),
(496, 1, 1, 'Bike Service Expense', 1000.00, NULL, -2323764.00, NULL, '2025-10-23', NULL, NULL, '2025-10-25 11:14:04', '2025-10-25 11:14:04'),
(497, 1, 1, 'Bike Service Expense', 2000.00, NULL, -2325764.00, NULL, '2025-10-23', NULL, NULL, '2025-10-25 11:14:08', '2025-10-25 11:14:08'),
(498, 1, 1, 'Bike Service Expense', 5800.00, NULL, -2331564.00, NULL, '2025-10-23', NULL, NULL, '2025-10-25 11:14:11', '2025-10-25 11:14:11'),
(499, 1, 1, 'Bike Service Expense', 3850.00, NULL, -2335414.00, NULL, '2025-10-23', NULL, NULL, '2025-10-25 11:14:14', '2025-10-25 11:14:14'),
(500, 1, 1, 'Bike Service Expense', 300.00, NULL, -2335714.00, NULL, '2025-10-23', NULL, NULL, '2025-10-25 11:14:16', '2025-10-25 11:14:16'),
(501, 1, 1, 'Bike Service Expense', 6800.00, NULL, -2342514.00, NULL, '2025-10-23', NULL, NULL, '2025-10-25 11:14:20', '2025-10-25 11:14:20'),
(502, 1, 1, 'Loan Taken', NULL, 400000.00, -1942514.00, 'Investment', '2025-10-26', NULL, NULL, '2025-10-26 06:54:25', '2025-10-26 06:54:25'),
(504, 1, 1, 'Loan Taken', NULL, 300000.00, -1642514.00, 'R15 V3', '2025-10-26', NULL, NULL, '2025-10-26 06:58:09', '2025-10-26 06:58:09'),
(505, 1, 1, 'Loan Taken', NULL, 800000.00, -842514.00, NULL, '2025-10-26', NULL, NULL, '2025-10-26 06:58:17', '2025-10-26 06:58:17'),
(506, 1, 1, 'Loan Taken', NULL, 300000.00, -542514.00, 'Investment FZ v4', '2025-10-26', NULL, NULL, '2025-10-26 06:58:25', '2025-10-26 06:58:25'),
(507, 1, 1, 'Loan Taken', NULL, 500000.00, -42514.00, 'R15 V3, Gixxer', '2025-10-26', NULL, NULL, '2025-10-26 06:59:52', '2025-10-26 06:59:52'),
(508, 1, 1, 'Loan Taken', NULL, 300000.00, 257486.00, NULL, '2025-10-26', NULL, NULL, '2025-10-26 07:01:35', '2025-10-26 07:01:35'),
(509, 1, 1, 'Loan Taken', NULL, 260000.00, 517486.00, NULL, '2025-10-26', NULL, NULL, '2025-10-26 07:01:41', '2025-10-26 07:01:41'),
(510, 1, 1, 'Loan Taken', NULL, 500000.00, 1017486.00, NULL, '2025-10-26', NULL, NULL, '2025-10-26 07:01:47', '2025-10-26 07:01:47'),
(511, 1, 1, 'Investment', NULL, 1000000.00, 2017486.00, 'BRAC Loan', '2025-10-26', NULL, NULL, '2025-10-26 10:00:18', '2025-10-26 10:00:18'),
(512, 1, 1, 'Investment', NULL, 1000000.00, 3017486.00, 'Ranjit Dada', '2025-10-26', NULL, NULL, '2025-10-26 10:00:24', '2025-10-26 10:00:24'),
(513, 1, 1, 'Investment', NULL, 1000000.00, 4017486.00, 'Credit Card', '2025-10-26', NULL, NULL, '2025-10-26 10:00:28', '2025-10-26 10:00:28'),
(514, 1, 1, 'Investment', NULL, 2500000.00, 6517486.00, 'Ripon Dada', '2025-10-26', NULL, NULL, '2025-10-26 10:00:31', '2025-10-26 10:00:31'),
(515, 1, 1, 'Loan Given', 1550000.00, NULL, 4967486.00, 'prev. Loan-03', '2025-10-26', NULL, NULL, '2025-10-26 10:05:45', '2025-10-26 10:05:45'),
(516, 1, 1, 'Loan Given', 3250000.00, NULL, 1717486.00, 'prev. Loan-02', '2025-10-26', NULL, NULL, '2025-10-26 10:05:49', '2025-10-26 10:05:49'),
(517, 1, 1, 'Loan Given', 1900000.00, NULL, -182514.00, 'prev. Loan-01', '2025-10-26', NULL, NULL, '2025-10-26 10:05:52', '2025-10-26 10:05:52'),
(518, 3, 1, 'Withdrawal', 9000.00, NULL, 441000.00, NULL, '2025-10-26', NULL, NULL, '2025-10-26 13:55:19', '2025-10-26 13:55:19'),
(519, 7, 1, 'Investment', NULL, 911000.00, 911000.00, NULL, '2025-10-26', NULL, NULL, '2025-10-26 14:58:39', '2025-10-26 14:58:39'),
(520, 1, 1, 'Bike Purchase', 70000.00, NULL, -252514.00, NULL, '2025-10-23', NULL, NULL, '2025-10-27 14:29:28', '2025-10-27 14:29:28'),
(521, 1, 1, 'Bike Purchase', 100.00, NULL, -252614.00, NULL, '2025-10-25', NULL, NULL, '2025-10-27 14:30:25', '2025-10-27 14:30:25'),
(522, 1, 1, 'Bike Sales', NULL, 155000.00, -97614.00, NULL, '2025-10-25', NULL, NULL, '2025-10-27 14:42:34', '2025-10-27 14:42:34'),
(523, 1, 1, 'Bike Purchase', 115000.00, NULL, -212614.00, NULL, '2025-10-29', NULL, NULL, '2025-10-29 08:41:08', '2025-10-29 08:41:08'),
(524, 1, 1, 'Bike Purchase', 250000.00, NULL, -462614.00, NULL, '2025-10-29', NULL, NULL, '2025-10-29 11:30:03', '2025-10-29 11:30:03'),
(525, 1, 1, 'Bike Purchase', 100.00, NULL, -462714.00, NULL, '2025-10-30', NULL, NULL, '2025-10-30 14:59:58', '2025-10-30 14:59:58'),
(526, 1, 1, 'Bike Purchase', 100.00, NULL, -462814.00, NULL, '2025-10-30', NULL, NULL, '2025-10-30 15:00:31', '2025-10-30 15:00:31'),
(527, 1, 1, 'Bike Purchase', 125000.00, NULL, -587814.00, NULL, '2025-10-23', NULL, NULL, '2025-10-30 15:02:04', '2025-10-30 15:02:04'),
(528, 1, 1, 'Bike Purchase', 147000.00, NULL, -734814.00, NULL, '2025-10-27', NULL, NULL, '2025-10-30 15:02:10', '2025-10-30 15:02:10'),
(529, 1, 1, 'Bike Purchase', 100.00, NULL, -734914.00, NULL, '2025-10-24', NULL, NULL, '2025-10-30 15:02:22', '2025-10-30 15:02:22'),
(530, 1, 1, 'Bike Purchase', 190000.00, NULL, -924914.00, NULL, '2025-10-24', NULL, NULL, '2025-10-30 15:02:56', '2025-10-30 15:02:56'),
(531, 1, 1, 'Bike Purchase', 190000.00, NULL, -1114914.00, NULL, '2025-10-28', NULL, NULL, '2025-10-30 15:03:08', '2025-10-30 15:03:08'),
(532, 1, 1, 'Bike Purchase', 183000.00, NULL, -1297914.00, NULL, '2025-10-20', NULL, NULL, '2025-10-30 15:04:04', '2025-10-30 15:04:04'),
(533, 1, 1, 'Bike Service Expense', 1850.00, NULL, -1299764.00, NULL, '2025-10-30', NULL, NULL, '2025-10-30 16:12:49', '2025-10-30 16:12:49'),
(534, 1, 1, 'Bike Service Expense', 2880.00, NULL, -1302644.00, NULL, '2025-10-30', NULL, NULL, '2025-10-30 16:12:52', '2025-10-30 16:12:52'),
(535, 1, 1, 'Bike Service Expense', 10710.00, NULL, -1313354.00, NULL, '2025-10-30', NULL, NULL, '2025-10-30 16:12:58', '2025-10-30 16:12:58'),
(536, 1, 1, 'Bike Service Expense', 600.00, NULL, -1313954.00, NULL, '2025-10-30', NULL, NULL, '2025-10-30 16:13:03', '2025-10-30 16:13:03'),
(537, 1, 1, 'Bike Service Expense', 1000.00, NULL, -1314954.00, NULL, '2025-10-31', NULL, NULL, '2025-10-31 11:21:30', '2025-10-31 11:21:30'),
(538, 1, 1, 'Bike Sales', NULL, 345000.00, -969954.00, NULL, '2025-11-02', NULL, NULL, '2025-11-03 07:36:48', '2025-11-03 07:36:48'),
(539, 1, 1, 'Bike Sales', NULL, 260000.00, -709954.00, NULL, '2025-11-02', NULL, NULL, '2025-11-03 07:37:02', '2025-11-03 07:37:02'),
(540, 1, 1, 'Bike Sales', NULL, 153000.00, -556954.00, NULL, '2025-10-31', NULL, NULL, '2025-11-03 07:37:09', '2025-11-03 07:37:09'),
(541, 1, 1, 'Bike Sales', NULL, 205000.00, -351954.00, NULL, '2025-10-31', NULL, NULL, '2025-11-03 07:37:20', '2025-11-03 07:37:20'),
(542, 1, 1, 'Bike Sales', NULL, 115000.00, -236954.00, NULL, '2025-10-29', NULL, NULL, '2025-11-03 07:37:44', '2025-11-03 07:37:44'),
(543, 1, 1, 'Bike Sales', NULL, 175000.00, -61954.00, NULL, '2025-10-29', NULL, NULL, '2025-11-03 07:38:01', '2025-11-03 07:38:01'),
(544, 1, 1, 'Bike Sales', NULL, 210000.00, 148046.00, NULL, '2025-10-27', NULL, NULL, '2025-11-03 07:38:10', '2025-11-03 07:38:10'),
(545, 1, 1, 'Bike Sales', NULL, 240000.00, 388046.00, NULL, '2025-10-27', NULL, NULL, '2025-11-03 07:39:21', '2025-11-03 07:39:21'),
(546, 4, 1, 'Bike Sales', NULL, 205000.00, 405000.00, NULL, '2025-10-27', NULL, NULL, '2025-11-03 07:39:48', '2025-11-03 07:39:48'),
(547, 1, 1, 'Bike Sales Profit', NULL, 1000.00, 389046.00, NULL, '2025-10-27', NULL, NULL, '2025-11-03 07:39:48', '2025-11-03 07:39:48'),
(548, 1, 1, 'Bike Sales', NULL, 220000.00, 609046.00, NULL, '2025-10-27', NULL, NULL, '2025-11-03 07:40:14', '2025-11-03 07:40:14'),
(549, 9, 1, 'Bike Sales', NULL, 142000.00, 210000.00, NULL, '2025-10-27', NULL, NULL, '2025-11-03 07:41:02', '2025-11-03 07:41:02'),
(550, 1, 1, 'Bike Sales Profit', NULL, 26000.00, 635046.00, NULL, '2025-10-27', NULL, NULL, '2025-11-03 07:41:02', '2025-11-03 07:41:02'),
(551, 1, 1, 'Bike Purchase', 220000.00, NULL, 415046.00, NULL, '2025-10-31', NULL, NULL, '2025-11-03 07:41:38', '2025-11-03 07:41:38'),
(552, 1, 1, 'Loan Given', 150000.00, NULL, 265046.00, 'Service Center', '2025-11-03', NULL, NULL, '2025-11-03 07:47:09', '2025-11-03 07:47:09'),
(554, 1, 1, 'Loan Given', 1000000.00, NULL, -734954.00, 'Re-Start BD', '2025-11-03', NULL, NULL, '2025-11-03 07:48:21', '2025-11-03 07:48:21'),
(555, 1, 1, 'Loan Given', 700000.00, NULL, -1434954.00, 'Ghorgari -adv', '2025-11-03', NULL, NULL, '2025-11-03 07:49:29', '2025-11-03 07:49:29'),
(556, 1, 1, 'Bike Purchase', 256000.00, NULL, -1690954.00, NULL, '2025-11-04', NULL, NULL, '2025-11-04 09:45:59', '2025-11-04 09:45:59'),
(557, 1, 1, 'Bike Purchase', 180000.00, NULL, -1870954.00, NULL, '2025-11-03', NULL, NULL, '2025-11-04 16:57:33', '2025-11-04 16:57:33'),
(558, 1, 1, 'Bike Sales', NULL, 256000.00, -1614954.00, NULL, '2025-11-04', NULL, NULL, '2025-11-04 16:57:50', '2025-11-04 16:57:50'),
(559, 1, 1, 'Bike Purchase', 100.00, NULL, -1615054.00, NULL, '2025-10-10', NULL, NULL, '2025-11-07 12:05:43', '2025-11-07 12:05:43'),
(560, 1, 1, 'Bike Purchase', 100.00, NULL, -1615154.00, NULL, '2025-10-10', NULL, NULL, '2025-11-07 12:05:48', '2025-11-07 12:05:48'),
(561, 1, 1, 'Bike Purchase', 210000.00, NULL, -1825154.00, NULL, '2025-11-06', NULL, NULL, '2025-11-07 12:07:43', '2025-11-07 12:07:43'),
(562, 1, 1, 'Bike Purchase', 100.00, NULL, -1825254.00, NULL, '2025-11-04', NULL, NULL, '2025-11-07 12:08:30', '2025-11-07 12:08:30'),
(563, 1, 1, 'Bike Purchase', 100.00, NULL, -1825354.00, NULL, '2025-10-15', NULL, NULL, '2025-11-07 12:12:57', '2025-11-07 12:12:57'),
(564, 1, 1, 'Bike Purchase', 100.00, NULL, -1825454.00, NULL, '2025-11-04', NULL, NULL, '2025-11-07 12:14:25', '2025-11-07 12:14:25'),
(565, 1, 1, 'Paid To Party', 90000.00, NULL, -1915454.00, NULL, '2025-11-07', NULL, NULL, '2025-11-07 16:49:46', '2025-11-07 16:49:46'),
(566, 1, 1, 'Bike Service Expense', 300.00, NULL, -1915754.00, NULL, '2025-11-08', NULL, NULL, '2025-11-08 16:32:41', '2025-11-08 16:32:41'),
(567, 1, 1, 'Bike Purchase', 225000.00, NULL, -2140754.00, NULL, '2025-11-07', NULL, NULL, '2025-11-11 07:35:30', '2025-11-11 07:35:30'),
(568, 1, 1, 'Bike Purchase', 175000.00, NULL, -2315754.00, NULL, '2025-11-09', NULL, NULL, '2025-11-11 07:35:38', '2025-11-11 07:35:38'),
(569, 1, 1, 'Bike Purchase', 240000.00, NULL, -2555754.00, NULL, '2025-11-09', NULL, NULL, '2025-11-12 11:34:03', '2025-11-12 11:34:03'),
(570, 1, 1, 'Expenses', 3200.00, NULL, -2558954.00, NULL, '2025-10-23', NULL, NULL, '2025-11-12 11:57:08', '2025-11-12 11:57:08'),
(571, 1, 1, 'Expenses', 500.00, NULL, -2559454.00, NULL, '2025-10-07', NULL, NULL, '2025-11-12 11:57:12', '2025-11-12 11:57:12'),
(572, 1, 1, 'Expenses', 1500.00, NULL, -2560954.00, NULL, '2025-10-07', NULL, NULL, '2025-11-12 11:57:15', '2025-11-12 11:57:15'),
(573, 1, 1, 'Expenses', 7400.00, NULL, -2568354.00, NULL, '2025-10-07', NULL, NULL, '2025-11-12 11:57:18', '2025-11-12 11:57:18'),
(574, 1, 1, 'Expenses', 20000.00, NULL, -2588354.00, NULL, '2025-10-07', NULL, NULL, '2025-11-12 11:57:21', '2025-11-12 11:57:21'),
(575, 1, 1, 'Expenses', 2000.00, NULL, -2590354.00, NULL, '2025-10-05', NULL, NULL, '2025-11-12 11:57:24', '2025-11-12 11:57:24'),
(576, 1, 1, 'Expenses', 25000.00, NULL, -2615354.00, NULL, '2025-10-05', NULL, NULL, '2025-11-12 11:57:27', '2025-11-12 11:57:27'),
(577, 1, 1, 'Expenses', 1000.00, NULL, -2616354.00, NULL, '2025-10-05', NULL, NULL, '2025-11-12 11:57:31', '2025-11-12 11:57:31'),
(578, 1, 1, 'Loan Taken', NULL, 36750.00, -2579604.00, 'Prev. Biill NB107', '2025-11-12', NULL, NULL, '2025-11-12 12:15:56', '2025-11-12 12:15:56'),
(579, 1, 1, 'Paid To Party', 38550.00, NULL, -2618154.00, NULL, '2025-11-12', NULL, NULL, '2025-11-12 12:18:35', '2025-11-12 12:18:35'),
(580, 1, 1, 'Paid To Party', 1450.00, NULL, -2619604.00, NULL, '2025-11-12', NULL, NULL, '2025-11-12 12:24:32', '2025-11-12 12:24:32'),
(581, 1, 1, 'Expenses', 103150.00, NULL, -2722754.00, NULL, '2025-11-12', NULL, NULL, '2025-11-12 12:25:10', '2025-11-12 12:25:10'),
(582, 1, 1, 'Expenses', 1500.00, NULL, -2724254.00, NULL, '2025-11-12', NULL, NULL, '2025-11-12 12:25:13', '2025-11-12 12:25:13'),
(583, 1, 1, 'Bike Service Expense', 1430.00, NULL, -2725684.00, NULL, '2025-11-12', NULL, NULL, '2025-11-12 12:25:26', '2025-11-12 12:25:26'),
(584, 1, 1, 'Bike Service Expense', 3870.00, NULL, -2729554.00, NULL, '2025-11-12', NULL, NULL, '2025-11-12 12:25:29', '2025-11-12 12:25:29'),
(585, 1, 1, 'Bike Service Expense', 1000.00, NULL, -2730554.00, NULL, '2025-11-12', NULL, NULL, '2025-11-12 12:25:31', '2025-11-12 12:25:31'),
(586, 1, 1, 'Bike Service Expense', 450.00, NULL, -2731004.00, NULL, '2025-11-12', NULL, NULL, '2025-11-12 12:25:33', '2025-11-12 12:25:33'),
(587, 1, 1, 'Bike Service Expense', 4420.00, NULL, -2735424.00, NULL, '2025-11-12', NULL, NULL, '2025-11-12 12:25:37', '2025-11-12 12:25:37'),
(588, 1, 1, 'Bike Service Expense', 1000.00, NULL, -2736424.00, NULL, '2025-11-12', NULL, NULL, '2025-11-12 12:25:40', '2025-11-12 12:25:40'),
(589, 1, 1, 'Bike Service Expense', 150.00, NULL, -2736574.00, NULL, '2025-11-12', NULL, NULL, '2025-11-12 12:25:43', '2025-11-12 12:25:43'),
(590, 1, 1, 'Bike Service Expense', 4200.00, NULL, -2740774.00, NULL, '2025-11-12', NULL, NULL, '2025-11-12 12:25:45', '2025-11-12 12:25:45'),
(591, 1, 1, 'Bike Service Expense', 100.00, NULL, -2740874.00, NULL, '2025-11-12', NULL, NULL, '2025-11-12 12:25:47', '2025-11-12 12:25:47'),
(592, 1, 1, 'Bike Service Expense', 1700.00, NULL, -2742574.00, NULL, '2025-11-12', NULL, NULL, '2025-11-12 12:25:49', '2025-11-12 12:25:49'),
(593, 1, 1, 'Bike Service Expense', 200.00, NULL, -2742774.00, NULL, '2025-11-12', NULL, NULL, '2025-11-12 12:25:52', '2025-11-12 12:25:52'),
(594, 1, 1, 'Bike Service Expense', 200.00, NULL, -2742974.00, NULL, '2025-11-12', NULL, NULL, '2025-11-12 12:25:54', '2025-11-12 12:25:54'),
(595, 1, 1, 'Bike Service Expense', 700.00, NULL, -2743674.00, NULL, '2025-11-11', NULL, NULL, '2025-11-12 12:25:56', '2025-11-12 12:25:56'),
(596, 1, 1, 'Bike Service Expense', 3300.00, NULL, -2746974.00, NULL, '2025-11-11', NULL, NULL, '2025-11-12 12:25:58', '2025-11-12 12:25:58'),
(597, 1, 1, 'Bike Service Expense', 100.00, NULL, -2747074.00, NULL, '2025-11-11', NULL, NULL, '2025-11-12 12:26:00', '2025-11-12 12:26:00'),
(598, 1, 1, 'Bike Service Expense', 600.00, NULL, -2747674.00, NULL, '2025-11-11', NULL, NULL, '2025-11-12 12:26:07', '2025-11-12 12:26:07'),
(599, 1, 3, 'Bike Service Expense', 100.00, NULL, -2747774.00, NULL, '2025-11-11', NULL, NULL, '2025-11-12 12:26:09', '2025-11-12 12:26:09'),
(600, 1, 1, 'Bike Service Expense', 2800.00, NULL, -2750574.00, NULL, '2025-11-11', NULL, NULL, '2025-11-12 12:26:12', '2025-11-12 12:26:12'),
(601, 1, 1, 'Bike Service Expense', 1250.00, NULL, -2751824.00, NULL, '2025-11-11', NULL, NULL, '2025-11-12 12:26:15', '2025-11-12 12:26:15'),
(602, 1, 1, 'Bike Service Expense', 3050.00, NULL, -2754874.00, NULL, '2025-11-11', NULL, NULL, '2025-11-12 12:26:16', '2025-11-12 12:26:16'),
(603, 1, 1, 'Bike Service Expense', 100.00, NULL, -2754974.00, NULL, '2025-11-11', NULL, NULL, '2025-11-12 12:26:19', '2025-11-12 12:26:19'),
(604, 1, 1, 'Bike Service Expense', 100.00, NULL, -2755074.00, NULL, '2025-11-11', NULL, NULL, '2025-11-12 12:26:21', '2025-11-12 12:26:21'),
(605, 1, 1, 'Bike Purchase', 280000.00, NULL, -3035074.00, NULL, '2025-11-18', NULL, NULL, '2025-11-18 17:07:56', '2025-11-18 17:07:56'),
(606, 1, 1, 'Bike Purchase', 180000.00, NULL, -3215074.00, NULL, '2025-11-17', NULL, NULL, '2025-11-19 09:43:40', '2025-11-19 09:43:40'),
(607, 1, 1, 'Bike Purchase', 100.00, NULL, -3215174.00, NULL, '2025-11-15', NULL, NULL, '2025-11-19 09:43:50', '2025-11-19 09:43:50'),
(608, 1, 1, 'Bike Purchase', 335000.00, NULL, -3550174.00, NULL, '2025-11-13', NULL, NULL, '2025-11-19 09:44:01', '2025-11-19 09:44:01'),
(609, 1, 1, 'Bike Purchase', 130000.00, NULL, -3680174.00, NULL, '2025-11-12', NULL, NULL, '2025-11-19 09:44:13', '2025-11-19 09:44:13'),
(610, 1, 1, 'Bike Purchase', 157000.00, NULL, -3837174.00, NULL, '2025-11-21', NULL, NULL, '2025-11-23 15:59:49', '2025-11-23 15:59:49'),
(611, 1, 1, 'Bike Purchase', 2450000.00, NULL, -6287174.00, NULL, '2025-11-21', NULL, NULL, '2025-11-23 16:00:41', '2025-11-23 16:00:41'),
(612, 1, 1, 'Bike Service Expense', 900.00, NULL, -6288074.00, NULL, '2025-11-23', NULL, NULL, '2025-11-23 16:11:13', '2025-11-23 16:11:13'),
(613, 1, 1, 'Bike Service Expense', 500.00, NULL, -6288574.00, NULL, '2025-11-23', NULL, NULL, '2025-11-23 16:11:17', '2025-11-23 16:11:17'),
(614, 1, 1, 'Bike Service Expense', 300.00, NULL, -6288874.00, NULL, '2025-11-19', NULL, NULL, '2025-11-23 16:11:20', '2025-11-23 16:11:20'),
(615, 1, 1, 'Bike Service Expense', 300.00, NULL, -6289174.00, NULL, '2025-11-19', NULL, NULL, '2025-11-23 16:11:22', '2025-11-23 16:11:22'),
(616, 1, 1, 'Bike Service Expense', 1200.00, NULL, -6290374.00, NULL, '2025-11-19', NULL, NULL, '2025-11-23 16:11:25', '2025-11-23 16:11:25'),
(617, 1, 1, 'Bike Service Expense', 300.00, NULL, -6290674.00, NULL, '2025-11-19', NULL, NULL, '2025-11-23 16:11:27', '2025-11-23 16:11:27'),
(618, 1, 1, 'Bike Service Expense', 2900.00, NULL, -6293574.00, NULL, '2025-11-19', NULL, NULL, '2025-11-23 16:11:30', '2025-11-23 16:11:30'),
(619, 1, 1, 'Bike Service Expense', 3500.00, NULL, -6297074.00, NULL, '2025-11-19', NULL, NULL, '2025-11-23 16:11:33', '2025-11-23 16:11:33'),
(620, 1, 1, 'Bike Service Expense', 3000.00, NULL, -6300074.00, NULL, '2025-11-19', NULL, NULL, '2025-11-23 16:11:35', '2025-11-23 16:11:35'),
(621, 1, 1, 'Bike Service Expense', 3000.00, NULL, -6303074.00, NULL, '2025-11-19', NULL, NULL, '2025-11-23 16:11:38', '2025-11-23 16:11:38'),
(622, 1, 1, 'Bike Service Expense', 450.00, NULL, -6303524.00, NULL, '2025-11-19', NULL, NULL, '2025-11-23 16:11:40', '2025-11-23 16:11:40'),
(623, 1, 1, 'Bike Service Expense', 2000.00, NULL, -6305524.00, NULL, '2025-11-19', NULL, NULL, '2025-11-23 16:11:45', '2025-11-23 16:11:45'),
(624, 1, 1, 'Bike Service Expense', 1000.00, NULL, -6306524.00, NULL, '2025-11-19', NULL, NULL, '2025-11-23 16:11:48', '2025-11-23 16:11:48'),
(625, 1, 1, 'Bike Service Expense', 4000.00, NULL, -6310524.00, NULL, '2025-11-19', NULL, NULL, '2025-11-23 16:11:51', '2025-11-23 16:11:51'),
(626, 1, 1, 'Bike Service Expense', 4000.00, NULL, -6314524.00, NULL, '2025-11-19', NULL, NULL, '2025-11-23 16:11:54', '2025-11-23 16:11:54'),
(627, 1, 1, 'Bike Sales', NULL, 460000.00, -5854524.00, NULL, '2025-11-23', NULL, NULL, '2025-11-23 16:12:07', '2025-11-23 16:12:07'),
(628, 1, 1, 'Bike Sales', NULL, 177000.00, -5677524.00, NULL, '2025-11-23', NULL, NULL, '2025-11-23 16:12:32', '2025-11-23 16:12:32'),
(629, 1, 1, 'Bike Service Expense', 800.00, NULL, -5678324.00, NULL, '2025-11-23', NULL, NULL, '2025-11-23 16:15:30', '2025-11-23 16:15:30'),
(630, 2, 1, 'Bike Sales', NULL, 138000.00, 997000.00, NULL, '2025-11-07', NULL, NULL, '2025-11-23 16:15:41', '2025-11-23 16:15:41'),
(631, 1, 1, 'Bike Sales Profit', NULL, 14000.00, -5664324.00, NULL, '2025-11-07', NULL, NULL, '2025-11-23 16:15:41', '2025-11-23 16:15:41'),
(632, 1, 1, 'Bike Sales', NULL, 212000.00, -5452324.00, NULL, '2025-11-08', NULL, NULL, '2025-11-23 16:16:44', '2025-11-23 16:16:44'),
(633, 1, 1, 'Bike Service Expense', 2700.00, NULL, -5455024.00, NULL, '2025-11-23', NULL, NULL, '2025-11-23 16:20:10', '2025-11-23 16:20:10'),
(634, 1, 1, 'Bike Sales', NULL, 237000.00, -5218024.00, NULL, '2025-11-19', NULL, NULL, '2025-11-23 16:20:19', '2025-11-23 16:20:19'),
(635, 1, 1, 'Bike Sales', NULL, 310000.00, -4908024.00, NULL, '2025-11-18', NULL, NULL, '2025-11-23 16:20:34', '2025-11-23 16:20:34'),
(636, 1, 1, 'Bike Service Expense', 4000.00, NULL, -4912024.00, NULL, '2025-11-23', NULL, NULL, '2025-11-23 16:23:05', '2025-11-23 16:23:05'),
(637, 1, 1, 'Bike Sales', NULL, 343000.00, -4569024.00, NULL, '2025-11-18', NULL, NULL, '2025-11-23 16:25:05', '2025-11-23 16:25:05'),
(638, 1, 1, 'Bike Sales', NULL, 120000.00, -4449024.00, NULL, '2025-11-14', NULL, NULL, '2025-11-23 16:25:36', '2025-11-23 16:25:36'),
(639, 1, 1, 'Bike Sales', NULL, 212000.00, -4237024.00, NULL, '2025-11-14', NULL, NULL, '2025-11-23 16:25:46', '2025-11-23 16:25:46'),
(640, 1, 1, 'Bike Service Expense', 800.00, NULL, -4237824.00, NULL, '2025-11-23', NULL, NULL, '2025-11-23 16:28:04', '2025-11-23 16:28:04'),
(641, 1, 1, 'Bike Sales', NULL, 210000.00, -4027824.00, NULL, '2025-11-13', NULL, NULL, '2025-11-23 16:28:14', '2025-11-23 16:28:14'),
(642, 1, 1, 'Bike Sales', NULL, 210000.00, -3817824.00, NULL, '2025-11-13', NULL, NULL, '2025-11-23 16:29:53', '2025-11-23 16:29:53'),
(643, 1, 1, 'Bike Sales', NULL, 155000.00, -3662824.00, NULL, '2025-11-06', NULL, NULL, '2025-11-23 16:30:09', '2025-11-23 16:30:09'),
(644, 1, 1, 'Bike Sales', NULL, 100.00, -3662724.00, NULL, '2025-11-12', NULL, NULL, '2025-11-23 16:30:27', '2025-11-23 16:30:27'),
(645, 1, 1, 'Bike Sales', NULL, 83000.00, -3579724.00, NULL, '2025-11-11', NULL, NULL, '2025-11-23 16:30:37', '2025-11-23 16:30:37'),
(646, 9, 1, 'Bike Sales', NULL, 250000.00, 460000.00, NULL, '2025-11-06', NULL, NULL, '2025-11-23 16:30:54', '2025-11-23 16:30:54'),
(647, 1, 1, 'Bike Sales Profit', NULL, 30000.00, -3549724.00, NULL, '2025-11-06', NULL, NULL, '2025-11-23 16:30:54', '2025-11-23 16:30:54'),
(648, 1, 1, 'Bike Sales', NULL, 364000.00, -3185724.00, NULL, '2025-11-06', NULL, NULL, '2025-11-23 16:31:02', '2025-11-23 16:31:02'),
(649, 1, 1, 'Bike Sales', NULL, 238000.00, -2947724.00, NULL, '2025-11-05', NULL, NULL, '2025-11-23 16:31:33', '2025-11-23 16:31:33'),
(650, 1, 1, 'Bike Profit Payment', 340000.00, NULL, -3287724.00, NULL, '2025-11-23', NULL, NULL, '2025-11-23 16:38:07', '2025-11-23 16:38:07'),
(651, 1, 1, 'Bike Profit Payment', 211000.00, NULL, -3498724.00, NULL, '2025-11-23', NULL, NULL, '2025-11-23 16:39:14', '2025-11-23 16:39:14'),
(652, 1, 1, 'Bike Profit Payment', 110000.00, NULL, -3608724.00, NULL, '2025-11-23', NULL, NULL, '2025-11-23 16:39:59', '2025-11-23 16:39:59'),
(653, 1, 1, 'Bike Profit Payment', 208000.00, NULL, -3816724.00, NULL, '2025-11-23', NULL, NULL, '2025-11-23 16:40:51', '2025-11-23 16:40:51'),
(654, 1, 1, 'Bike Sales', NULL, 5100.00, -3811624.00, NULL, '2025-11-25', NULL, NULL, '2025-11-25 16:50:24', '2025-11-25 16:50:24'),
(655, 1, 1, 'Bike Purchase', 100.00, NULL, -3811724.00, NULL, '2025-11-26', NULL, NULL, '2025-11-28 12:18:09', '2025-11-28 12:18:09'),
(656, 1, 1, 'Bike Service Expense', 600.00, NULL, -3812324.00, NULL, '2025-11-28', NULL, NULL, '2025-11-28 12:41:13', '2025-11-28 12:41:13'),
(657, 1, 1, 'Bike Service Expense', 6115.00, NULL, -3818439.00, NULL, '2025-11-28', NULL, NULL, '2025-11-28 12:41:16', '2025-11-28 12:41:16'),
(658, 1, 1, 'Bike Service Expense', 700.00, NULL, -3819139.00, NULL, '2025-11-28', NULL, NULL, '2025-11-28 12:41:19', '2025-11-28 12:41:19'),
(659, 1, 1, 'Bike Service Expense', 700.00, NULL, -3819839.00, NULL, '2025-11-28', NULL, NULL, '2025-11-28 12:41:22', '2025-11-28 12:41:22'),
(660, 1, 1, 'Bike Service Expense', 100.00, NULL, -3819939.00, NULL, '2025-11-28', NULL, NULL, '2025-11-28 12:41:25', '2025-11-28 12:41:25'),
(661, 1, 1, 'Bike Service Expense', 100.00, NULL, -3820039.00, NULL, '2025-11-28', NULL, NULL, '2025-11-28 12:41:28', '2025-11-28 12:41:28'),
(662, 1, 1, 'Bike Purchase', 100.00, NULL, -3820139.00, NULL, '2025-11-25', NULL, NULL, '2025-11-28 12:52:41', '2025-11-28 12:52:41'),
(663, 1, 1, 'Bike Purchase', 100.00, NULL, -3820239.00, NULL, '2025-11-27', NULL, NULL, '2025-11-28 12:52:51', '2025-11-28 12:52:51'),
(664, 1, 1, 'Bike Service Expense', 600.00, NULL, -3820839.00, NULL, '2025-11-28', NULL, NULL, '2025-11-28 12:54:31', '2025-11-28 12:54:31'),
(665, 1, 1, 'Bike Service Expense', 4800.00, NULL, -3825639.00, NULL, '2025-11-30', NULL, NULL, '2025-11-30 11:50:26', '2025-11-30 11:50:26'),
(667, 1, 1, 'Bike Purchase', 100.00, NULL, -3825739.00, NULL, '2025-11-30', NULL, NULL, '2025-11-30 16:06:14', '2025-11-30 16:06:14'),
(668, 1, 1, 'Bike Purchase', 100.00, NULL, -3825839.00, NULL, '2025-11-29', NULL, NULL, '2025-11-30 16:06:23', '2025-11-30 16:06:23'),
(669, 1, 1, 'Bike Purchase', 100.00, NULL, -3825939.00, NULL, '2025-11-19', NULL, NULL, '2025-11-30 16:06:44', '2025-11-30 16:06:44'),
(670, 1, 1, 'Bike Purchase', 185000.00, NULL, -4010939.00, NULL, '2025-11-05', NULL, NULL, '2025-11-30 16:07:20', '2025-11-30 16:07:20'),
(671, 1, 1, 'Bike Purchase', 100.00, NULL, -4011039.00, NULL, '2025-11-20', NULL, NULL, '2025-11-30 16:07:29', '2025-11-30 16:07:29'),
(672, 1, 1, 'Bike Purchase', 100.00, NULL, -4011139.00, NULL, '2025-11-19', NULL, NULL, '2025-11-30 16:07:43', '2025-11-30 16:07:43'),
(673, 1, 1, 'Bike Purchase', 100.00, NULL, -4011239.00, NULL, '2025-11-19', NULL, NULL, '2025-11-30 16:07:46', '2025-11-30 16:07:46'),
(674, 1, 1, 'Bike Purchase', 100.00, NULL, -4011339.00, NULL, '2025-11-19', NULL, NULL, '2025-11-30 16:07:50', '2025-11-30 16:07:50'),
(675, 1, 1, 'Bike Sales', NULL, 90000.00, -3921339.00, NULL, '2025-11-30', NULL, NULL, '2025-11-30 16:09:15', '2025-11-30 16:09:15'),
(676, 1, 1, 'Bike Sales', NULL, 158000.00, -3763339.00, NULL, '2025-11-29', NULL, NULL, '2025-11-30 16:10:04', '2025-11-30 16:10:04'),
(677, 1, 1, 'Bike Sales', NULL, 185000.00, -3578339.00, NULL, '2025-11-28', NULL, NULL, '2025-11-30 16:10:16', '2025-11-30 16:10:16'),
(678, 1, 1, 'Bike Sales', NULL, 250000.00, -3328339.00, NULL, '2025-12-01', NULL, NULL, '2025-12-01 06:02:36', '2025-12-01 06:02:36'),
(679, 2, 1, 'Bike Sales', NULL, 192500.00, 1189500.00, NULL, '2025-12-01', NULL, NULL, '2025-12-01 06:02:40', '2025-12-01 06:02:40'),
(680, 1, 1, 'Bike Sales Profit', NULL, 1600.00, -3326739.00, NULL, '2025-12-01', NULL, NULL, '2025-12-01 06:02:40', '2025-12-01 06:02:40'),
(681, 6, 1, 'Bike Sales', NULL, 165000.00, 165000.00, NULL, '2025-12-01', NULL, NULL, '2025-12-01 06:02:42', '2025-12-01 06:02:42'),
(682, 1, 1, 'Bike Sales Profit', NULL, 13500.00, -3313239.00, NULL, '2025-12-01', NULL, NULL, '2025-12-01 06:02:42', '2025-12-01 06:02:42'),
(683, 5, 1, 'Bike Sales', NULL, 146000.00, 253000.00, NULL, '2025-12-01', NULL, NULL, '2025-12-01 06:02:45', '2025-12-01 06:02:45'),
(684, 1, 1, 'Bike Sales Profit', NULL, 8000.00, -3305239.00, NULL, '2025-12-01', NULL, NULL, '2025-12-01 06:02:45', '2025-12-01 06:02:45'),
(685, 4, 1, 'Bike Sales', NULL, 93000.00, 498000.00, NULL, '2025-12-01', NULL, NULL, '2025-12-01 06:02:49', '2025-12-01 06:02:49'),
(686, 1, 1, 'Bike Sales Profit', NULL, 2000.00, -3303239.00, NULL, '2025-12-01', NULL, NULL, '2025-12-01 06:02:49', '2025-12-01 06:02:49'),
(687, 2, 1, 'Bike Sales', NULL, 281000.00, 1470500.00, NULL, '2025-12-01', NULL, NULL, '2025-12-01 06:02:55', '2025-12-01 06:02:55'),
(688, 1, 1, 'Bike Sales Profit', NULL, 9000.00, -3294239.00, NULL, '2025-12-01', NULL, NULL, '2025-12-01 06:02:55', '2025-12-01 06:02:55'),
(689, 6, 1, 'Withdrawal', 165000.00, NULL, 0.00, NULL, '2025-12-01', NULL, NULL, '2025-12-01 06:04:09', '2025-12-01 06:04:09'),
(690, 4, 1, 'Withdrawal', 498000.00, NULL, 0.00, NULL, '2025-12-01', NULL, NULL, '2025-12-01 06:06:12', '2025-12-01 06:06:12'),
(691, 1, 1, 'Bike Service Expense', 11230.00, NULL, -3305469.00, NULL, '2025-12-07', NULL, NULL, '2025-12-07 15:52:08', '2025-12-07 15:52:08'),
(692, 1, 1, 'Bike Purchase', 160000.00, NULL, -3465469.00, NULL, '2025-12-06', NULL, NULL, '2025-12-07 15:52:21', '2025-12-07 15:52:21'),
(693, 1, 1, 'Bike Sales', NULL, 235000.00, -3230469.00, NULL, '2025-12-06', NULL, NULL, '2025-12-07 15:53:58', '2025-12-07 15:53:58'),
(694, 1, 1, 'Bike Purchase', 66000.00, NULL, -3296469.00, NULL, '2026-01-11', NULL, NULL, '2026-01-14 11:32:40', '2026-01-14 11:32:40'),
(695, 1, 1, 'Bike Purchase', 315000.00, NULL, -3611469.00, NULL, '2026-01-11', NULL, NULL, '2026-01-14 11:32:50', '2026-01-14 11:32:50'),
(696, 1, 1, 'Bike Purchase', 100.00, NULL, -3611569.00, NULL, '2026-01-13', NULL, NULL, '2026-01-14 11:33:05', '2026-01-14 11:33:05'),
(697, 1, 1, 'Bike Purchase', 240000.00, NULL, -3851569.00, NULL, '2026-01-08', NULL, NULL, '2026-01-14 11:33:19', '2026-01-14 11:33:19'),
(698, 1, 1, 'Bike Purchase', 85000.00, NULL, -3936569.00, NULL, '2025-12-26', NULL, NULL, '2026-01-14 11:33:30', '2026-01-14 11:33:30'),
(699, 1, 1, 'Bike Service Expense', 400.00, NULL, -3936969.00, NULL, '2026-01-15', NULL, NULL, '2026-01-15 16:17:06', '2026-01-15 16:17:06'),
(700, 1, 1, 'Bike Service Expense', 1800.00, NULL, -3938769.00, NULL, '2026-01-15', NULL, NULL, '2026-01-15 16:17:09', '2026-01-15 16:17:09'),
(701, 1, 1, 'Bike Sales', NULL, 6480.00, -3932289.00, NULL, '2026-01-18', NULL, NULL, '2026-01-18 15:26:40', '2026-01-18 15:26:40'),
(702, 1, 1, 'Bike Service Expense', 1000.00, NULL, -3933289.00, NULL, '2026-01-18', NULL, NULL, '2026-01-18 15:27:18', '2026-01-18 15:27:18'),
(703, 1, 1, 'Bike Service Expense', 15400.00, NULL, -3948689.00, NULL, '2026-01-20', NULL, NULL, '2026-01-20 09:30:21', '2026-01-20 09:30:21'),
(704, 1, 1, 'Bike Purchase', 100.00, NULL, -3948789.00, NULL, '2026-01-18', NULL, NULL, '2026-01-20 09:36:56', '2026-01-20 09:36:56'),
(705, 1, 1, 'Bike Purchase', 335000.00, NULL, -4283789.00, NULL, '2026-01-16', NULL, NULL, '2026-01-20 09:37:32', '2026-01-20 09:37:32'),
(706, 1, 1, 'Bike Purchase', 147000.00, NULL, -4430789.00, NULL, '2026-01-21', NULL, NULL, '2026-01-25 11:19:22', '2026-01-25 11:19:22'),
(707, 1, 1, 'Bike Purchase', 168000.00, NULL, -4598789.00, NULL, '2026-01-22', NULL, NULL, '2026-01-27 05:50:34', '2026-01-27 05:50:34'),
(708, 1, 1, 'Bike Sales', NULL, 162500.00, -4436289.00, NULL, '2026-01-25', NULL, NULL, '2026-01-28 07:21:53', '2026-01-28 07:21:53'),
(709, 1, 1, 'Bike Sales', NULL, 140000.00, -4296289.00, NULL, '2026-01-20', NULL, NULL, '2026-01-28 07:22:19', '2026-01-28 07:22:19'),
(710, 1, 1, 'Bike Sales', NULL, 340000.00, -3956289.00, NULL, '2026-01-19', NULL, NULL, '2026-01-28 07:23:38', '2026-01-28 07:23:38'),
(711, 1, 1, 'Bike Sales', NULL, 130000.00, -3826289.00, NULL, '2026-01-14', NULL, NULL, '2026-01-28 07:23:48', '2026-01-28 07:23:48'),
(712, 1, 1, 'Bike Sales', NULL, 6480.00, -3819809.00, NULL, '2026-01-13', NULL, NULL, '2026-01-28 07:23:59', '2026-01-28 07:23:59'),
(713, 1, 1, 'Bike Sales', NULL, 100.00, -3819709.00, NULL, '2026-01-13', NULL, NULL, '2026-01-28 07:25:09', '2026-01-28 07:25:09'),
(714, 1, 1, 'Bike Sales', NULL, 100.00, -3819609.00, NULL, '2025-12-07', NULL, NULL, '2026-01-28 07:26:04', '2026-01-28 07:26:04'),
(715, 1, 1, 'Bike Sales', NULL, 154000.00, -3665609.00, NULL, '2025-12-08', NULL, NULL, '2026-01-28 07:26:33', '2026-01-28 07:26:33'),
(716, 1, 1, 'Bike Sales', NULL, 205000.00, -3460609.00, NULL, '2025-12-10', NULL, NULL, '2026-01-28 07:26:44', '2026-01-28 07:26:44'),
(717, 1, 1, 'Bike Sales', NULL, 202000.00, -3258609.00, NULL, '2025-12-14', NULL, NULL, '2026-01-28 07:26:52', '2026-01-28 07:26:52'),
(718, 1, 1, 'Bike Sales', NULL, 100.00, -3258509.00, NULL, '2025-12-31', NULL, NULL, '2026-01-28 07:27:16', '2026-01-28 07:27:16'),
(719, 1, 1, 'Bike Sales', NULL, 200.00, -3258309.00, NULL, '2026-01-08', NULL, NULL, '2026-01-28 07:27:46', '2026-01-28 07:27:46'),
(720, 1, 1, 'Bike Sales', NULL, 335500.00, -2922809.00, NULL, '2026-01-09', NULL, NULL, '2026-01-28 07:30:09', '2026-01-28 07:30:09'),
(721, 9, 1, 'Bike Sales', NULL, 185000.00, 645000.00, NULL, '2026-01-11', NULL, NULL, '2026-01-28 07:30:23', '2026-01-28 07:30:23'),
(722, 1, 1, 'Bike Sales Profit', NULL, 20000.00, -2902809.00, NULL, '2026-01-11', NULL, NULL, '2026-01-28 07:30:23', '2026-01-28 07:30:23'),
(723, 1, 1, 'Bike Sales', NULL, 360000.00, -2542809.00, NULL, '2026-01-13', NULL, NULL, '2026-01-28 07:30:30', '2026-01-28 07:30:30'),
(724, 1, 1, 'Bike Service Expense', 1100.00, NULL, -2543909.00, NULL, '2026-01-28', NULL, NULL, '2026-01-28 07:32:26', '2026-01-28 07:32:26'),
(725, 1, 1, 'Bike Service Expense', 200.00, NULL, -2544109.00, NULL, '2026-01-28', NULL, NULL, '2026-01-28 07:32:28', '2026-01-28 07:32:28'),
(726, 1, 1, 'Bike Service Expense', 12450.00, NULL, -2556559.00, NULL, '2026-01-28', NULL, NULL, '2026-01-28 07:32:30', '2026-01-28 07:32:30'),
(727, 1, 1, 'Bike Service Expense', 400.00, NULL, -2556959.00, NULL, '2026-01-28', NULL, NULL, '2026-01-28 07:32:32', '2026-01-28 07:32:32'),
(728, 1, 1, 'Bike Service Expense', 20370.00, NULL, -2577329.00, NULL, '2026-01-28', NULL, NULL, '2026-01-28 07:32:34', '2026-01-28 07:32:34'),
(729, 1, 1, 'Bike Service Expense', 2020.00, NULL, -2579349.00, NULL, '2026-01-28', NULL, NULL, '2026-01-28 07:32:36', '2026-01-28 07:32:36'),
(730, 1, 1, 'Bike Service Expense', 1000.00, NULL, -2580349.00, NULL, '2026-01-28', NULL, NULL, '2026-01-28 07:32:37', '2026-01-28 07:32:37'),
(731, 1, 1, 'Bike Service Expense', 1020.00, NULL, -2581369.00, NULL, '2026-01-28', NULL, NULL, '2026-01-28 07:32:39', '2026-01-28 07:32:39'),
(732, 1, 1, 'Bike Service Expense', 700.00, NULL, -2582069.00, NULL, '2026-01-27', NULL, NULL, '2026-01-28 07:32:41', '2026-01-28 07:32:41'),
(733, 1, 1, 'Bike Service Expense', 1800.00, NULL, -2583869.00, NULL, '2026-01-24', NULL, NULL, '2026-01-28 07:32:43', '2026-01-28 07:32:43'),
(734, 1, 1, 'Bike Service Expense', 12000.00, NULL, -2595869.00, NULL, '2026-01-23', NULL, NULL, '2026-01-28 07:32:44', '2026-01-28 07:32:44'),
(735, 1, 1, 'Bike Purchase', 100.00, NULL, -2595969.00, NULL, '2026-01-29', NULL, NULL, '2026-01-31 06:05:08', '2026-01-31 06:05:08'),
(736, 1, 1, 'Bike Purchase', 162000.00, NULL, -2757969.00, NULL, '2026-01-24', NULL, NULL, '2026-01-31 06:06:13', '2026-01-31 06:06:13'),
(737, 1, 1, 'Bike Purchase', 163000.00, NULL, -2920969.00, NULL, '2026-01-27', NULL, NULL, '2026-01-31 06:06:34', '2026-01-31 06:06:34'),
(738, 1, 1, 'Bike Service Expense', 500.00, NULL, -2921469.00, NULL, '2026-02-03', NULL, NULL, '2026-02-03 14:41:42', '2026-02-03 14:41:42'),
(739, 1, 1, 'Bike Service Expense', 120.00, NULL, -2921589.00, NULL, '2026-02-03', NULL, NULL, '2026-02-03 14:41:47', '2026-02-03 14:41:47'),
(740, 1, 1, 'Bike Service Expense', 120.00, NULL, -2921709.00, NULL, '2026-02-03', NULL, NULL, '2026-02-03 14:41:49', '2026-02-03 14:41:49'),
(741, 1, 1, 'Bike Service Expense', 120.00, NULL, -2921829.00, NULL, '2026-02-03', NULL, NULL, '2026-02-03 14:41:51', '2026-02-03 14:41:51');
INSERT INTO `investor_ledgers` (`id`, `investor_id`, `account_id`, `particular`, `debit_amount`, `credit_amount`, `current_balance`, `reference_number`, `transaction_date`, `created_by_id`, `updated_by_id`, `created_at`, `updated_at`) VALUES
(742, 1, 1, 'Bike Service Expense', 120.00, NULL, -2921949.00, NULL, '2026-02-03', NULL, NULL, '2026-02-03 14:41:52', '2026-02-03 14:41:52'),
(743, 1, 1, 'Bike Service Expense', 120.00, NULL, -2922069.00, NULL, '2026-02-03', NULL, NULL, '2026-02-03 14:41:53', '2026-02-03 14:41:53'),
(744, 1, 1, 'Bike Service Expense', 120.00, NULL, -2922189.00, NULL, '2026-02-03', NULL, NULL, '2026-02-03 14:41:54', '2026-02-03 14:41:54'),
(745, 1, 1, 'Bike Service Expense', 120.00, NULL, -2922309.00, NULL, '2026-02-03', NULL, NULL, '2026-02-03 14:41:55', '2026-02-03 14:41:55'),
(746, 1, 1, 'Bike Service Expense', 120.00, NULL, -2922429.00, NULL, '2026-02-03', NULL, NULL, '2026-02-03 14:41:57', '2026-02-03 14:41:57'),
(747, 1, 1, 'Bike Service Expense', 120.00, NULL, -2922549.00, NULL, '2026-02-03', NULL, NULL, '2026-02-03 14:41:58', '2026-02-03 14:41:58'),
(748, 1, 1, 'Bike Service Expense', 120.00, NULL, -2922669.00, NULL, '2026-02-03', NULL, NULL, '2026-02-03 14:41:59', '2026-02-03 14:41:59'),
(749, 1, 1, 'Bike Service Expense', 120.00, NULL, -2922789.00, NULL, '2026-02-03', NULL, NULL, '2026-02-03 14:42:00', '2026-02-03 14:42:00'),
(750, 1, 1, 'Bike Service Expense', 100.00, NULL, -2922889.00, NULL, '2026-01-31', NULL, NULL, '2026-02-03 14:42:01', '2026-02-03 14:42:01'),
(751, 1, 1, 'Bike Service Expense', 100.00, NULL, -2922989.00, NULL, '2026-01-31', NULL, NULL, '2026-02-03 14:42:02', '2026-02-03 14:42:02'),
(752, 1, 1, 'Bike Service Expense', 650.00, NULL, -2923639.00, NULL, '2026-01-31', NULL, NULL, '2026-02-03 14:42:03', '2026-02-03 14:42:03'),
(753, 1, 1, 'Bike Service Expense', 650.00, NULL, -2924289.00, NULL, '2026-01-31', NULL, NULL, '2026-02-03 14:42:04', '2026-02-03 14:42:04'),
(754, 1, 1, 'Bike Service Expense', 1400.00, NULL, -2925689.00, NULL, '2026-01-31', NULL, NULL, '2026-02-03 14:42:05', '2026-02-03 14:42:05'),
(755, 1, 1, 'Bike Service Expense', 1400.00, NULL, -2927089.00, NULL, '2026-01-31', NULL, NULL, '2026-02-03 14:42:07', '2026-02-03 14:42:07'),
(756, 1, 1, 'Bike Service Expense', 2750.00, NULL, -2929839.00, NULL, '2026-01-31', NULL, NULL, '2026-02-03 14:42:08', '2026-02-03 14:42:08'),
(757, 1, 1, 'Bike Service Expense', 2750.00, NULL, -2932589.00, NULL, '2026-01-31', NULL, NULL, '2026-02-03 14:42:09', '2026-02-03 14:42:09'),
(758, 1, 1, 'Bike Service Expense', 2600.00, NULL, -2935189.00, NULL, '2026-01-28', NULL, NULL, '2026-02-03 14:42:10', '2026-02-03 14:42:10'),
(759, 1, 1, 'Bike Purchase', 207000.00, NULL, -3142189.00, NULL, '2026-02-04', NULL, NULL, '2026-02-05 10:35:36', '2026-02-05 10:35:36'),
(760, 1, 1, 'Bike Sales', NULL, 84000.00, -3058189.00, NULL, '2026-01-31', NULL, NULL, '2026-02-05 10:36:06', '2026-02-05 10:36:06'),
(761, 1, 1, 'Bike Sales', NULL, 176000.00, -2882189.00, NULL, '2026-02-03', NULL, NULL, '2026-02-05 10:36:27', '2026-02-05 10:36:27'),
(762, 1, 1, 'Bike Sales', NULL, 297000.00, -2585189.00, NULL, '2026-01-25', NULL, NULL, '2026-02-05 10:37:17', '2026-02-05 10:37:17'),
(763, 1, 1, 'Bike Purchase', 300000.00, NULL, -2885189.00, NULL, '2026-02-01', NULL, NULL, '2026-02-05 13:11:16', '2026-02-05 13:11:16'),
(764, 1, 1, 'Bike Service Expense', 31200.00, NULL, -2916389.00, NULL, '2026-02-09', NULL, NULL, '2026-02-09 12:13:33', '2026-02-09 12:13:33'),
(765, 1, 1, 'Bike Service Expense', 100.00, NULL, -2916489.00, NULL, '2026-02-10', NULL, NULL, '2026-02-10 16:25:51', '2026-02-10 16:25:51'),
(766, 1, 1, 'Bike Service Expense', 200.00, NULL, -2916689.00, NULL, '2026-02-10', NULL, NULL, '2026-02-10 16:25:56', '2026-02-10 16:25:56'),
(767, 1, 1, 'Bike Service Expense', 100.00, NULL, -2916789.00, NULL, '2026-02-09', NULL, NULL, '2026-02-10 16:26:00', '2026-02-10 16:26:00'),
(768, 1, 1, 'Bike Service Expense', 1000.00, NULL, -2917789.00, NULL, '2026-02-05', NULL, NULL, '2026-02-10 16:26:02', '2026-02-10 16:26:02'),
(769, 1, 1, 'Bike Service Expense', 15000.00, NULL, -2932789.00, NULL, '2026-02-05', NULL, NULL, '2026-02-10 16:26:05', '2026-02-10 16:26:05'),
(770, 1, 1, 'Bike Purchase', 197000.00, NULL, -3129789.00, NULL, '2026-02-08', NULL, NULL, '2026-02-10 16:50:54', '2026-02-10 16:50:54'),
(771, 1, 1, 'Bike Purchase', 100.00, NULL, -3129889.00, NULL, '2026-02-07', NULL, NULL, '2026-02-10 16:51:04', '2026-02-10 16:51:04'),
(772, 1, 1, 'Bike Purchase', 100.00, NULL, -3129989.00, NULL, '2026-02-06', NULL, NULL, '2026-02-10 16:51:11', '2026-02-10 16:51:11'),
(773, 1, 1, 'Bike Purchase', 275000.00, NULL, -3404989.00, NULL, '2026-02-04', NULL, NULL, '2026-02-14 11:56:26', '2026-02-14 11:56:26'),
(774, 1, 1, 'Bike Service Expense', 800.00, NULL, -3405789.00, NULL, '2026-02-10', NULL, NULL, '2026-02-14 14:03:35', '2026-02-14 14:03:35'),
(775, 1, 1, 'Bike Service Expense', 1200.00, NULL, -3406989.00, NULL, '2026-02-10', NULL, NULL, '2026-02-14 14:03:38', '2026-02-14 14:03:38'),
(776, 1, 1, 'Bike Service Expense', 350.00, NULL, -3407339.00, NULL, '2026-02-10', NULL, NULL, '2026-02-14 14:03:41', '2026-02-14 14:03:41'),
(777, 1, 1, 'Bike Service Expense', 1750.00, NULL, -3409089.00, NULL, '2026-02-14', NULL, NULL, '2026-02-14 14:09:51', '2026-02-14 14:09:51'),
(778, 1, 1, 'Bike Purchase', 143000.00, NULL, -3552089.00, NULL, '2026-02-05', NULL, NULL, '2026-02-17 15:34:52', '2026-02-17 15:34:52'),
(779, 1, 1, 'Bike Purchase', 100.00, NULL, -3552189.00, NULL, '2026-02-15', NULL, NULL, '2026-02-17 15:39:35', '2026-02-17 15:39:35'),
(780, 1, 1, 'Bike Purchase', 180000.00, NULL, -3732189.00, NULL, '2026-02-17', NULL, NULL, '2026-02-19 05:26:10', '2026-02-19 05:26:10'),
(781, 1, 1, 'Bike Purchase', 132000.00, NULL, -3864189.00, NULL, '2026-02-16', NULL, NULL, '2026-02-19 05:26:49', '2026-02-19 05:26:49'),
(782, 1, 1, 'Bike Purchase', 100.00, NULL, -3864289.00, NULL, '2026-02-05', NULL, NULL, '2026-02-19 05:27:07', '2026-02-19 05:27:07'),
(783, 1, 1, 'Bike Purchase', 100.00, NULL, -3864389.00, NULL, '2026-02-05', NULL, NULL, '2026-02-19 05:27:13', '2026-02-19 05:27:13'),
(784, 1, 1, 'Bike Purchase', 200000.00, NULL, -4064389.00, NULL, '2026-02-14', NULL, NULL, '2026-02-19 05:27:21', '2026-02-19 05:27:21'),
(785, 1, 1, 'Bike Purchase', 375000.00, NULL, -4439389.00, NULL, '2026-02-15', NULL, NULL, '2026-02-19 05:27:31', '2026-02-19 05:27:31'),
(786, 1, 1, 'Bike Service Expense', 8150.00, NULL, -4447539.00, NULL, '2026-02-19', NULL, NULL, '2026-02-20 08:00:57', '2026-02-20 08:00:57'),
(787, 1, 1, 'Bike Service Expense', 5950.00, NULL, -4453489.00, NULL, '2026-02-19', NULL, NULL, '2026-02-20 08:00:59', '2026-02-20 08:00:59'),
(788, 1, 1, 'Bike Service Expense', 14110.00, NULL, -4467599.00, NULL, '2026-02-19', NULL, NULL, '2026-02-20 08:01:02', '2026-02-20 08:01:02'),
(789, 1, 1, 'Bike Service Expense', 500.00, NULL, -4468099.00, NULL, '2026-02-19', NULL, NULL, '2026-02-20 08:01:04', '2026-02-20 08:01:04'),
(790, 1, 1, 'Bike Service Expense', 500.00, NULL, -4468599.00, NULL, '2026-02-19', NULL, NULL, '2026-02-20 08:01:06', '2026-02-20 08:01:06'),
(791, 1, 1, 'Bike Service Expense', 1000.00, NULL, -4469599.00, NULL, '2026-02-19', NULL, NULL, '2026-02-20 08:01:08', '2026-02-20 08:01:08'),
(792, 1, 1, 'Bike Service Expense', 1200.00, NULL, -4470799.00, NULL, '2026-02-19', NULL, NULL, '2026-02-20 08:01:10', '2026-02-20 08:01:10'),
(793, 1, 1, 'Bike Service Expense', 1300.00, NULL, -4472099.00, NULL, '2026-02-19', NULL, NULL, '2026-02-20 08:01:12', '2026-02-20 08:01:12'),
(794, 1, 1, 'Bike Service Expense', 300.00, NULL, -4472399.00, NULL, '2026-02-19', NULL, NULL, '2026-02-20 08:01:15', '2026-02-20 08:01:15'),
(795, 1, 1, 'Bike Service Expense', 500.00, NULL, -4472899.00, NULL, '2026-02-19', NULL, NULL, '2026-02-20 08:01:17', '2026-02-20 08:01:17'),
(796, 1, 1, 'Bike Service Expense', 500.00, NULL, -4473399.00, NULL, '2026-02-19', NULL, NULL, '2026-02-20 08:01:19', '2026-02-20 08:01:19'),
(797, 1, 1, 'Bike Service Expense', 15600.00, NULL, -4488999.00, NULL, '2026-02-19', NULL, NULL, '2026-02-20 08:01:22', '2026-02-20 08:01:22'),
(798, 1, 1, 'Bike Service Expense', 300.00, NULL, -4489299.00, NULL, '2026-02-19', NULL, NULL, '2026-02-20 08:01:25', '2026-02-20 08:01:25'),
(799, 1, 1, 'Bike Service Expense', 300.00, NULL, -4489599.00, NULL, '2026-02-19', NULL, NULL, '2026-02-20 08:01:27', '2026-02-20 08:01:27'),
(800, 1, 1, 'Bike Service Expense', 500.00, NULL, -4490099.00, NULL, '2026-02-19', NULL, NULL, '2026-02-20 08:01:30', '2026-02-20 08:01:30'),
(801, 1, 1, 'Bike Service Expense', 4000.00, NULL, -4494099.00, NULL, '2026-02-20', NULL, NULL, '2026-02-20 08:02:53', '2026-02-20 08:02:53'),
(802, 1, 1, 'Bike Sales', NULL, 115000.00, -4379099.00, NULL, '2026-02-17', NULL, NULL, '2026-02-20 08:18:56', '2026-02-20 08:18:56'),
(803, 1, 1, 'Bike Sales', NULL, 152000.00, -4227099.00, NULL, '2026-02-17', NULL, NULL, '2026-02-20 08:18:59', '2026-02-20 08:18:59'),
(804, 1, 1, 'Bike Sales', NULL, 294000.00, -3933099.00, NULL, '2026-02-14', NULL, NULL, '2026-02-20 08:19:02', '2026-02-20 08:19:02'),
(805, 1, 1, 'Bike Sales', NULL, 195000.00, -3738099.00, NULL, '2026-02-14', NULL, NULL, '2026-02-20 08:19:05', '2026-02-20 08:19:05'),
(806, 1, 1, 'Bike Sales', NULL, 345000.00, -3393099.00, NULL, '2026-02-10', NULL, NULL, '2026-02-20 08:19:07', '2026-02-20 08:19:07'),
(807, 1, 1, 'Bike Sales', NULL, 242000.00, -3151099.00, NULL, '2026-02-10', NULL, NULL, '2026-02-20 08:19:09', '2026-02-20 08:19:09'),
(808, 1, 1, 'Bike Sales', NULL, 450000.00, -2701099.00, NULL, '2026-02-09', NULL, NULL, '2026-02-20 08:19:12', '2026-02-20 08:19:12'),
(809, 1, 1, 'Bike Sales', NULL, 385000.00, -2316099.00, NULL, '2026-02-06', NULL, NULL, '2026-02-20 08:19:13', '2026-02-20 08:19:13'),
(810, 1, 1, 'Bike Sales', NULL, 200000.00, -2116099.00, NULL, '2025-12-26', NULL, NULL, '2026-02-20 08:19:19', '2026-02-20 08:19:19'),
(811, 1, 1, 'Bike Profit Payment', 350000.00, NULL, -2466099.00, NULL, '2026-02-20', NULL, NULL, '2026-02-20 08:20:36', '2026-02-20 08:20:36'),
(812, 1, 1, 'Bike Profit Payment', 26500.00, NULL, -2492599.00, NULL, '2026-02-20', NULL, NULL, '2026-02-20 08:21:29', '2026-02-20 08:21:29'),
(813, 1, 1, 'Bike Profit Payment', 235000.00, NULL, -2727599.00, NULL, '2026-02-20', NULL, NULL, '2026-02-20 08:22:25', '2026-02-20 08:22:25'),
(814, 1, 1, 'Bike Profit Payment', 110000.00, NULL, -2837599.00, NULL, '2026-02-20', NULL, NULL, '2026-02-20 08:23:48', '2026-02-20 08:23:48'),
(815, 1, 1, 'Bike Profit Payment', 220000.00, NULL, -3057599.00, NULL, '2026-02-20', NULL, NULL, '2026-02-20 08:24:40', '2026-02-20 08:24:40'),
(816, 1, 1, 'Bike Profit Payment', 135000.00, NULL, -3192599.00, NULL, '2026-02-20', NULL, NULL, '2026-02-20 08:25:16', '2026-02-20 08:25:16'),
(817, 1, 1, 'Bike Purchase', 212000.00, NULL, -3404599.00, NULL, '2026-02-19', NULL, NULL, '2026-02-21 08:08:21', '2026-02-21 08:08:21'),
(818, 1, 1, 'Bike Purchase', 100.00, NULL, -3404699.00, NULL, '2026-02-20', NULL, NULL, '2026-02-21 08:08:32', '2026-02-21 08:08:32'),
(819, 1, 1, 'Bike Purchase', 100.00, NULL, -3404799.00, NULL, '2026-02-19', NULL, NULL, '2026-02-21 08:08:34', '2026-02-21 08:08:34'),
(820, 1, 1, 'Bike Sales', NULL, 225000.00, -3179799.00, NULL, '2026-02-21', NULL, NULL, '2026-02-22 13:01:06', '2026-02-22 13:01:06'),
(821, 1, 1, 'Bike Sales', NULL, 160000.00, -3019799.00, NULL, '2026-02-22', NULL, NULL, '2026-02-22 13:05:28', '2026-02-22 13:05:28'),
(822, 1, 1, 'Bike Sales', NULL, 100.00, -3019699.00, NULL, '2026-02-22', NULL, NULL, '2026-02-22 13:05:34', '2026-02-22 13:05:34'),
(823, 1, 1, 'Bike Sales', NULL, 165000.00, -2854699.00, NULL, '2026-02-22', NULL, NULL, '2026-02-22 13:05:37', '2026-02-22 13:05:37'),
(824, 1, 1, 'Bike Sales', NULL, 162000.00, -2692699.00, NULL, '2026-02-22', NULL, NULL, '2026-02-22 13:05:42', '2026-02-22 13:05:42'),
(825, 1, 1, 'Bike Sales', NULL, 100.00, -2692599.00, NULL, '2026-02-22', NULL, NULL, '2026-02-22 13:07:36', '2026-02-22 13:07:36'),
(826, 1, 1, 'Bike Sales', NULL, 100.00, -2692499.00, NULL, '2026-02-22', NULL, NULL, '2026-02-22 13:07:40', '2026-02-22 13:07:40'),
(827, 1, 1, 'Bike Sales', NULL, 100.00, -2692399.00, NULL, '2026-02-22', NULL, NULL, '2026-02-22 13:08:49', '2026-02-22 13:08:49'),
(828, 1, 1, 'Bike Sales', NULL, 240000.00, -2452399.00, NULL, '2026-02-22', NULL, NULL, '2026-02-22 13:09:44', '2026-02-22 13:09:44'),
(829, 1, 1, 'Bike Sales', NULL, 183900.00, -2268499.00, NULL, '2026-02-22', NULL, NULL, '2026-02-22 13:10:45', '2026-02-22 13:10:45'),
(830, 1, 1, 'Bike Sales', NULL, 225400.00, -2043099.00, NULL, '2026-02-22', NULL, NULL, '2026-02-22 13:11:42', '2026-02-22 13:11:42'),
(831, 1, 1, 'Bike Sales', NULL, 1530.00, -2041569.00, NULL, '2026-02-22', NULL, NULL, '2026-02-22 13:12:38', '2026-02-22 13:12:38'),
(832, 1, 1, 'Bike Sales', NULL, 185000.00, -1856569.00, NULL, '2026-02-22', NULL, NULL, '2026-02-22 13:13:38', '2026-02-22 13:13:38'),
(833, 1, 1, 'Bike Sales', NULL, 100.00, -1856469.00, NULL, '2026-02-22', NULL, NULL, '2026-02-22 13:14:20', '2026-02-22 13:14:20'),
(834, 1, 1, 'Bike Sales', NULL, 100.00, -1856369.00, NULL, '2026-02-22', NULL, NULL, '2026-02-22 13:15:09', '2026-02-22 13:15:09'),
(835, 1, 1, 'Bike Sales', NULL, 100.00, -1856269.00, NULL, '2026-02-22', NULL, NULL, '2026-02-22 13:16:01', '2026-02-22 13:16:01'),
(836, 1, 1, 'Bike Sales', NULL, 176380.00, -1679889.00, NULL, '2026-02-22', NULL, NULL, '2026-02-22 13:16:55', '2026-02-22 13:16:55'),
(837, 1, 1, 'Bike Sales', NULL, 100.00, -1679789.00, NULL, '2026-02-22', NULL, NULL, '2026-02-22 13:17:49', '2026-02-22 13:17:49'),
(838, 1, 1, 'Bike Sales', NULL, 154300.00, -1525489.00, NULL, '2026-02-22', NULL, NULL, '2026-02-22 13:18:33', '2026-02-22 13:18:33'),
(839, 1, 1, 'Bike Sales', NULL, 7080.00, -1518409.00, NULL, '2026-02-22', NULL, NULL, '2026-02-22 13:19:36', '2026-02-22 13:19:36'),
(840, 9, 1, 'Bike Sales', NULL, 170000.00, 815000.00, NULL, '2026-02-22', NULL, NULL, '2026-02-22 13:20:25', '2026-02-22 13:20:25'),
(841, 1, 1, 'Bike Sales Profit', NULL, 20000.00, -1498409.00, NULL, '2026-02-22', NULL, NULL, '2026-02-22 13:20:25', '2026-02-22 13:20:25'),
(842, 1, 1, 'Bike Purchase', 217000.00, NULL, -1715409.00, NULL, '2026-02-23', NULL, NULL, '2026-02-24 05:17:18', '2026-02-24 05:17:18'),
(843, 1, 1, 'Bike Purchase', 105000.00, NULL, -1820409.00, NULL, '2026-02-22', NULL, NULL, '2026-02-24 05:18:19', '2026-02-24 05:18:19'),
(844, 5, 1, 'Withdrawal', 253000.00, NULL, 0.00, NULL, '2026-02-24', NULL, NULL, '2026-02-24 05:21:48', '2026-02-24 05:21:48'),
(845, 1, 1, 'Loan Taken', NULL, 24650.00, -1795759.00, 'Bill-404,403,402', '2025-11-19', NULL, NULL, '2026-02-24 05:23:09', '2026-02-24 05:23:09'),
(846, 1, 1, 'Paid To Party', 210000.00, NULL, -2005759.00, NULL, '2026-02-24', NULL, NULL, '2026-02-24 05:24:32', '2026-02-24 05:24:32'),
(847, 1, 1, 'Bike Purchase', 210000.00, NULL, -2215759.00, NULL, '2026-02-21', NULL, NULL, '2026-02-24 07:13:58', '2026-02-24 07:13:58'),
(848, 1, 1, 'Bike Purchase', 305000.00, NULL, -2520759.00, NULL, '2026-02-21', NULL, NULL, '2026-02-24 07:15:00', '2026-02-24 07:15:00'),
(849, 1, 1, 'Bike Service Expense', 3400.00, NULL, -2524159.00, NULL, '2026-02-25', NULL, NULL, '2026-02-25 12:59:27', '2026-02-25 12:59:27'),
(850, 1, 1, 'Bike Service Expense', 3400.00, NULL, -2527559.00, NULL, '2026-02-25', NULL, NULL, '2026-02-25 12:59:29', '2026-02-25 12:59:29'),
(851, 1, 1, 'Bike Service Expense', 400.00, NULL, -2527959.00, NULL, '2026-02-25', NULL, NULL, '2026-02-25 12:59:31', '2026-02-25 12:59:31'),
(852, 1, 1, 'Bike Service Expense', 900.00, NULL, -2528859.00, NULL, '2026-02-25', NULL, NULL, '2026-02-25 12:59:32', '2026-02-25 12:59:32'),
(853, 1, 1, 'Bike Service Expense', 2500.00, NULL, -2531359.00, NULL, '2026-02-25', NULL, NULL, '2026-02-25 12:59:34', '2026-02-25 12:59:34'),
(854, 1, 1, 'Bike Service Expense', 1000.00, NULL, -2532359.00, NULL, '2026-02-24', NULL, NULL, '2026-02-25 12:59:35', '2026-02-25 12:59:35'),
(855, 1, 1, 'Bike Service Expense', 700.00, NULL, -2533059.00, NULL, '2026-02-24', NULL, NULL, '2026-02-25 12:59:37', '2026-02-25 12:59:37'),
(856, 1, 1, 'Bike Service Expense', 20000.00, NULL, -2553059.00, NULL, '2026-02-24', NULL, NULL, '2026-02-25 12:59:42', '2026-02-25 12:59:42'),
(857, 1, 1, 'Bike Service Expense', 1510.00, NULL, -2554569.00, NULL, '2026-02-24', NULL, NULL, '2026-02-25 12:59:46', '2026-02-25 12:59:46'),
(858, 1, 1, 'Bike Service Expense', 5880.00, NULL, -2560449.00, NULL, '2026-02-24', NULL, NULL, '2026-02-25 12:59:49', '2026-02-25 12:59:49'),
(859, 1, 1, 'Bike Service Expense', 950.00, NULL, -2561399.00, NULL, '2026-02-21', NULL, NULL, '2026-02-25 12:59:51', '2026-02-25 12:59:51'),
(860, 1, 1, 'Bike Service Expense', 580.00, NULL, -2561979.00, NULL, '2026-02-25', NULL, NULL, '2026-02-25 13:03:37', '2026-02-25 13:03:37'),
(861, 1, 1, 'Bike Purchase', 165000.00, NULL, -2726979.00, NULL, '2026-02-20', NULL, NULL, '2026-02-26 08:33:13', '2026-02-26 08:33:13'),
(862, 1, 1, 'Bike Service Expense', 1000.00, NULL, -2727979.00, NULL, '2026-02-26', NULL, NULL, '2026-02-28 07:03:06', '2026-02-28 07:03:06'),
(863, 1, 1, 'Bike Service Expense', 1500.00, NULL, -2729479.00, NULL, '2026-02-26', NULL, NULL, '2026-02-28 07:03:08', '2026-02-28 07:03:08'),
(864, 1, 1, 'Bike Service Expense', 330.00, NULL, -2729809.00, NULL, '2026-02-26', NULL, NULL, '2026-02-28 07:03:10', '2026-02-28 07:03:10'),
(865, 1, 1, 'Bike Service Expense', 170.00, NULL, -2729979.00, NULL, '2026-02-26', NULL, NULL, '2026-02-28 07:03:14', '2026-02-28 07:03:14'),
(866, 1, 1, 'Bike Service Expense', 300.00, NULL, -2730279.00, NULL, '2026-02-25', NULL, NULL, '2026-02-28 07:03:18', '2026-02-28 07:03:18'),
(867, 1, 1, 'Bike Service Expense', 2390.00, NULL, -2732669.00, NULL, '2026-02-25', NULL, NULL, '2026-02-28 07:03:20', '2026-02-28 07:03:20'),
(868, 1, 1, 'Bike Service Expense', 2000.00, NULL, -2734669.00, NULL, '2026-02-25', NULL, NULL, '2026-02-28 07:03:22', '2026-02-28 07:03:22'),
(869, 1, 1, 'Bike Service Expense', 5000.00, NULL, -2739669.00, NULL, '2026-02-25', NULL, NULL, '2026-02-28 07:03:24', '2026-02-28 07:03:24'),
(870, 1, 1, 'Bike Service Expense', 170.00, NULL, -2739839.00, NULL, '2026-02-26', NULL, NULL, '2026-02-28 07:03:29', '2026-02-28 07:03:29'),
(871, 1, 1, 'Bike Service Expense', 2980.00, NULL, -2742819.00, NULL, '2026-02-25', NULL, NULL, '2026-02-28 07:03:31', '2026-02-28 07:03:31'),
(872, 1, 1, 'Bike Service Expense', 750.00, NULL, -2743569.00, NULL, '2026-02-25', NULL, NULL, '2026-02-28 07:03:34', '2026-02-28 07:03:34'),
(873, 1, 1, 'Bike Service Expense', 3500.00, NULL, -2747069.00, NULL, '2026-02-25', NULL, NULL, '2026-02-28 07:03:36', '2026-02-28 07:03:36'),
(874, 1, 1, 'Bike Service Expense', 1800.00, NULL, -2748869.00, NULL, '2026-02-25', NULL, NULL, '2026-02-28 07:03:38', '2026-02-28 07:03:38'),
(875, 1, 1, 'Bike Service Expense', 2950.00, NULL, -2751819.00, NULL, '2026-02-25', NULL, NULL, '2026-02-28 07:03:40', '2026-02-28 07:03:40'),
(876, 1, 1, 'Bike Service Expense', 300.00, NULL, -2752119.00, NULL, '2026-02-25', NULL, NULL, '2026-02-28 07:03:42', '2026-02-28 07:03:42'),
(877, 1, 1, 'Bike Service Expense', 900.00, NULL, -2753019.00, NULL, '2026-02-25', NULL, NULL, '2026-02-28 07:03:44', '2026-02-28 07:03:44'),
(878, 1, 1, 'Bike Purchase', 240000.00, NULL, -2993019.00, NULL, '2026-02-25', NULL, NULL, '2026-02-28 07:07:34', '2026-02-28 07:07:34'),
(879, 1, 1, 'Bike Purchase', 188000.00, NULL, -3181019.00, NULL, '2026-02-25', NULL, NULL, '2026-02-28 07:07:42', '2026-02-28 07:07:42'),
(880, 1, 1, 'Bike Purchase', 190000.00, NULL, -3371019.00, NULL, '2026-02-26', NULL, NULL, '2026-02-28 07:07:44', '2026-02-28 07:07:44'),
(881, 1, 1, 'Bike Purchase', 100000.00, NULL, -3471019.00, NULL, '2026-02-28', NULL, NULL, '2026-03-01 05:29:55', '2026-03-01 05:29:55'),
(882, 1, 1, 'Bike Purchase', 278000.00, NULL, -3749019.00, NULL, '2026-02-28', NULL, NULL, '2026-03-01 05:30:16', '2026-03-01 05:30:16'),
(883, 1, 1, 'Bike Purchase', 100.00, NULL, -3749119.00, NULL, '2026-02-27', NULL, NULL, '2026-03-01 05:30:24', '2026-03-01 05:30:24'),
(884, 1, 1, 'Bike Service Expense', 300.00, NULL, -3749419.00, NULL, '2026-03-03', NULL, NULL, '2026-03-03 15:46:49', '2026-03-03 15:46:49'),
(885, 1, 1, 'Bike Service Expense', 1200.00, NULL, -3750619.00, NULL, '2026-03-03', NULL, NULL, '2026-03-03 15:46:51', '2026-03-03 15:46:51'),
(886, 1, 1, 'Bike Service Expense', 6000.00, NULL, -3756619.00, NULL, '2026-03-03', NULL, NULL, '2026-03-03 15:46:54', '2026-03-03 15:46:54'),
(887, 1, 1, 'Bike Service Expense', 3800.00, NULL, -3760419.00, NULL, '2026-03-03', NULL, NULL, '2026-03-03 15:46:56', '2026-03-03 15:46:56'),
(888, 1, 1, 'Bike Service Expense', 100.00, NULL, -3760519.00, NULL, '2026-03-03', NULL, NULL, '2026-03-03 15:46:58', '2026-03-03 15:46:58'),
(889, 1, 1, 'Bike Service Expense', 100.00, NULL, -3760619.00, NULL, '2026-03-03', NULL, NULL, '2026-03-03 15:47:00', '2026-03-03 15:47:00'),
(890, 1, 1, 'Bike Service Expense', 3250.00, NULL, -3763869.00, NULL, '2026-03-03', NULL, NULL, '2026-03-03 15:47:02', '2026-03-03 15:47:02'),
(891, 1, 1, 'Bike Service Expense', 1650.00, NULL, -3765519.00, NULL, '2026-03-03', NULL, NULL, '2026-03-03 15:47:04', '2026-03-03 15:47:04'),
(892, 1, 1, 'Bike Service Expense', 600.00, NULL, -3766119.00, NULL, '2026-03-03', NULL, NULL, '2026-03-03 15:47:06', '2026-03-03 15:47:06'),
(893, 1, 1, 'Bike Service Expense', 700.00, NULL, -3766819.00, NULL, '2026-03-03', NULL, NULL, '2026-03-03 15:47:07', '2026-03-03 15:47:07'),
(894, 1, 1, 'Bike Service Expense', 3500.00, NULL, -3770319.00, NULL, '2026-03-03', NULL, NULL, '2026-03-03 15:47:09', '2026-03-03 15:47:09'),
(895, 1, 1, 'Bike Service Expense', 4100.00, NULL, -3774419.00, NULL, '2026-03-03', NULL, NULL, '2026-03-03 15:47:11', '2026-03-03 15:47:11'),
(896, 1, 1, 'Bike Service Expense', 3000.00, NULL, -3777419.00, NULL, '2026-03-03', NULL, NULL, '2026-03-03 15:47:13', '2026-03-03 15:47:13'),
(897, 1, 1, 'Bike Service Expense', 170.00, NULL, -3777589.00, NULL, '2026-03-02', NULL, NULL, '2026-03-03 15:47:15', '2026-03-03 15:47:15'),
(898, 1, 1, 'Bike Service Expense', 2420.00, NULL, -3780009.00, NULL, '2026-03-02', NULL, NULL, '2026-03-03 15:47:17', '2026-03-03 15:47:17'),
(899, 1, 1, 'Bike Service Expense', 300.00, NULL, -3780309.00, NULL, '2026-03-02', NULL, NULL, '2026-03-03 15:47:19', '2026-03-03 15:47:19'),
(900, 1, 1, 'Bike Service Expense', 300.00, NULL, -3780609.00, NULL, '2026-03-01', NULL, NULL, '2026-03-03 15:47:20', '2026-03-03 15:47:20'),
(901, 1, 1, 'Bike Service Expense', 300.00, NULL, -3780909.00, NULL, '2026-03-01', NULL, NULL, '2026-03-03 15:47:22', '2026-03-03 15:47:22'),
(902, 1, 1, 'Bike Service Expense', 360.00, NULL, -3781269.00, NULL, '2026-03-01', NULL, NULL, '2026-03-03 15:47:24', '2026-03-03 15:47:24'),
(903, 1, 1, 'Bike Service Expense', 360.00, NULL, -3781629.00, NULL, '2026-03-01', NULL, NULL, '2026-03-03 15:47:25', '2026-03-03 15:47:25'),
(904, 1, 1, 'Bike Service Expense', 1900.00, NULL, -3783529.00, NULL, '2026-03-01', NULL, NULL, '2026-03-03 15:47:27', '2026-03-03 15:47:27'),
(905, 1, 1, 'Bike Service Expense', 3440.00, NULL, -3786969.00, NULL, '2026-03-01', NULL, NULL, '2026-03-03 15:47:29', '2026-03-03 15:47:29'),
(906, 1, 1, 'Bike Service Expense', 1550.00, NULL, -3788519.00, NULL, '2026-03-01', NULL, NULL, '2026-03-03 15:47:30', '2026-03-03 15:47:30'),
(907, 1, 1, 'Bike Service Expense', 6200.00, NULL, -3794719.00, NULL, '2026-03-01', NULL, NULL, '2026-03-03 15:47:32', '2026-03-03 15:47:32'),
(908, 1, 1, 'Bike Service Expense', 400.00, NULL, -3795119.00, NULL, '2026-02-28', NULL, NULL, '2026-03-03 15:47:34', '2026-03-03 15:47:34'),
(909, 1, 1, 'Bike Service Expense', 700.00, NULL, -3795819.00, NULL, '2026-02-28', NULL, NULL, '2026-03-03 15:47:36', '2026-03-03 15:47:36'),
(910, 1, 1, 'Bike Service Expense', 1000.00, NULL, -3796819.00, NULL, '2026-02-28', NULL, NULL, '2026-03-03 15:47:37', '2026-03-03 15:47:37'),
(911, 1, 1, 'Bike Service Expense', 600.00, NULL, -3797419.00, NULL, '2026-02-28', NULL, NULL, '2026-03-03 15:47:39', '2026-03-03 15:47:39'),
(912, 1, 1, 'Bike Service Expense', 100.00, NULL, -3797519.00, NULL, '2026-02-28', NULL, NULL, '2026-03-03 15:47:41', '2026-03-03 15:47:41'),
(913, 1, 1, 'Bike Service Expense', 600.00, NULL, -3798119.00, NULL, '2026-02-28', NULL, NULL, '2026-03-03 15:47:46', '2026-03-03 15:47:46'),
(914, 1, 1, 'Bike Sales', NULL, 198000.00, -3600119.00, NULL, '2026-03-02', NULL, NULL, '2026-03-03 15:51:07', '2026-03-03 15:51:07'),
(915, 1, 1, 'Bike Sales', NULL, 120000.00, -3480119.00, NULL, '2026-03-01', NULL, NULL, '2026-03-03 15:51:42', '2026-03-03 15:51:42'),
(916, 1, 1, 'Bike Sales', NULL, 220000.00, -3260119.00, NULL, '2026-02-24', NULL, NULL, '2026-03-03 15:52:04', '2026-03-03 15:52:04'),
(917, 1, 1, 'Bike Sales', NULL, 196000.00, -3064119.00, NULL, '2026-02-25', NULL, NULL, '2026-03-03 15:52:22', '2026-03-03 15:52:22'),
(918, 1, 1, 'Bike Sales', NULL, 219000.00, -2845119.00, NULL, '2026-02-24', NULL, NULL, '2026-03-03 15:52:33', '2026-03-03 15:52:33'),
(919, 1, 1, 'Bike Sales', NULL, 218000.00, -2627119.00, NULL, '2026-02-23', NULL, NULL, '2026-03-03 15:52:45', '2026-03-03 15:52:45'),
(920, 1, 1, 'Bike Purchase', 207000.00, NULL, -2834119.00, NULL, '2026-03-02', NULL, NULL, '2026-03-04 05:53:09', '2026-03-04 05:53:09'),
(921, 1, 1, 'Bike Purchase', 212000.00, NULL, -3046119.00, NULL, '2026-03-04', NULL, NULL, '2026-03-05 07:17:05', '2026-03-05 07:17:05'),
(922, 1, 1, 'Bike Purchase', 100.00, NULL, -3046219.00, NULL, '2026-03-03', NULL, NULL, '2026-03-05 07:17:29', '2026-03-05 07:17:29');

-- --------------------------------------------------------

--
-- Table structure for table `investor_transactions`
--

CREATE TABLE `investor_transactions` (
  `id` bigint(20) UNSIGNED NOT NULL,
  `investor_id` bigint(20) NOT NULL,
  `account_id` bigint(20) NOT NULL,
  `transaction_type` tinyint(4) NOT NULL,
  `particular` varchar(255) DEFAULT NULL,
  `credit_amount` decimal(20,2) DEFAULT NULL COMMENT 'Deposit',
  `debit_amount` decimal(20,2) DEFAULT NULL COMMENT 'Withdrawal',
  `current_balance` decimal(20,2) NOT NULL,
  `reference_number` varchar(255) DEFAULT NULL,
  `transaction_date` date NOT NULL,
  `description` text DEFAULT NULL,
  `status` tinyint(4) NOT NULL DEFAULT 0 COMMENT '0=Pending, 1=Approved',
  `created_by_id` bigint(20) DEFAULT NULL,
  `updated_by_id` bigint(20) DEFAULT NULL,
  `created_at` timestamp NULL DEFAULT NULL,
  `updated_at` timestamp NULL DEFAULT NULL
) ENGINE=InnoDB DEFAULT CHARSET=utf8mb4 COLLATE=utf8mb4_unicode_ci;

--
-- Dumping data for table `investor_transactions`
--

INSERT INTO `investor_transactions` (`id`, `investor_id`, `account_id`, `transaction_type`, `particular`, `credit_amount`, `debit_amount`, `current_balance`, `reference_number`, `transaction_date`, `description`, `status`, `created_by_id`, `updated_by_id`, `created_at`, `updated_at`) VALUES
(1, 2, 1, 0, NULL, 1312000.00, NULL, 1312000.00, NULL, '2025-05-31', 'Stock Bike Calculation', 1, 1, 1, '2025-05-31 10:00:57', '2025-05-31 10:01:02'),
(2, 3, 1, 0, NULL, 790000.00, NULL, 790000.00, NULL, '2025-05-31', 'Stock Bike Calculation', 1, 1, 1, '2025-05-31 15:59:44', '2025-05-31 15:59:49'),
(3, 4, 1, 0, NULL, 498000.00, NULL, 498000.00, NULL, '2025-05-31', 'Stock Bike Calculation', 1, 1, 1, '2025-05-31 16:24:16', '2025-05-31 16:24:23'),
(4, 5, 1, 0, NULL, 253000.00, NULL, 253000.00, NULL, '2025-05-31', 'Stock Bike Calculation', 1, 1, 1, '2025-05-31 16:42:57', '2025-05-31 16:43:36'),
(5, 6, 1, 0, NULL, 165000.00, NULL, 165000.00, NULL, '2025-05-31', 'Stock Bike Calculation', 1, 1, 1, '2025-05-31 16:43:27', '2025-05-31 16:43:32'),
(6, 7, 1, 0, NULL, 104000.00, NULL, 104000.00, NULL, '2025-05-31', 'Stock Bike Calculation', 1, 1, 1, '2025-05-31 16:47:51', '2025-05-31 16:47:58'),
(7, 2, 1, 0, NULL, 125000.00, NULL, 1437000.00, NULL, '2025-05-31', 'Stock Bike Calculation', 1, 1, 1, '2025-05-31 17:03:11', '2025-05-31 17:03:16'),
(8, 1, 1, 0, NULL, 100950.00, NULL, 100950.00, NULL, '2025-06-02', 'Bike Exp.', 1, 1, 1, '2025-06-02 13:53:08', '2025-06-02 13:53:18'),
(9, 1, 1, 0, NULL, 888000.00, NULL, 988950.00, NULL, '2025-06-04', 'R15 v3,GSXR,Gixxer MT', 1, 1, 1, '2025-06-04 13:03:54', '2025-06-04 13:04:01'),
(10, 8, 1, 0, NULL, 407100.00, NULL, 407100.00, NULL, '2025-06-05', 'Stock Bike Calculation', 1, 1, 1, '2025-06-05 07:44:35', '2025-06-05 07:44:42'),
(11, 1, 1, 0, NULL, 14160.00, NULL, 1003110.00, 'Exp.', '2025-06-05', NULL, 1, 1, 1, '2025-06-05 08:12:09', '2025-06-05 08:12:14'),
(12, 1, 1, 0, NULL, 145520.00, NULL, 1148630.00, 'All Exp.', '2025-06-05', NULL, 1, 1, 1, '2025-06-05 08:26:36', '2025-06-05 08:26:43'),
(13, 1, 1, 0, NULL, 117000.00, NULL, 1265630.00, NULL, '2025-06-06', 'Stock Bike Calculation', 1, 1, 1, '2025-06-06 16:10:54', '2025-06-06 16:10:59'),
(14, 2, 1, 0, NULL, NULL, 110000.00, 1327000.00, 'Raidar', '2025-06-07', NULL, 1, 1, 1, '2025-06-06 18:09:06', '2025-06-06 18:09:11'),
(15, 2, 1, 0, NULL, NULL, 65000.00, 1262000.00, 'Ignitor', '2025-06-07', NULL, 1, 1, 1, '2025-06-06 18:09:45', '2025-06-06 18:09:50'),
(16, 2, 1, 0, NULL, 130000.00, NULL, 1392000.00, 'Gixxer DD', '2025-06-28', NULL, 1, 1, 1, '2025-06-28 12:26:38', '2025-06-28 12:26:46'),
(17, 9, 1, 0, NULL, 445000.00, NULL, 595000.00, NULL, '2025-07-23', 'cash diposit', 1, 1, 1, '2025-07-23 08:10:48', '2025-07-23 08:11:33'),
(18, 9, 1, 0, NULL, 150000.00, NULL, 150000.00, NULL, '2025-07-23', 'cash diposit', 1, 1, 1, '2025-07-23 08:11:13', '2025-07-23 08:11:29'),
(19, 2, 1, 0, NULL, 18500.00, NULL, 1410500.00, 'Adjustment', '2025-07-26', NULL, 1, 1, 1, '2025-07-26 08:37:48', '2025-07-26 08:37:55'),
(21, 3, 1, 0, NULL, 15000.00, NULL, 805000.00, 'Adj-1', '2025-07-26', NULL, 1, 1, 1, '2025-07-26 08:40:25', '2025-07-26 08:40:30'),
(22, 7, 1, 0, NULL, NULL, 104000.00, 0.00, 'Hunk', '2025-07-26', NULL, 1, 1, 1, '2025-07-26 08:42:06', '2025-07-26 08:42:11'),
(23, 8, 1, 0, NULL, NULL, 165100.00, 242000.00, NULL, '2025-07-26', NULL, 1, 1, 1, '2025-07-26 08:43:13', '2025-07-26 08:43:19'),
(24, 9, 1, 0, NULL, NULL, 100000.00, 50000.00, NULL, '2025-07-30', 'cash diposit', 1, 1, 1, '2025-07-30 06:47:29', '2025-07-30 06:47:36'),
(25, 9, 1, 0, NULL, 296000.00, NULL, 346000.00, NULL, '2025-07-30', 'POS', 1, 1, 1, '2025-07-30 06:48:33', '2025-07-30 06:48:43'),
(26, 9, 1, 0, NULL, 220000.00, NULL, 566000.00, NULL, '2025-08-14', 'cash diposit', 1, 1, 1, '2025-08-14 08:14:43', '2025-08-14 08:14:50'),
(27, 9, 1, 0, NULL, 155000.00, NULL, 721000.00, NULL, '2025-10-04', 'Cash-130k,R15 P/S-25k', 1, 1, 1, '2025-10-04 08:09:45', '2025-10-04 08:11:54'),
(28, 9, 1, 0, NULL, NULL, 100000.00, 621000.00, NULL, '2025-10-04', NULL, 1, 1, 1, '2025-10-04 08:10:53', '2025-10-04 08:11:58'),
(29, 9, 1, 0, NULL, 50000.00, NULL, 671000.00, NULL, '2025-10-04', NULL, 1, 1, 1, '2025-10-04 08:11:16', '2025-10-04 08:12:02'),
(30, 9, 1, 0, NULL, NULL, 25000.00, 646000.00, NULL, '2025-10-04', NULL, 1, 1, 1, '2025-10-04 08:11:43', '2025-10-04 08:12:06'),
(31, 9, 1, 0, NULL, NULL, 119000.00, 527000.00, NULL, '2025-10-04', NULL, 1, 1, 1, '2025-10-04 08:12:38', '2025-10-04 08:12:43'),
(32, 9, 1, 0, NULL, 25000.00, NULL, 552000.00, NULL, '2025-10-04', 'Adjustment', 1, 1, 1, '2025-10-04 08:22:05', '2025-10-04 08:22:11'),
(33, 1, 1, 0, NULL, 2500000.00, NULL, 4765630.00, 'Ripon Dada', '2025-10-26', NULL, 1, 1, 1, '2025-10-26 09:57:17', '2025-10-26 10:00:31'),
(34, 1, 1, 0, NULL, 1000000.00, NULL, 3265630.00, 'Credit Card', '2025-10-26', NULL, 1, 1, 1, '2025-10-26 09:58:08', '2025-10-26 10:00:28'),
(35, 1, 1, 0, NULL, 1000000.00, NULL, 3265630.00, 'Ranjit Dada', '2025-10-26', NULL, 1, 1, 1, '2025-10-26 09:58:44', '2025-10-26 10:00:24'),
(36, 1, 1, 0, NULL, 1000000.00, NULL, 2265630.00, 'BRAC Loan', '2025-10-26', NULL, 1, 1, 1, '2025-10-26 10:00:12', '2025-10-26 10:00:18'),
(37, 3, 1, 0, NULL, NULL, 9000.00, 796000.00, NULL, '2025-10-26', 'Adjustment', 1, 1, 1, '2025-10-26 13:55:03', '2025-10-26 13:55:19'),
(38, 7, 1, 0, NULL, 911000.00, NULL, 911000.00, NULL, '2025-10-26', 'Investment', 1, 1, 1, '2025-10-26 14:58:34', '2025-10-26 14:58:39'),
(39, 6, 1, 0, NULL, NULL, 165000.00, 0.00, NULL, '2025-12-01', NULL, 1, 1, 1, '2025-12-01 06:03:59', '2025-12-01 06:04:09'),
(40, 4, 1, 0, NULL, NULL, 498000.00, 0.00, NULL, '2025-12-01', NULL, 1, 1, 1, '2025-12-01 06:06:06', '2025-12-01 06:06:12'),
(41, 5, 1, 0, NULL, NULL, 253000.00, 0.00, NULL, '2026-02-24', 'Lear', 1, 1, 1, '2026-02-24 05:20:53', '2026-02-24 05:21:48');

-- --------------------------------------------------------

--
-- Table structure for table `items`
--

CREATE TABLE `items` (
  `id` bigint(20) UNSIGNED NOT NULL,
  `cat_type_id` tinyint(4) NOT NULL,
  `cat_id` int(11) NOT NULL,
  `sub_cat_id` int(11) DEFAULT NULL,
  `unit_id` int(11) NOT NULL,
  `name` varchar(255) NOT NULL,
  `description` longtext DEFAULT NULL,
  `image` varchar(255) DEFAULT NULL,
  `purchase_price` double(20,2) NOT NULL DEFAULT 0.00,
  `sale_price` double(20,2) NOT NULL DEFAULT 0.00,
  `vat` double(5,2) NOT NULL DEFAULT 0.00,
  `sold_qty` double(20,2) NOT NULL DEFAULT 0.00,
  `current_stock` double(20,2) NOT NULL DEFAULT 0.00,
  `status` tinyint(4) NOT NULL DEFAULT 1,
  `created_at` timestamp NULL DEFAULT NULL,
  `updated_at` timestamp NULL DEFAULT NULL
) ENGINE=InnoDB DEFAULT CHARSET=utf8mb4 COLLATE=utf8mb4_unicode_ci;

-- --------------------------------------------------------

--
-- Table structure for table `menus`
--

CREATE TABLE `menus` (
  `id` bigint(20) UNSIGNED NOT NULL,
  `parent_id` int(11) NOT NULL DEFAULT 0,
  `srln` int(11) NOT NULL DEFAULT 1,
  `menu_name` varchar(255) NOT NULL,
  `navicon` varchar(255) DEFAULT NULL,
  `is_side_menu` tinyint(4) NOT NULL DEFAULT 0,
  `create_route` varchar(255) DEFAULT NULL,
  `route` varchar(255) DEFAULT NULL,
  `status` tinyint(4) NOT NULL DEFAULT 1,
  `created_at` timestamp NULL DEFAULT NULL,
  `updated_at` timestamp NULL DEFAULT NULL
) ENGINE=InnoDB DEFAULT CHARSET=utf8mb4 COLLATE=utf8mb4_unicode_ci;

--
-- Dumping data for table `menus`
--

INSERT INTO `menus` (`id`, `parent_id`, `srln`, `menu_name`, `navicon`, `is_side_menu`, `create_route`, `route`, `status`, `created_at`, `updated_at`) VALUES
(1, 0, 1, 'Dashboard', '<i class=\"nav-icon fas fa-tachometer-alt\"></i>', 1, NULL, 'dashboard.index', 1, '2024-10-26 02:56:54', '2024-10-27 22:37:52'),
(2, 0, 2, 'Settings', '<i class=\"nav-icon fa-solid fa-gear\"></i>', 1, NULL, 'basic-infos.index', 1, '2024-10-26 03:11:38', '2025-05-21 22:32:26'),
(3, 0, 3, 'Admin Manage', '<i class=\"nav-icon fa-solid fa-users-line\"></i>', 1, NULL, NULL, 1, '2024-10-26 03:16:45', '2024-11-03 22:01:46'),
(4, 3, 1, 'Roles', '<i class=\"far fa-dot-circle nav-icon\"></i>', 1, 'roles.create', 'roles.index', 1, '2024-10-26 03:17:46', '2024-10-27 00:44:02'),
(5, 3, 2, 'Admins', '<i class=\"far fa-dot-circle nav-icon\"></i>', 1, 'admins.create', 'admins.index', 1, '2024-10-26 03:34:05', '2024-10-26 05:40:22'),
(6, 4, 1, 'Add', NULL, 0, NULL, 'roles.create', 1, '2024-10-26 03:37:12', '2024-10-27 05:12:43'),
(7, 4, 2, 'Edit', NULL, 0, NULL, 'roles.edit', 1, '2024-10-26 03:37:49', '2024-10-26 03:37:49'),
(8, 4, 3, 'Delete', NULL, 0, NULL, 'roles.destroy', 1, '2024-10-26 03:38:13', '2024-10-26 03:38:13'),
(9, 5, 1, 'Add', NULL, 0, NULL, 'admins.create', 1, '2024-10-26 03:47:35', '2024-10-27 04:57:28'),
(10, 5, 2, 'Edit', NULL, 0, NULL, 'admins.edit', 1, '2024-10-26 03:47:54', '2024-10-27 01:00:26'),
(11, 5, 3, 'Delete', NULL, 0, NULL, 'admins.destroy', 1, '2024-10-26 03:48:07', '2024-10-27 00:51:02'),
(12, 0, 4, 'Frontend Menus', '<i class=\"nav-icon fas fa-wrench\"></i>', 1, 'frontend-menus.create', 'frontend-menus.index', 0, '2024-10-27 04:13:54', '2024-12-17 02:49:59'),
(13, 0, 5, 'Backend Menus', '<i class=\"nav-icon fas fa-clipboard-list\"></i>', 0, 'menus.create', 'menus.index', 0, '2024-10-27 05:17:41', '2025-03-10 22:21:38'),
(15, 29, 1, 'Payment Methods', '<i class=\"far fa-dot-circle nav-icon\"></i>', 1, 'payment-methods.create', 'payment-methods.index', 1, '2024-10-27 06:09:17', '2025-02-19 06:42:44'),
(16, 69, 3, 'Colors', '<i class=\"far fa-dot-circle nav-icon\"></i>', 1, 'colors.create', 'colors.index', 1, '2024-10-27 22:25:23', '2025-02-27 06:00:10'),
(17, 29, 2, 'Accounts', '<i class=\"far fa-dot-circle nav-icon\"></i>', 1, 'accounts.create', 'accounts.index', 1, '2024-10-28 05:21:04', '2025-02-19 06:00:01'),
(21, 19, 1, 'Add', NULL, 0, NULL, 'service-types.create', 1, '2024-10-31 04:28:22', '2024-10-31 04:31:33'),
(23, 19, 3, 'Delete', NULL, 0, NULL, 'service-types.destroy', 1, '2024-10-31 04:29:54', '2024-10-31 04:31:16'),
(24, 16, 1, 'Add', NULL, 0, NULL, 'colors.create', 1, '2024-10-31 04:32:07', '2025-03-11 02:45:06'),
(25, 16, 2, 'Edit', NULL, 0, NULL, 'colors.edit', 1, '2024-10-31 04:32:22', '2025-03-11 02:45:11'),
(29, 0, 6, 'Account Manage', '<i class=\"nav-icon fa fa-credit-card\"></i>', 1, NULL, NULL, 1, '2024-11-03 02:16:54', '2025-04-21 00:28:17'),
(30, 0, 10, 'Service Manage', '<i class=\"nav-icon fa fa-tools\"></i>', 1, NULL, NULL, 1, '2024-11-03 04:01:16', '2025-03-07 11:19:14'),
(33, 2, 1, 'Edit', NULL, 0, NULL, 'basic-infos.edit', 1, '2024-11-09 04:07:19', '2024-11-09 04:07:19'),
(34, 43, 1, 'Branch Manage', '<i class=\"far fa-dot-circle nav-icon\"></i>', 1, 'branches.create', 'branches.index', 1, '2024-12-21 22:37:22', '2025-01-12 05:37:55'),
(35, 69, 5, 'Bike Purchases', '<i class=\"far fa-dot-circle nav-icon\"></i>', 1, 'bike-purchases.create', 'bike-purchases.index', 1, '2024-12-29 04:40:45', '2025-02-27 06:01:16'),
(36, 30, 2, 'Services', '<i class=\"nav-icon far fa-dot-circle\"></i>', 1, 'bike-services.create', 'bike-services.index', 1, '2024-12-29 05:01:41', '2025-03-08 00:15:52'),
(37, 20, 1, 'Add', NULL, 0, NULL, 'transfer-requisitions.create', 1, '2024-12-30 06:04:19', '2024-12-30 06:04:19'),
(38, 20, 2, 'Edit', NULL, 0, NULL, 'transfer-requisitions.edit', 1, '2024-12-30 06:04:54', '2024-12-30 06:04:54'),
(39, 20, 3, 'Delete', NULL, 0, NULL, 'transfer-requisitions.destroy', 1, '2024-12-30 06:05:24', '2024-12-30 06:05:24'),
(40, 69, 2, 'Bike Models', '<i class=\"far fa-dot-circle nav-icon\"></i>', 1, 'bike-models.create', 'bike-models.index', 1, '2025-01-03 23:01:10', '2025-02-27 06:00:44'),
(41, 40, 1, 'Add', '<i class=\"nav-icon fas fa-check-circle\"></i>', 0, NULL, 'assets-statuses.create', 1, '2025-01-04 00:21:56', '2025-01-04 00:21:56'),
(42, 36, 1, 'Edit', NULL, 0, NULL, 'transfer-requisitions.edit-incoming', 0, '2025-01-06 06:01:59', '2025-02-27 04:44:36'),
(43, 0, 12, 'Employee Manage', '<i class=\"fas fa-users\"></i>', 1, NULL, NULL, 0, '2025-01-12 05:17:06', '2025-02-19 01:05:07'),
(44, 43, 1, 'Departments', '<i class=\"far fa-dot-circle nav-icon\"></i>', 1, 'departments.create', 'departments.index', 1, '2025-01-12 05:20:43', '2025-01-12 05:22:11'),
(45, 43, 4, 'Employee', '<i class=\"far fa-dot-circle nav-icon\"></i>', 1, 'employees.create', 'employees.index', 1, '2025-01-12 05:37:35', '2025-01-19 12:31:03'),
(46, 184, 1, 'Bike Stock', NULL, 0, NULL, NULL, 1, '2025-01-19 02:34:20', '2025-03-19 00:27:09'),
(47, 184, 2, 'Investors Bike', NULL, 0, NULL, NULL, 1, '2025-01-19 02:34:37', '2025-04-16 04:32:00'),
(48, 184, 3, 'My Bikes', NULL, 0, NULL, NULL, 1, '2025-01-19 02:34:50', '2025-04-16 04:35:43'),
(49, 184, 4, 'Total Sold', NULL, 0, NULL, NULL, 1, '2025-01-19 02:35:06', '2025-04-16 04:32:29'),
(50, 184, 5, 'Today\'s Purchase', NULL, 0, NULL, NULL, 1, '2025-01-19 03:07:13', '2025-04-22 04:22:10'),
(51, 43, 3, 'Designation', '<i class=\"far fa-dot-circle nav-icon\"></i>', 1, 'designations.create', 'designations.index', 1, '2025-01-19 12:29:53', '2025-01-19 12:32:16'),
(52, 0, 13, 'All Reports', '<i class=\"nav-icon fas fa-file-alt\"></i>', 1, NULL, NULL, 1, '2025-01-28 22:26:54', '2025-03-19 01:35:24'),
(53, 52, 1, 'Asset Inventory', '<i class=\"nav-icon far fa-dot-circle\"></i>', 1, NULL, 'asset-innventory.assetInventoryIndex', 0, '2025-01-28 22:29:32', '2025-02-25 23:38:09'),
(54, 52, 2, 'Monthly Bike Sales', '<i class=\"nav-icon far fa-dot-circle\"></i>', 1, NULL, 'reports.monthly-bike-sales', 1, '2025-01-28 22:30:09', '2025-03-21 22:02:11'),
(55, 52, 3, 'Bike Inventory', '<i class=\"nav-icon far fa-dot-circle\"></i>', 1, NULL, 'reports.bike-inventory', 1, '2025-01-28 22:30:44', '2025-03-22 00:37:21'),
(56, 52, 4, 'Monthly Expense', '<i class=\"nav-icon far fa-dot-circle\"></i>', 1, NULL, 'reports.monthly-expenses', 1, '2025-01-28 22:33:07', '2025-03-22 12:01:30'),
(57, 52, 5, 'Profit Loss Statement', '<i class=\"nav-icon far fa-dot-circle\"></i>', 1, NULL, 'reports.profit-loss-statement', 1, '2025-01-28 22:36:00', '2025-04-13 03:24:28'),
(58, 52, 6, 'Accounts Ledger', '<i class=\"nav-icon far fa-dot-circle\"></i>', 1, NULL, 'reports.account-ledger', 1, '2025-01-28 22:36:22', '2025-04-15 22:37:51'),
(59, 52, 7, 'Stock Reports', '<i class=\"nav-icon far fa-dot-circle\"></i>', 1, NULL, 'reports.stock-reports', 1, '2025-01-28 22:36:39', '2025-04-19 23:42:15'),
(60, 52, 8, 'Stock History', '<i class=\"nav-icon far fa-dot-circle\"></i>', 1, NULL, 'reports.stock-histories', 1, '2025-01-28 22:36:58', '2025-04-20 02:33:56'),
(61, 52, 9, 'Procurement History', '<i class=\"nav-icon far fa-dot-circle\"></i>', 1, NULL, NULL, 0, '2025-01-28 22:37:22', '2025-03-21 21:35:16'),
(62, 52, 10, 'Compliance', '<i class=\"nav-icon far fa-dot-circle\"></i>', 1, NULL, NULL, 0, '2025-01-28 22:37:43', '2025-03-21 21:35:25'),
(63, 167, 1, 'Investors', '<i class=\"far fa-dot-circle nav-icon\"></i>', 1, 'investors.create', 'investors.index', 1, '2025-02-19 01:06:17', '2025-04-21 01:05:52'),
(64, 167, 2, 'Investor Transaction', '<i class=\"far fa-dot-circle nav-icon\"></i>', 1, 'investor-transactions.create', 'investor-transactions.index', 1, '2025-02-19 22:28:14', '2025-04-21 01:08:53'),
(65, 64, 1, 'Edit', NULL, 0, NULL, 'investor-transactions.edit', 1, '2025-02-25 23:36:31', '2025-02-25 23:36:31'),
(66, 64, 2, 'Delete', NULL, 0, NULL, 'investor-transactions.destroy', 1, '2025-02-25 23:37:01', '2025-02-25 23:37:01'),
(67, 64, 3, 'Approve', NULL, 0, NULL, 'investor-transactions.approve', 1, '2025-02-25 23:38:40', '2025-02-25 23:38:40'),
(68, 64, 1, 'Add', NULL, 0, NULL, 'investor-transactions.create', 1, '2025-02-26 00:09:30', '2025-02-26 00:09:30'),
(69, 0, 7, 'Bike Manage', '<i class=\"nav-icon fa fa-motorcycle\"></i>', 1, NULL, NULL, 1, '2025-02-27 05:55:21', '2025-03-07 11:24:00'),
(70, 69, 1, 'Brands', '<i class=\"far fa-dot-circle nav-icon\"></i>', 1, 'brands.create', 'brands.index', 1, '2025-02-27 05:59:49', '2025-02-27 05:59:49'),
(71, 29, 3, 'Fund Transfer', '<i class=\"far fa-dot-circle nav-icon\"></i>', 1, 'fundtransfers.create', 'fundtransfers.index', 1, '2025-03-03 03:31:14', '2025-04-20 22:32:15'),
(72, 30, 1, 'Service Category', '<i class=\"far fa-dot-circle nav-icon\"></i>', 1, 'bike-service-categories.create', 'bike-service-categories.index', 1, '2025-03-04 23:33:32', '2025-03-08 00:15:47'),
(73, 69, 7, 'Bike Service Records', '<i class=\"far fa-dot-circle nav-icon\"></i>', 1, 'bike-service-records.create', 'bike-service-records.index', 1, '2025-03-05 03:42:01', '2025-03-08 21:35:59'),
(74, 30, 4, 'Cust Service Records', '<i class=\"far fa-dot-circle nav-icon\"></i>', 0, NULL, NULL, 1, '2025-03-08 00:14:26', '2025-03-10 22:35:03'),
(75, 72, 2, 'Add', NULL, 0, NULL, 'bike-service-categories.create', 1, '2025-03-08 03:30:58', '2025-03-08 03:31:30'),
(76, 72, 2, 'Edit', NULL, 0, NULL, 'bike-service-categories.edit', 1, '2025-03-08 03:32:41', '2025-03-08 03:32:41'),
(77, 36, 1, 'Add', NULL, 0, NULL, 'create-route:- bike-services.create', 1, '2025-03-08 03:34:17', '2025-03-08 03:34:17'),
(78, 36, 2, 'Edit', NULL, 0, NULL, 'bike-services.edit', 1, '2025-03-08 03:34:53', '2025-03-08 03:34:53'),
(79, 73, 1, 'Add', NULL, 0, NULL, 'bike-service-records.create', 1, '2025-03-08 03:35:53', '2025-03-08 03:35:53'),
(80, 73, 2, 'Edit', NULL, 0, NULL, 'bike-service-records.edit', 1, '2025-03-08 03:36:36', '2025-03-08 03:36:36'),
(81, 73, 3, 'Delete', NULL, 0, NULL, 'bike-service-records.destroy', 1, '2025-03-08 03:37:16', '2025-03-08 03:37:16'),
(82, 73, 4, 'Approve', NULL, 0, NULL, 'bike-service-records.approve', 1, '2025-03-08 03:38:04', '2025-03-08 03:38:04'),
(84, 69, 6, 'Bike Sales', '<i class=\"far fa-dot-circle nav-icon\"></i>', 1, 'bike-sales.create', 'bike-sales.index', 1, '2025-03-08 21:36:54', '2025-03-08 21:36:54'),
(85, 69, 8, 'Bike Profit', '<i class=\"far fa-dot-circle nav-icon\"></i>', 1, NULL, 'bike-profits.index', 1, '2025-03-10 01:21:36', '2025-03-10 02:23:41'),
(86, 63, 1, 'Edit', NULL, 0, NULL, 'investors.edit', 1, '2025-03-11 02:14:15', '2025-03-11 02:14:15'),
(87, 63, -1, 'Add', NULL, 0, NULL, 'investors.create', 1, '2025-03-11 02:14:52', '2025-03-11 02:14:52'),
(88, 15, 1, 'Add', NULL, 0, NULL, 'payment-methods.create', 1, '2025-03-11 02:15:34', '2025-03-11 02:15:34'),
(89, 15, 2, 'Edit', NULL, 0, NULL, 'payment-methods.edit', 1, '2025-03-11 02:15:51', '2025-03-11 02:15:51'),
(90, 17, 1, 'Add', NULL, 0, NULL, 'accounts.create', 1, '2025-03-11 02:16:27', '2025-03-11 02:16:27'),
(91, 17, 2, 'Edit', NULL, 0, NULL, 'accounts.edit', 1, '2025-03-11 02:16:42', '2025-03-11 02:16:42'),
(92, 70, 1, 'Add', NULL, 0, NULL, 'brands.create', 1, '2025-03-11 02:38:46', '2025-03-11 02:38:46'),
(93, 70, 2, 'Edit', NULL, 0, NULL, 'brands.edit', 1, '2025-03-11 02:38:59', '2025-03-11 02:38:59'),
(94, 40, 2, 'Edit', NULL, 0, NULL, 'bike-models.edit', 1, '2025-03-11 02:41:05', '2025-03-11 02:41:05'),
(95, 35, 1, 'Add', NULL, 0, NULL, 'bike-purchases.create', 1, '2025-03-11 02:46:20', '2025-03-17 22:35:27'),
(96, 35, 2, 'Edit', NULL, 0, NULL, 'bike-purchases.edit', 1, '2025-03-11 02:46:31', '2025-03-17 22:35:31'),
(97, 35, 3, 'Delete', NULL, 0, NULL, 'bike-purchases.destroy', 1, '2025-03-11 02:47:19', '2025-03-17 22:35:35'),
(98, 35, 4, 'Approve', NULL, 0, NULL, 'bike-purchases.approve', 1, '2025-03-11 02:48:25', '2025-03-17 22:35:39'),
(99, 84, 1, 'Add', NULL, 0, NULL, 'bike-sales.create', 1, '2025-03-11 02:49:28', '2025-03-11 02:49:28'),
(100, 84, 2, 'Edit', NULL, 0, NULL, 'bike-sales.edit', 1, '2025-03-11 02:49:39', '2025-03-11 02:49:39'),
(101, 84, 3, 'Delete', NULL, 0, NULL, 'bike-sales.destroy', 1, '2025-03-11 02:49:56', '2025-03-11 02:49:56'),
(102, 84, 4, 'Approve', NULL, 0, NULL, 'bike-sales.approve', 1, '2025-03-11 02:50:23', '2025-03-11 02:50:23'),
(103, 85, 1, 'Edit', NULL, 0, NULL, 'bike-profits.edit', 1, '2025-03-11 02:51:17', '2025-03-11 02:51:17'),
(104, 85, 2, 'Close', NULL, 0, NULL, 'bike-profits.change-status', 1, '2025-03-11 02:51:37', '2025-03-14 14:05:47'),
(105, 0, 10, 'Expense Manage', '<i class=\"nav-icon fa-solid fa-money-bill-wave\"></i>', 1, NULL, NULL, 1, '2025-03-11 21:50:17', '2025-03-11 21:50:51'),
(106, 105, 1, 'Category', '<i class=\"far fa-dot-circle nav-icon\"></i>', 1, 'expense-categories.create', 'expense-categories.index', 1, '2025-03-11 21:50:17', '2025-03-11 22:32:03'),
(107, 106, 1, 'Add', NULL, 0, 'expense-categories.create', 'expense-categories.create', 1, '2025-03-11 22:32:22', '2025-03-11 22:33:55'),
(108, 106, 2, 'Edit', NULL, 0, NULL, 'expense-categories.edit', 1, '2025-03-11 22:33:32', '2025-03-11 22:33:32'),
(109, 105, 1, 'Expense Heads', '<i class=\"far fa-dot-circle nav-icon\"></i>', 1, 'expense-heads.create', 'expense-heads.index', 1, '2025-03-11 23:14:34', '2025-03-11 23:14:34'),
(110, 105, 3, 'Expenses', '<i class=\"far fa-dot-circle nav-icon\"></i>', 1, 'expenses.create', 'expenses.index', 1, '2025-03-12 00:35:41', '2025-03-12 00:35:41'),
(111, 109, 1, 'Add', NULL, 0, NULL, 'expense-heads.create', 1, '2025-03-12 00:36:37', '2025-03-12 00:36:37'),
(112, 109, 2, 'Edit', NULL, 0, NULL, 'expense-heads.edit', 1, '2025-03-12 00:36:58', '2025-03-12 00:36:58'),
(113, 110, 1, 'Add', NULL, 0, NULL, 'expenses.create', 1, '2025-03-12 00:38:33', '2025-03-12 00:38:33'),
(114, 110, 2, 'Edit', NULL, 0, NULL, 'expenses.edit', 1, '2025-03-12 00:38:50', '2025-03-12 00:38:50'),
(115, 110, 3, 'Delete', NULL, 0, NULL, 'expenses.destroy', 1, '2025-03-12 00:39:22', '2025-03-12 00:39:22'),
(116, 110, 4, 'Approve', NULL, 0, NULL, 'expenses.approve', 1, '2025-03-12 00:39:54', '2025-03-12 00:39:54'),
(117, 73, 5, 'View', NULL, 0, NULL, 'bike-service-records.view', 1, '2025-03-12 03:21:49', '2025-03-20 02:05:57'),
(118, 110, 5, 'View', NULL, 0, NULL, 'expenses.view', 1, '2025-03-12 03:53:02', '2025-03-12 03:53:02'),
(119, 85, 3, 'View Records', NULL, 0, NULL, 'bike-profits.share-records', 1, '2025-03-14 14:06:39', '2025-03-14 14:06:39'),
(120, 119, 1, 'Edit', NULL, 0, NULL, 'bike-profits.share-records.edit', 1, '2025-03-14 14:08:04', '2025-03-14 14:08:04'),
(121, 119, 2, 'Delete', NULL, 0, NULL, 'bike-profits.share-records.destroy', 1, '2025-03-14 14:08:50', '2025-03-14 14:10:43'),
(122, 119, 3, 'Approve', NULL, 0, NULL, 'bike-profits.share-records.approve', 1, '2025-03-14 14:09:29', '2025-03-14 14:09:29'),
(123, 119, 0, 'Create', NULL, 0, NULL, 'bike-profits.share-records.create', 1, '2025-03-14 14:11:31', '2025-03-14 14:11:50'),
(124, 130, 1, 'Setup', '<i class=\"fa-solid fa-users-gear nav-icon\"></i>', 1, NULL, NULL, 1, '2025-03-14 22:25:16', '2025-03-16 21:32:06'),
(125, 124, 1, 'Category', '<i class=\"far fa-dot-circle nav-icon\"></i>', 1, 'categories.create', 'categories.index', 1, '2025-03-14 22:26:40', '2025-03-14 22:37:43'),
(126, 124, 2, 'Sub Category', '<i class=\"far fa-dot-circle nav-icon\"></i>', 1, 'sub-categories.create', 'sub-categories.index', 1, '2025-03-14 22:39:29', '2025-03-14 22:39:29'),
(127, 124, 3, 'Items', '<i class=\"far fa-dot-circle nav-icon\"></i>', 1, 'items.create', 'items.index', 1, '2025-03-14 22:58:29', '2025-03-14 22:58:29'),
(128, 124, 4, 'Suppliers', '<i class=\"far fa-dot-circle nav-icon\"></i>', 1, 'suppliers.create', 'suppliers.index', 1, '2025-03-15 12:51:51', '2025-03-16 21:49:08'),
(129, 130, 4, 'Supplier Payments', '<i class=\"far fa-dot-circle nav-icon\"></i>', 1, 'payments.create', 'payments.index', 1, '2025-03-15 13:14:30', '2025-03-23 03:39:42'),
(130, 0, 11, 'Inventory Manage', '<i class=\"nav-icon fas fa-warehouse\"></i>', 1, NULL, NULL, 1, '2025-03-15 13:22:44', '2025-03-15 13:27:15'),
(131, 130, 2, 'Purchase', '<i class=\"far fa-dot-circle nav-icon\"></i>', 1, 'purchases.create', 'purchases.index', 1, '2025-03-16 03:00:54', '2025-03-23 03:38:41'),
(133, 73, 6, 'Print', NULL, 0, NULL, 'bike-service-records.print', 1, '2025-03-20 02:05:40', '2025-05-27 03:19:46'),
(134, 35, 5, 'View', NULL, 0, NULL, 'bike-purchases.invoice', 1, '2025-03-20 03:05:09', '2025-03-20 03:05:09'),
(135, 35, 6, 'Print', NULL, 0, NULL, 'bike-purchases.invoice.print', 1, '2025-03-20 03:05:32', '2025-03-20 03:05:32'),
(136, 124, 5, 'Customers', '<i class=\"far fa-dot-circle nav-icon\"></i>', 1, 'customers.create', 'customers.index', 1, '2025-03-22 13:17:08', '2025-03-22 13:17:35'),
(137, 130, 3, 'Sales', '<i class=\"far fa-dot-circle nav-icon\"></i>', 1, 'sales.create', 'sales.index', 1, '2025-03-22 14:31:30', '2025-03-23 03:39:11'),
(138, 130, 5, 'Customer Payment', '<i class=\"far fa-dot-circle nav-icon\"></i>', 1, 'customer-payments.create', 'customer-payments.index', 1, '2025-03-23 02:47:00', '2025-03-23 02:47:00'),
(139, 0, 12, 'Loan Manage', '<i class=\"nav-icon fas fa-hand-holding-usd\"></i>', 1, NULL, NULL, 1, '2025-04-08 23:37:41', '2025-04-08 23:37:41'),
(140, 139, 1, 'Party Manage', '<i class=\"far fa-dot-circle nav-icon\"></i>', 1, 'parties.create', 'parties.index', 1, '2025-04-08 23:39:23', '2025-04-08 23:39:23'),
(141, 139, 2, 'Loans', '<i class=\"far fa-dot-circle nav-icon\"></i>', 1, 'loans.create', 'loans.index', 1, '2025-04-09 22:25:30', '2025-04-09 22:25:41'),
(142, 139, 3, 'Party Payments', '<i class=\"far fa-dot-circle nav-icon\"></i>', 1, NULL, 'party-payments.index', 1, '2025-04-10 12:01:23', '2025-04-10 12:03:56'),
(143, 141, 1, 'Add', NULL, 0, NULL, 'loans.create', 1, '2025-04-11 11:13:03', '2025-04-11 11:13:03'),
(144, 141, 2, 'Edit', NULL, 0, NULL, 'loans.edit', 1, '2025-04-11 11:15:09', '2025-04-11 11:15:09'),
(145, 141, 3, 'Delete', NULL, 0, NULL, 'loans.destroy', 1, '2025-04-11 11:15:28', '2025-04-11 11:15:28'),
(146, 141, 4, 'Approve', NULL, 0, NULL, 'loans.approve', 1, '2025-04-11 11:16:04', '2025-04-11 11:16:04'),
(147, 141, 5, 'View', NULL, 0, NULL, 'loans.invoice', 1, '2025-04-11 11:17:32', '2025-04-11 11:17:32'),
(148, 141, 6, 'Print', NULL, 0, NULL, 'loans.invoice.print', 1, '2025-04-11 11:17:58', '2025-04-11 11:17:58'),
(149, 131, 1, 'Add', NULL, 0, NULL, 'purchases.create', 1, '2025-04-13 01:08:40', '2025-04-13 01:08:40'),
(150, 131, 2, 'Edit', NULL, 0, NULL, 'purchases.edit', 1, '2025-04-13 01:09:15', '2025-04-13 01:09:15'),
(151, 131, 3, 'Delete', NULL, 0, NULL, 'purchases.destroy', 1, '2025-04-13 01:09:32', '2025-04-13 01:09:32'),
(152, 131, 5, 'View', NULL, 0, NULL, 'purchases.vouchar', 1, '2025-04-13 01:11:25', '2025-04-13 01:11:25'),
(153, 131, 6, 'Print', NULL, 0, NULL, 'purchases.vouchar.print', 1, '2025-04-13 01:11:48', '2025-04-13 01:11:48'),
(154, 131, 4, 'Add Payment', NULL, 0, NULL, 'purchases.payment.store', 1, '2025-04-13 01:12:31', '2025-04-13 01:13:29'),
(155, 137, 1, 'Add', NULL, 0, NULL, 'sales.create', 1, '2025-04-13 02:50:15', '2025-04-13 02:50:15'),
(156, 137, 2, 'Edit', NULL, 0, NULL, 'sales.edit', 1, '2025-04-13 02:50:37', '2025-04-13 02:50:37'),
(157, 137, 3, 'Delete', NULL, 0, NULL, 'sales.destroy', 1, '2025-04-13 02:50:52', '2025-04-13 02:50:52'),
(158, 137, 4, 'Approve', NULL, 0, NULL, 'sales.approve', 1, '2025-04-13 02:51:25', '2025-04-13 02:51:25'),
(159, 137, 5, 'View', NULL, 0, NULL, 'sales.invoice', 1, '2025-04-13 02:52:47', '2025-04-13 02:52:47'),
(160, 137, 6, 'Print', NULL, 0, NULL, 'sales.invoice.print', 1, '2025-04-13 02:53:16', '2025-04-13 02:53:16'),
(161, 137, 7, 'Payment', NULL, 0, NULL, 'sales.payment.store', 1, '2025-04-13 02:53:58', '2025-04-13 02:53:58'),
(162, 35, 8, 'Repurchase', NULL, 0, NULL, 'bike-purchases.repurchase', 1, '2025-04-19 23:24:13', '2025-04-19 23:24:13'),
(163, 71, 1, 'Add', NULL, 0, NULL, 'fundtransfers.create', 1, '2025-04-21 00:57:36', '2025-04-21 00:57:36'),
(164, 71, 2, 'Edit', NULL, 0, NULL, 'fundtransfers.edit', 1, '2025-04-21 00:57:55', '2025-04-21 00:57:55'),
(165, 71, 3, 'Delete', NULL, 0, NULL, 'fundtransfers.destroy', 1, '2025-04-21 00:58:14', '2025-04-21 00:58:14'),
(166, 71, 4, 'Approve', NULL, 0, NULL, 'fundtransfers.approve', 1, '2025-04-21 00:58:30', '2025-04-21 00:58:30'),
(167, 0, 5, 'Investor Manage', '<i class=\"nav-icon fas fa-user-tie\"></i>', 1, NULL, NULL, 1, '2025-04-21 01:05:14', '2025-04-21 01:05:14'),
(168, 184, 6, 'Today\'s Sale', NULL, 0, NULL, NULL, 1, '2025-04-22 04:22:35', '2025-04-22 04:22:35'),
(169, 182, 6, 'Expense', NULL, 0, NULL, NULL, 1, '2025-04-22 04:22:53', '2025-04-22 04:22:53'),
(170, 182, 1, 'Accessories Sales', NULL, 0, NULL, NULL, 1, '2025-04-22 04:23:13', '2025-04-22 04:23:30'),
(171, 182, 2, 'Service Sales', NULL, 0, NULL, NULL, 1, '2025-04-22 04:23:49', '2025-04-22 04:23:49'),
(172, 182, 3, 'Spare Parts Sales', NULL, 0, NULL, NULL, 1, '2025-04-22 04:24:04', '2025-04-22 04:24:04'),
(173, 183, 1, 'Today\'s Investor\'s Profit Payment', NULL, 0, NULL, NULL, 1, '2025-04-22 04:24:26', '2025-04-22 04:24:26'),
(174, 183, 2, 'Today\'s New Investment', NULL, 0, NULL, NULL, 1, '2025-04-22 04:24:47', '2025-04-22 04:24:47'),
(175, 183, 3, 'Today\'s Investment Withdraw', NULL, 0, NULL, NULL, 1, '2025-04-22 04:25:10', '2025-04-22 04:25:10'),
(176, 52, 5, 'Accounts Reports', '<i class=\"far fa-dot-circle nav-icon\"></i>', 1, NULL, 'reports.accounts-reports', 1, '2025-04-22 21:17:35', '2025-04-22 21:17:35'),
(177, 52, 11, 'Supplier Ledgers', '<i class=\"nav-icon far fa-dot-circle\"></i>', 1, NULL, 'reports.supplier-ledger', 1, '2025-04-22 21:54:35', '2025-06-22 00:02:10'),
(178, 182, 4, 'Total Item & Service Sales', NULL, 0, NULL, NULL, 1, '2025-04-23 04:50:23', '2025-04-23 04:50:23'),
(179, 182, 5, 'Purchase', NULL, 0, NULL, NULL, 1, '2025-04-23 04:53:52', '2025-05-23 21:19:42'),
(180, 183, 4, 'Investors Investment Capital', NULL, 0, NULL, NULL, 1, '2025-04-23 04:56:04', '2025-04-23 04:56:04'),
(181, 183, 5, 'My Investment Capital', NULL, 0, NULL, NULL, 1, '2025-04-23 04:57:37', '2025-04-23 04:57:37'),
(182, 1, 3, 'Purchase, Sales & Expense Info', NULL, 0, NULL, NULL, 1, '2025-04-23 04:58:23', '2025-05-23 21:20:05'),
(183, 1, 4, 'Investement Info', NULL, 0, NULL, NULL, 1, '2025-04-23 05:00:28', '2025-04-23 05:00:28'),
(184, 1, 5, 'Bike Info', NULL, 0, NULL, NULL, 1, '2025-04-23 05:01:24', '2025-04-23 05:01:24'),
(185, 52, 1, 'My Bikes', '<i class=\"far fa-dot-circle nav-icon\"></i>', 1, NULL, 'reports.my-bikes', 1, '2025-05-17 22:09:56', '2025-05-17 22:09:56'),
(186, 52, 1, 'Investment Report', '<i class=\"far fa-dot-circle nav-icon\"></i>', 1, NULL, 'reports.investment', 1, '2025-05-18 00:39:44', '2025-05-18 00:39:44'),
(187, 52, 1, 'Bike Profit Report', '<i class=\"far fa-dot-circle nav-icon\"></i>', 1, NULL, 'reports.bike-profit', 1, '2025-05-18 05:07:55', '2025-05-18 05:07:55'),
(188, 52, 1, 'Investor Ledger', '<i class=\"far fa-dot-circle nav-icon\"></i>', 1, NULL, 'reports.investor-ledger', 1, '2025-05-18 22:08:11', '2025-05-18 22:08:11'),
(189, 1, 2, 'Loan Status', NULL, 0, NULL, NULL, 1, '2025-05-21 04:52:15', '2025-05-21 04:52:15'),
(190, 1, 1, 'Financial Status', NULL, 0, NULL, NULL, 1, '2025-05-21 04:53:32', '2025-05-21 04:53:32'),
(191, 190, 1, 'Total Investment Capital', NULL, 0, NULL, NULL, 1, '2025-05-21 04:55:27', '2025-05-21 04:55:27'),
(192, 190, 2, 'Total Item Stock Value', NULL, 0, NULL, NULL, 1, '2025-05-21 04:55:36', '2025-05-21 04:55:36'),
(193, 190, 3, 'Total Bike Stock Value', NULL, 0, NULL, NULL, 1, '2025-05-21 04:55:45', '2025-05-21 04:55:45'),
(194, 190, 4, 'Cash Balance', NULL, 0, NULL, NULL, 1, '2025-05-21 04:55:54', '2025-05-21 04:55:54'),
(195, 190, 5, 'Total Expense', NULL, 0, NULL, NULL, 1, '2025-05-21 04:56:20', '2025-05-21 04:56:20'),
(196, 190, 6, 'Total Purchase', NULL, 0, NULL, NULL, 1, '2025-05-21 04:56:32', '2025-05-21 04:56:32'),
(197, 190, 7, 'Total Sale', NULL, 0, NULL, NULL, 1, '2025-05-21 04:56:42', '2025-05-21 04:56:42'),
(198, 189, 1, 'Total Loan Amount Receiveable', NULL, 0, NULL, NULL, 1, '2025-05-21 04:58:47', '2025-05-21 04:58:47'),
(199, 189, 2, 'Total Loan Amount Payable', NULL, 0, NULL, NULL, 1, '2025-05-21 04:59:03', '2025-05-21 04:59:03'),
(200, 183, 6, 'My Available Balance', NULL, 0, NULL, NULL, 1, '2025-05-21 06:07:28', '2025-05-21 06:07:28'),
(201, 190, 7, 'Total Bike Service Expense', NULL, 0, NULL, NULL, 1, '2025-05-28 02:28:24', '2025-05-28 02:37:46'),
(202, 52, 1, 'Bike Service Report', '<i class=\"far fa-dot-circle nav-icon\"></i>', 1, NULL, 'reports.bike-service-reports', 1, '2025-05-29 04:55:52', '2025-05-29 04:56:37'),
(203, 84, 6, 'View', NULL, 0, NULL, 'bike-sales.invoice', 1, '2025-05-29 05:09:45', '2025-05-29 05:09:45'),
(204, 84, 7, 'Print', NULL, 0, NULL, 'bike-sales.invoice.print', 1, '2025-05-29 05:10:04', '2025-05-29 05:10:04'),
(205, 52, 12, 'Purchase Report', '<i class=\"far fa-dot-circle nav-icon\"></i>', 1, NULL, 'reports.purchase-report', 1, '2025-06-28 03:50:42', '2025-06-28 03:50:42'),
(206, 52, 13, 'Sales Report', '<i class=\"far fa-dot-circle nav-icon\"></i>', 1, NULL, 'reports.sales-report', 1, '2025-06-28 03:51:14', '2025-06-28 03:51:14');

-- --------------------------------------------------------

--
-- Table structure for table `migrations`
--

CREATE TABLE `migrations` (
  `id` int(10) UNSIGNED NOT NULL,
  `migration` varchar(255) NOT NULL,
  `batch` int(11) NOT NULL
) ENGINE=InnoDB DEFAULT CHARSET=utf8mb4 COLLATE=utf8mb4_unicode_ci;

--
-- Dumping data for table `migrations`
--

INSERT INTO `migrations` (`id`, `migration`, `batch`) VALUES
(1, '2014_10_12_100000_create_password_resets_table', 1),
(2, '2019_08_19_000000_create_failed_jobs_table', 2),
(3, '2019_12_14_000001_create_personal_access_tokens_table', 3),
(4, '2014_10_12_000000_create_users_table', 4),
(5, '2024_01_30_123321_create_roles_table', 5),
(6, '2024_01_30_123933_create_privileges_table', 6),
(7, '2023_12_26_114309_create_admins_table', 7),
(8, '2023_10_21_001204_create_basic_infos_table', 8),
(9, '2024_01_30_140322_create_menus_table', 9),
(10, '2024_10_26_114524_create_frontend_menus_table', 10),
(15, '2025_02_19_124857_create_investors_table', 11),
(17, '2025_02_19_163817_create_payment_methods_table', 12),
(18, '2025_02_19_174328_create_accounts_table', 13),
(20, '2025_02_20_091126_create_account_ledgers_table', 14),
(22, '2025_02_20_100226_create_investor_transactions_table', 15),
(24, '2025_02_27_092131_create_brands_table', 16),
(25, '2025_02_27_095812_create_bike_models_table', 17),
(27, '2025_02_27_115707_create_colors_table', 18),
(28, '2025_02_27_154107_create_bikes_table', 19),
(34, '2025_02_27_163129_create_sellers_table', 21),
(38, '2025_03_05_104328_create_bike_service_categories_table', 23),
(39, '2025_03_05_120928_create_bike_services_table', 24),
(42, '2025_03_05_134659_create_bike_service_records_table', 25),
(43, '2025_03_05_134723_create_bike_service_record_details_table', 25),
(44, '2025_03_09_094639_create_buyers_table', 26),
(51, '2024_06_25_122016_create_expense_categories_table', 29),
(52, '2024_02_25_120043_create_expense_heads_table', 30),
(55, '2024_02_25_122743_create_expenses_table', 31),
(56, '2024_02_25_123102_create_expense_details_table', 31),
(58, '2025_03_09_152703_create_bike_profits_table', 32),
(60, '2025_03_14_233414_create_bike_profit_share_records_table', 33),
(61, '2023_12_13_144516_create_categories_table', 34),
(63, '2024_04_22_164354_create_category_types_table', 34),
(64, '2024_04_21_135934_create_units_table', 35),
(65, '2024_04_27_130014_create_stock_histories_table', 36),
(66, '2024_04_21_154700_create_suppliers_table', 37),
(71, '2023_12_26_170202_create_items_table', 40),
(75, '2024_04_28_171201_create_supplier_payments_table', 43),
(80, '2024_04_21_190732_create_purchase_details_table', 45),
(81, '2024_04_28_171225_create_supplier_ledgers_table', 46),
(91, '2025_03_23_005944_create_customer_ledgers_table', 47),
(94, '2025_03_23_121648_create_customer_payments_table', 48),
(95, '2025_04_09_103313_create_parties_table', 49),
(98, '2025_04_09_111223_create_party_loans_table', 50),
(99, '2025_04_09_105706_create_party_ledgers_table', 51),
(102, '2025_04_09_110301_create_party_payments_table', 53),
(106, '2025_03_23_005302_create_customers_table', 54),
(108, '2025_03_23_010022_create_sales_table', 55),
(111, '2025_02_27_162237_create_bike_purchases_table', 56),
(115, '2025_03_09_095309_create_bike_sales_table', 57),
(117, '2025_03_23_010039_create_sale_details_table', 58),
(119, '2024_04_21_174416_create_purchases_table', 59),
(121, '2025_04_18_232237_add_is_repurchased_to_bike_sales_table', 60),
(122, '2025_04_21_094759_create_fund_transfer_histories_table', 61),
(123, '2025_05_17_092258_create_investor_ledgers_table', 62),
(124, '2025_06_25_153904_add_tp_to_bike_service_table', 63);

-- --------------------------------------------------------

--
-- Table structure for table `parties`
--

CREATE TABLE `parties` (
  `id` bigint(20) UNSIGNED NOT NULL,
  `name` varchar(255) NOT NULL,
  `email` varchar(255) DEFAULT NULL,
  `phone` varchar(255) DEFAULT NULL,
  `address` text DEFAULT NULL,
  `nid_number` varchar(255) DEFAULT NULL,
  `date_of_birth` date DEFAULT NULL,
  `current_balance` double(20,2) NOT NULL DEFAULT 0.00,
  `status` varchar(255) NOT NULL DEFAULT '0',
  `created_by_id` int(11) DEFAULT NULL,
  `updated_by_id` int(11) DEFAULT NULL,
  `created_at` timestamp NULL DEFAULT NULL,
  `updated_at` timestamp NULL DEFAULT NULL
) ENGINE=InnoDB DEFAULT CHARSET=utf8mb4 COLLATE=utf8mb4_unicode_ci;

--
-- Dumping data for table `parties`
--

INSERT INTO `parties` (`id`, `name`, `email`, `phone`, `address`, `nid_number`, `date_of_birth`, `current_balance`, `status`, `created_by_id`, `updated_by_id`, `created_at`, `updated_at`) VALUES
(1, 'Dummy Data (Edit Me)', 'dummydata2@gmail.com', '018000000000', 'abc', '00000000', '2001-01-01', 0.00, '1', 1, NULL, '2025-04-10 04:21:00', '2025-11-05 10:42:20'),
(2, 'Dummy Data (Edit Me)', 'dummydata1@gmail.com', '01800000000', 'abc', '00000000', '2001-01-01', 0.00, '1', 1, NULL, '2025-04-10 04:23:21', '2025-11-05 10:42:35'),
(3, 'Metro DP', 'jerucece@mailinator.com', '99', 'Temporibus mollit au', '681', '1989-08-31', -59950.00, '1', 1, NULL, '2025-04-10 04:23:26', '2026-02-24 05:23:09'),
(4, 'Shaon Vai (Motoshed)', NULL, '01717577926', 'Badda, Dhaka', NULL, '1983-01-01', -260000.00, '1', 1, NULL, '2025-10-26 06:43:39', '2025-10-26 07:01:41'),
(5, 'Hasan Vai (Motoshed)', NULL, '01678352402', NULL, NULL, '1983-01-01', -300000.00, '1', 1, NULL, '2025-10-26 06:44:30', '2025-10-26 06:58:09'),
(6, 'Toru vai', NULL, '01886795756', NULL, NULL, '1999-01-01', 0.00, '1', 1, NULL, '2025-10-26 06:45:14', '2026-02-24 05:24:32'),
(7, 'Riad Vai', NULL, '01889997100', 'Rampura, Dhaka', NULL, '1999-01-01', -500000.00, '1', 1, NULL, '2025-10-26 06:45:59', '2025-10-26 06:59:52'),
(8, 'Mehedi Vai', NULL, '01741329660', 'Ulan, Rampura, Dhaka', NULL, '1999-01-01', -300000.00, '1', 1, NULL, '2025-10-26 06:47:06', '2025-10-26 06:58:25'),
(9, 'Shishir', NULL, '01774805744', 'Uttara, Dhaka', NULL, '1999-01-01', 0.00, '1', 1, NULL, '2025-10-26 06:47:47', '2025-10-26 06:47:47'),
(10, 'Shamim (Tea Stall)', NULL, '01705316302', 'Rampura,Dhaka', NULL, '1999-01-01', -500000.00, '1', 1, NULL, '2025-10-26 06:48:43', '2025-10-26 07:01:47'),
(11, 'Pinku Kaka', NULL, '01722410737', 'Noakhali, Dhaka', NULL, '1999-01-01', -800000.00, '1', 1, NULL, '2025-10-26 06:49:26', '2025-10-26 06:58:17'),
(12, 'Asif Vai CBR', NULL, '01729491038', 'Mohammadpur Dhaka', NULL, '1999-01-01', -400000.00, '1', 1, NULL, '2025-10-26 06:50:47', '2025-10-26 06:54:25'),
(13, 'Niloy', NULL, '01719946634', 'Badda', NULL, '1999-01-07', 3250000.00, '1', 1, NULL, '2025-10-26 10:01:49', '2025-10-26 10:05:49'),
(14, 'Jubayer', NULL, '01778208131', 'Aftab Nagar', NULL, '1999-01-01', 1900000.00, '1', 1, NULL, '2025-10-26 10:02:39', '2025-10-26 10:05:52'),
(15, 'Ujjal', NULL, '01608043944', 'Gazipur', NULL, '1999-01-01', 1550000.00, '1', 1, NULL, '2025-10-26 10:03:17', '2025-10-26 10:05:45'),
(16, 'Shop Adv', NULL, '01700000000', 'Rampura', NULL, NULL, 1850000.00, '1', 1, NULL, '2025-11-03 07:44:44', '2025-11-03 07:49:29');

-- --------------------------------------------------------

--
-- Table structure for table `party_ledgers`
--

CREATE TABLE `party_ledgers` (
  `id` bigint(20) UNSIGNED NOT NULL,
  `party_id` int(11) NOT NULL,
  `loan_id` int(11) DEFAULT NULL,
  `loan_type` tinyint(4) NOT NULL COMMENT '0 = loan_given, 1 = loan_taken',
  `payment_id` int(11) DEFAULT NULL,
  `account_id` int(11) DEFAULT NULL,
  `particular` varchar(255) DEFAULT NULL,
  `date` date NOT NULL,
  `debit_amount` decimal(20,2) DEFAULT NULL,
  `credit_amount` decimal(20,2) DEFAULT NULL,
  `current_balance` decimal(20,2) NOT NULL,
  `reference_number` text DEFAULT NULL,
  `note` text DEFAULT NULL,
  `created_by_id` int(11) DEFAULT NULL,
  `updated_by_id` int(11) DEFAULT NULL,
  `created_at` timestamp NULL DEFAULT NULL,
  `updated_at` timestamp NULL DEFAULT NULL
) ENGINE=InnoDB DEFAULT CHARSET=utf8mb4 COLLATE=utf8mb4_unicode_ci;

--
-- Dumping data for table `party_ledgers`
--

INSERT INTO `party_ledgers` (`id`, `party_id`, `loan_id`, `loan_type`, `payment_id`, `account_id`, `particular`, `date`, `debit_amount`, `credit_amount`, `current_balance`, `reference_number`, `note`, `created_by_id`, `updated_by_id`, `created_at`, `updated_at`) VALUES
(1, 3, 1, 0, NULL, 1, 'Loan Taken', '2025-10-23', 38550.00, NULL, -38550.00, 'Bill-366,365,364,346,344,345,363', NULL, 1, NULL, '2025-10-23 14:54:50', '2025-10-23 14:54:50'),
(2, 12, 2, 0, NULL, 1, 'Loan Taken', '2025-10-26', 400000.00, NULL, -400000.00, 'Investment', NULL, 1, NULL, '2025-10-26 06:54:25', '2025-10-26 06:54:25'),
(4, 5, 6, 0, NULL, 1, 'Loan Taken', '2025-10-26', 300000.00, NULL, -300000.00, 'R15 V3', NULL, 1, NULL, '2025-10-26 06:58:09', '2025-10-26 06:58:09'),
(5, 11, 5, 0, NULL, 1, 'Loan Taken', '2025-10-26', 800000.00, NULL, -800000.00, NULL, NULL, 1, NULL, '2025-10-26 06:58:17', '2025-10-26 06:58:17'),
(6, 8, 4, 0, NULL, 1, 'Loan Taken', '2025-10-26', 300000.00, NULL, -300000.00, 'Investment FZ v4', NULL, 1, NULL, '2025-10-26 06:58:25', '2025-10-26 06:58:25'),
(7, 7, 7, 0, NULL, 1, 'Loan Taken', '2025-10-26', 500000.00, NULL, -500000.00, 'R15 V3, Gixxer', NULL, 1, NULL, '2025-10-26 06:59:52', '2025-10-26 06:59:52'),
(8, 6, 10, 0, NULL, 1, 'Loan Taken', '2025-10-26', 300000.00, NULL, -300000.00, NULL, NULL, 1, NULL, '2025-10-26 07:01:35', '2025-10-26 07:01:35'),
(9, 4, 9, 0, NULL, 1, 'Loan Taken', '2025-10-26', 260000.00, NULL, -260000.00, NULL, NULL, 1, NULL, '2025-10-26 07:01:41', '2025-10-26 07:01:41'),
(10, 10, 8, 0, NULL, 1, 'Loan Taken', '2025-10-26', 500000.00, NULL, -500000.00, NULL, NULL, 1, NULL, '2025-10-26 07:01:47', '2025-10-26 07:01:47'),
(11, 15, 13, 0, NULL, 1, 'Loan Given', '2025-10-26', NULL, 1550000.00, 1550000.00, 'prev. Loan-03', NULL, 1, NULL, '2025-10-26 10:05:45', '2025-10-26 10:05:45'),
(12, 13, 12, 0, NULL, 1, 'Loan Given', '2025-10-26', NULL, 3250000.00, 3250000.00, 'prev. Loan-02', NULL, 1, NULL, '2025-10-26 10:05:49', '2025-10-26 10:05:49'),
(13, 14, 11, 0, NULL, 1, 'Loan Given', '2025-10-26', NULL, 1900000.00, 1900000.00, 'prev. Loan-01', NULL, 1, NULL, '2025-10-26 10:05:52', '2025-10-26 10:05:52'),
(14, 16, 16, 0, NULL, 1, 'Loan Given', '2025-11-03', NULL, 150000.00, 150000.00, 'Service Center', NULL, 1, NULL, '2025-11-03 07:47:09', '2025-11-03 07:47:09'),
(16, 16, 14, 0, NULL, 1, 'Loan Given', '2025-11-03', NULL, 1000000.00, 1150000.00, 'Re-Start BD', NULL, 1, NULL, '2025-11-03 07:48:21', '2025-11-03 07:48:21'),
(17, 16, 17, 0, NULL, 1, 'Loan Given', '2025-11-03', NULL, 700000.00, 1850000.00, 'Ghorgari -adv', NULL, 1, NULL, '2025-11-03 07:49:29', '2025-11-03 07:49:29'),
(18, 6, NULL, 0, 1, 1, 'Paid To Party', '2025-11-07', NULL, 90000.00, -210000.00, NULL, 'R15 V3-Sf Fi abs Adjustment', 1, NULL, '2025-11-07 16:49:46', '2025-11-07 16:49:46'),
(19, 3, 18, 0, NULL, 1, 'Loan Taken', '2025-11-12', 36750.00, NULL, -75300.00, 'Prev. Biill NB107', NULL, 1, NULL, '2025-11-12 12:15:56', '2025-11-12 12:15:56'),
(20, 3, NULL, 0, 2, 1, 'Paid To Party', '2025-11-12', NULL, 38550.00, -36750.00, NULL, 'Robin -20k, Sourav-20k', 1, NULL, '2025-11-12 12:18:35', '2025-11-12 12:18:35'),
(21, 3, NULL, 0, 3, 1, 'Paid To Party', '2025-11-12', NULL, 1450.00, -35300.00, NULL, 'previous bill adjustment', 1, NULL, '2025-11-12 12:24:32', '2025-11-12 12:24:32'),
(23, 3, 19, 0, NULL, 1, 'Loan Taken', '2025-11-19', 24650.00, NULL, -59950.00, 'Bill-404,403,402', NULL, 1, NULL, '2026-02-24 05:23:09', '2026-02-24 05:23:09'),
(24, 6, NULL, 0, 4, 1, 'Paid To Party', '2026-02-24', NULL, 210000.00, 0.00, NULL, NULL, 1, NULL, '2026-02-24 05:24:32', '2026-02-24 05:24:32');

-- --------------------------------------------------------

--
-- Table structure for table `party_loans`
--

CREATE TABLE `party_loans` (
  `id` bigint(20) UNSIGNED NOT NULL,
  `party_id` bigint(20) UNSIGNED NOT NULL,
  `account_id` bigint(20) UNSIGNED DEFAULT NULL,
  `loan_no` varchar(255) NOT NULL,
  `loan_type` tinyint(4) NOT NULL COMMENT '0 = loan_given, 1 = loan_taken',
  `amount` double(20,2) NOT NULL,
  `loan_date` date DEFAULT NULL,
  `due_date` date DEFAULT NULL,
  `last_payment_date` date DEFAULT NULL,
  `paid_amount` double(20,2) NOT NULL DEFAULT 0.00,
  `reference_number` varchar(255) DEFAULT NULL,
  `payment_status` tinyint(4) NOT NULL DEFAULT 0 COMMENT '0 = pending, -1 = partial, 1 = paid',
  `status` tinyint(4) NOT NULL DEFAULT 0 COMMENT '0=Pending, 1=Approved',
  `note` text DEFAULT NULL,
  `created_by_id` int(10) UNSIGNED DEFAULT NULL,
  `updated_by_id` int(10) UNSIGNED DEFAULT NULL,
  `created_at` timestamp NULL DEFAULT NULL,
  `updated_at` timestamp NULL DEFAULT NULL
) ENGINE=InnoDB DEFAULT CHARSET=utf8mb4 COLLATE=utf8mb4_unicode_ci;

--
-- Dumping data for table `party_loans`
--

INSERT INTO `party_loans` (`id`, `party_id`, `account_id`, `loan_no`, `loan_type`, `amount`, `loan_date`, `due_date`, `last_payment_date`, `paid_amount`, `reference_number`, `payment_status`, `status`, `note`, `created_by_id`, `updated_by_id`, `created_at`, `updated_at`) VALUES
(1, 3, 1, '0000001', 1, 38550.00, '2025-10-23', '2025-10-23', '2025-11-12', 38550.00, 'Bill-366,365,364,346,344,345,363', 1, 1, NULL, 1, NULL, '2025-10-23 14:54:42', '2025-11-12 12:18:35'),
(2, 12, 1, '0000002', 1, 400000.00, '2025-10-26', '2025-10-26', NULL, 0.00, 'Investment', 0, 1, NULL, 1, NULL, '2025-10-26 06:52:08', '2025-10-26 06:54:25'),
(3, 5, 1, '0000003', 1, 300000.00, '2025-10-26', '2025-10-26', NULL, 0.00, 'Investment', 0, 0, NULL, 1, NULL, '2025-10-26 06:52:44', '2025-10-26 06:52:44'),
(4, 8, 1, '0000004', 1, 300000.00, '2025-10-26', '2025-10-26', NULL, 0.00, 'Investment FZ v4', 0, 1, NULL, 1, NULL, '2025-10-26 06:53:21', '2025-10-26 06:58:25'),
(5, 11, 1, '0000005', 1, 800000.00, '2025-10-26', '2025-10-26', NULL, 0.00, NULL, 0, 1, NULL, 1, NULL, '2025-10-26 06:54:16', '2025-10-26 06:58:17'),
(6, 5, 1, '0000006', 1, 300000.00, '2025-10-26', '2025-10-26', NULL, 0.00, 'R15 V3', 0, 1, NULL, 1, NULL, '2025-10-26 06:55:13', '2025-10-26 06:58:09'),
(7, 7, 1, '0000007', 1, 500000.00, '2025-10-26', '2025-10-26', NULL, 0.00, 'R15 V3, Gixxer', 0, 1, NULL, 1, NULL, '2025-10-26 06:59:46', '2025-10-26 06:59:52'),
(8, 10, 1, '0000008', 1, 500000.00, '2025-10-26', '2025-10-26', NULL, 0.00, NULL, 0, 1, NULL, 1, NULL, '2025-10-26 07:00:39', '2025-10-26 07:01:47'),
(9, 4, 1, '0000009', 1, 260000.00, '2025-10-26', '2025-10-26', NULL, 0.00, NULL, 0, 1, NULL, 1, NULL, '2025-10-26 07:01:04', '2025-10-26 07:01:41'),
(10, 6, 1, '0000010', 1, 300000.00, '2025-10-26', '2025-10-26', '2026-02-24', 300000.00, NULL, 1, 1, NULL, 1, NULL, '2025-10-26 07:01:29', '2026-02-24 05:24:32'),
(11, 14, 1, '0000011', 0, 1900000.00, '2025-10-26', '2025-10-26', NULL, 0.00, 'prev. Loan-01', 0, 1, NULL, 1, NULL, '2025-10-26 10:04:05', '2025-10-26 10:05:52'),
(12, 13, 1, '0000012', 0, 3250000.00, '2025-10-26', '2025-10-26', NULL, 0.00, 'prev. Loan-02', 0, 1, NULL, 1, NULL, '2025-10-26 10:04:57', '2025-10-26 10:05:49'),
(13, 15, 1, '0000013', 0, 1550000.00, '2025-10-26', '2025-10-26', NULL, 0.00, 'prev. Loan-03', 0, 1, NULL, 1, NULL, '2025-10-26 10:05:38', '2025-10-26 10:05:45'),
(14, 16, 1, '0000014', 0, 1000000.00, '2025-11-03', '2025-11-03', NULL, 0.00, 'Re-Start BD', 0, 1, NULL, 1, NULL, '2025-11-03 07:45:39', '2025-11-03 07:48:21'),
(16, 16, 1, '0000016', 0, 150000.00, '2025-11-03', '2025-11-03', NULL, 0.00, 'Service Center', 0, 1, NULL, 1, NULL, '2025-11-03 07:47:02', '2025-11-03 07:47:09'),
(17, 16, 1, '0000017', 0, 700000.00, '2025-11-03', '2025-11-03', NULL, 0.00, 'Ghorgari -adv', 0, 1, NULL, 1, NULL, '2025-11-03 07:49:21', '2025-11-03 07:49:29'),
(18, 3, 1, '0000018', 1, 36750.00, '2025-11-12', '2025-11-12', '2025-11-12', 1450.00, 'Prev. Biill NB107', -1, 1, NULL, 1, NULL, '2025-11-12 12:15:47', '2025-11-12 12:24:32'),
(19, 3, 1, '0000019', 1, 24650.00, '2025-11-19', '2025-11-19', NULL, 0.00, 'Bill-404,403,402', 0, 1, NULL, 1, NULL, '2025-11-19 16:25:39', '2026-02-24 05:23:09');

-- --------------------------------------------------------

--
-- Table structure for table `party_payments`
--

CREATE TABLE `party_payments` (
  `id` bigint(20) UNSIGNED NOT NULL,
  `party_id` bigint(20) NOT NULL,
  `account_id` bigint(20) NOT NULL,
  `payment_type` tinyint(4) NOT NULL COMMENT '0=paid to party, 1=collection from party',
  `loan_id` bigint(20) DEFAULT NULL,
  `date` date NOT NULL,
  `amount` double(20,2) NOT NULL,
  `reference_number` varchar(255) DEFAULT NULL,
  `note` text DEFAULT NULL,
  `status` tinyint(4) NOT NULL DEFAULT 0 COMMENT '0=Pending, 1=Approved',
  `created_by_id` int(11) DEFAULT NULL,
  `updated_by_id` int(11) DEFAULT NULL,
  `created_at` timestamp NULL DEFAULT NULL,
  `updated_at` timestamp NULL DEFAULT NULL
) ENGINE=InnoDB DEFAULT CHARSET=utf8mb4 COLLATE=utf8mb4_unicode_ci;

--
-- Dumping data for table `party_payments`
--

INSERT INTO `party_payments` (`id`, `party_id`, `account_id`, `payment_type`, `loan_id`, `date`, `amount`, `reference_number`, `note`, `status`, `created_by_id`, `updated_by_id`, `created_at`, `updated_at`) VALUES
(1, 6, 1, 0, 10, '2025-11-07', 90000.00, NULL, 'R15 V3-Sf Fi abs Adjustment', 1, 1, NULL, '2025-11-07 16:49:38', '2025-11-07 16:49:46'),
(2, 3, 1, 0, 1, '2025-11-12', 38550.00, NULL, 'Robin -20k, Sourav-20k', 1, 1, NULL, '2025-11-12 12:18:17', '2025-11-12 12:18:35'),
(3, 3, 1, 0, 18, '2025-11-12', 1450.00, NULL, 'previous bill adjustment', 1, 1, NULL, '2025-11-12 12:24:24', '2025-11-12 12:24:32'),
(4, 6, 1, 0, 10, '2026-02-24', 210000.00, NULL, NULL, 1, 1, NULL, '2026-02-24 05:24:24', '2026-02-24 05:24:32');

-- --------------------------------------------------------

--
-- Table structure for table `password_resets`
--

CREATE TABLE `password_resets` (
  `email` varchar(255) NOT NULL,
  `token` varchar(255) NOT NULL,
  `created_at` timestamp NULL DEFAULT NULL
) ENGINE=InnoDB DEFAULT CHARSET=utf8mb4 COLLATE=utf8mb4_unicode_ci;

-- --------------------------------------------------------

--
-- Table structure for table `payment_methods`
--

CREATE TABLE `payment_methods` (
  `id` bigint(20) UNSIGNED NOT NULL,
  `name` varchar(255) DEFAULT NULL,
  `is_virtual` int(11) NOT NULL DEFAULT 0 COMMENT '0=not virtual, 1=virtual',
  `status` tinyint(4) NOT NULL DEFAULT 1 COMMENT '1=active, 0=inactive',
  `created_at` timestamp NULL DEFAULT NULL,
  `updated_at` timestamp NULL DEFAULT NULL
) ENGINE=InnoDB DEFAULT CHARSET=utf8mb4 COLLATE=utf8mb4_unicode_ci;

--
-- Dumping data for table `payment_methods`
--

INSERT INTO `payment_methods` (`id`, `name`, `is_virtual`, `status`, `created_at`, `updated_at`) VALUES
(1, 'Cash', 0, 1, NULL, NULL),
(2, 'Investment Capital', 1, 1, NULL, NULL),
(3, 'Nagad', 0, 1, NULL, NULL),
(4, 'Islami Bank', 0, 1, NULL, NULL),
(5, 'Sonali Bank', 0, 1, NULL, NULL),
(6, 'Rupali Bank', 0, 1, NULL, NULL),
(7, 'Bkash', 0, 1, NULL, NULL),
(8, 'BRAC Bank PLC', 0, 1, '2025-05-30 06:44:18', '2025-05-30 06:44:18'),
(9, 'The City Bank', 0, 1, '2025-05-30 06:44:55', '2025-05-30 06:44:55'),
(10, 'DBBL', 0, 1, '2025-05-30 06:45:14', '2025-05-30 06:45:14');

-- --------------------------------------------------------

--
-- Table structure for table `personal_access_tokens`
--

CREATE TABLE `personal_access_tokens` (
  `id` bigint(20) UNSIGNED NOT NULL,
  `tokenable_type` varchar(255) NOT NULL,
  `tokenable_id` bigint(20) UNSIGNED NOT NULL,
  `name` varchar(255) NOT NULL,
  `token` varchar(64) NOT NULL,
  `abilities` text DEFAULT NULL,
  `last_used_at` timestamp NULL DEFAULT NULL,
  `expires_at` timestamp NULL DEFAULT NULL,
  `created_at` timestamp NULL DEFAULT NULL,
  `updated_at` timestamp NULL DEFAULT NULL
) ENGINE=InnoDB DEFAULT CHARSET=utf8mb4 COLLATE=utf8mb4_unicode_ci;

-- --------------------------------------------------------

--
-- Table structure for table `privileges`
--

CREATE TABLE `privileges` (
  `id` bigint(20) UNSIGNED NOT NULL,
  `role_id` int(11) NOT NULL,
  `menu_id` int(11) NOT NULL,
  `created_at` timestamp NULL DEFAULT NULL,
  `updated_at` timestamp NULL DEFAULT NULL
) ENGINE=InnoDB DEFAULT CHARSET=utf8mb4 COLLATE=utf8mb4_unicode_ci;

--
-- Dumping data for table `privileges`
--

INSERT INTO `privileges` (`id`, `role_id`, `menu_id`, `created_at`, `updated_at`) VALUES
(151, 2, 1, '2025-05-21 12:09:11', '2025-05-21 12:09:11'),
(152, 2, 183, '2025-05-21 12:09:11', '2025-05-21 12:09:11'),
(153, 2, 181, '2025-05-21 12:09:11', '2025-05-21 12:09:11'),
(154, 2, 200, '2025-05-21 12:09:11', '2025-05-21 12:09:11'),
(155, 2, 184, '2025-05-21 12:09:11', '2025-05-21 12:09:11'),
(156, 2, 48, '2025-05-21 12:09:11', '2025-05-21 12:09:11'),
(157, 2, 49, '2025-05-21 12:09:11', '2025-05-21 12:09:11'),
(158, 2, 50, '2025-05-21 12:09:11', '2025-05-21 12:09:11'),
(159, 2, 168, '2025-05-21 12:09:11', '2025-05-21 12:09:11'),
(160, 2, 52, '2025-05-21 12:09:11', '2025-05-21 12:09:11'),
(161, 2, 185, '2025-05-21 12:09:11', '2025-05-21 12:09:11'),
(162, 2, 186, '2025-05-21 12:09:11', '2025-05-21 12:09:11'),
(163, 2, 187, '2025-05-21 12:09:11', '2025-05-21 12:09:11'),
(164, 2, 188, '2025-05-21 12:09:11', '2025-05-21 12:09:11'),
(404, 9, 1, '2025-05-21 12:37:17', '2025-05-21 12:37:17'),
(405, 9, 182, '2025-05-21 12:37:17', '2025-05-21 12:37:17'),
(406, 9, 170, '2025-05-21 12:37:17', '2025-05-21 12:37:17'),
(407, 9, 171, '2025-05-21 12:37:17', '2025-05-21 12:37:17'),
(408, 9, 172, '2025-05-21 12:37:17', '2025-05-21 12:37:17'),
(409, 9, 178, '2025-05-21 12:37:17', '2025-05-21 12:37:17'),
(410, 9, 169, '2025-05-21 12:37:17', '2025-05-21 12:37:17'),
(411, 9, 179, '2025-05-21 12:37:17', '2025-05-21 12:37:17'),
(412, 9, 69, '2025-05-21 12:37:17', '2025-05-21 12:37:17'),
(413, 9, 35, '2025-05-21 12:37:17', '2025-05-21 12:37:17'),
(414, 9, 95, '2025-05-21 12:37:17', '2025-05-21 12:37:17'),
(415, 9, 96, '2025-05-21 12:37:17', '2025-05-21 12:37:17'),
(416, 9, 97, '2025-05-21 12:37:17', '2025-05-21 12:37:17'),
(417, 9, 98, '2025-05-21 12:37:17', '2025-05-21 12:37:17'),
(418, 9, 134, '2025-05-21 12:37:17', '2025-05-21 12:37:17'),
(419, 9, 135, '2025-05-21 12:37:17', '2025-05-21 12:37:17'),
(420, 9, 162, '2025-05-21 12:37:17', '2025-05-21 12:37:17'),
(421, 9, 84, '2025-05-21 12:37:17', '2025-05-21 12:37:17'),
(422, 9, 99, '2025-05-21 12:37:17', '2025-05-21 12:37:17'),
(423, 9, 100, '2025-05-21 12:37:17', '2025-05-21 12:37:17'),
(424, 9, 101, '2025-05-21 12:37:17', '2025-05-21 12:37:17'),
(425, 9, 102, '2025-05-21 12:37:17', '2025-05-21 12:37:17'),
(426, 9, 132, '2025-05-21 12:37:17', '2025-05-21 12:37:17'),
(427, 9, 73, '2025-05-21 12:37:17', '2025-05-21 12:37:17'),
(428, 9, 79, '2025-05-21 12:37:17', '2025-05-21 12:37:17'),
(429, 9, 80, '2025-05-21 12:37:17', '2025-05-21 12:37:17'),
(430, 9, 81, '2025-05-21 12:37:17', '2025-05-21 12:37:17'),
(431, 9, 82, '2025-05-21 12:37:17', '2025-05-21 12:37:17'),
(432, 9, 117, '2025-05-21 12:37:17', '2025-05-21 12:37:17'),
(433, 9, 133, '2025-05-21 12:37:17', '2025-05-21 12:37:17'),
(434, 9, 85, '2025-05-21 12:37:17', '2025-05-21 12:37:17'),
(435, 9, 103, '2025-05-21 12:37:17', '2025-05-21 12:37:17'),
(436, 9, 104, '2025-05-21 12:37:17', '2025-05-21 12:37:17'),
(437, 9, 119, '2025-05-21 12:37:17', '2025-05-21 12:37:17'),
(438, 9, 123, '2025-05-21 12:37:17', '2025-05-21 12:37:17'),
(439, 9, 120, '2025-05-21 12:37:17', '2025-05-21 12:37:17'),
(440, 9, 121, '2025-05-21 12:37:17', '2025-05-21 12:37:17'),
(441, 9, 122, '2025-05-21 12:37:17', '2025-05-21 12:37:17'),
(442, 9, 105, '2025-05-21 12:37:17', '2025-05-21 12:37:17'),
(443, 9, 110, '2025-05-21 12:37:17', '2025-05-21 12:37:17'),
(444, 9, 113, '2025-05-21 12:37:17', '2025-05-21 12:37:17'),
(445, 9, 114, '2025-05-21 12:37:17', '2025-05-21 12:37:17'),
(446, 9, 115, '2025-05-21 12:37:17', '2025-05-21 12:37:17'),
(447, 9, 116, '2025-05-21 12:37:17', '2025-05-21 12:37:17'),
(448, 9, 118, '2025-05-21 12:37:17', '2025-05-21 12:37:17'),
(449, 9, 130, '2025-05-21 12:37:17', '2025-05-21 12:37:17'),
(450, 9, 131, '2025-05-21 12:37:17', '2025-05-21 12:37:17'),
(451, 9, 149, '2025-05-21 12:37:17', '2025-05-21 12:37:17'),
(452, 9, 150, '2025-05-21 12:37:17', '2025-05-21 12:37:17'),
(453, 9, 151, '2025-05-21 12:37:17', '2025-05-21 12:37:17'),
(454, 9, 154, '2025-05-21 12:37:17', '2025-05-21 12:37:17'),
(455, 9, 152, '2025-05-21 12:37:17', '2025-05-21 12:37:17'),
(456, 9, 153, '2025-05-21 12:37:17', '2025-05-21 12:37:17'),
(457, 9, 137, '2025-05-21 12:37:17', '2025-05-21 12:37:17'),
(458, 9, 155, '2025-05-21 12:37:17', '2025-05-21 12:37:17'),
(459, 9, 156, '2025-05-21 12:37:17', '2025-05-21 12:37:17'),
(460, 9, 157, '2025-05-21 12:37:17', '2025-05-21 12:37:17'),
(461, 9, 158, '2025-05-21 12:37:17', '2025-05-21 12:37:17'),
(462, 9, 159, '2025-05-21 12:37:17', '2025-05-21 12:37:17'),
(463, 9, 160, '2025-05-21 12:37:17', '2025-05-21 12:37:17'),
(464, 9, 161, '2025-05-21 12:37:17', '2025-05-21 12:37:17'),
(465, 9, 129, '2025-05-21 12:37:17', '2025-05-21 12:37:17'),
(466, 9, 138, '2025-05-21 12:37:17', '2025-05-21 12:37:17'),
(467, 9, 139, '2025-05-21 12:37:17', '2025-05-21 12:37:17'),
(468, 9, 141, '2025-05-21 12:37:17', '2025-05-21 12:37:17'),
(469, 9, 143, '2025-05-21 12:37:17', '2025-05-21 12:37:17'),
(470, 9, 144, '2025-05-21 12:37:17', '2025-05-21 12:37:17'),
(471, 9, 145, '2025-05-21 12:37:17', '2025-05-21 12:37:17'),
(472, 9, 146, '2025-05-21 12:37:17', '2025-05-21 12:37:17'),
(473, 9, 147, '2025-05-21 12:37:17', '2025-05-21 12:37:17'),
(474, 9, 148, '2025-05-21 12:37:17', '2025-05-21 12:37:17'),
(475, 9, 142, '2025-05-21 12:37:17', '2025-05-21 12:37:17'),
(649, 11, 1, '2025-05-27 11:25:18', '2025-05-27 11:25:18'),
(650, 11, 190, '2025-05-27 11:25:18', '2025-05-27 11:25:18'),
(651, 11, 192, '2025-05-27 11:25:18', '2025-05-27 11:25:18'),
(652, 11, 193, '2025-05-27 11:25:18', '2025-05-27 11:25:18'),
(653, 11, 195, '2025-05-27 11:25:18', '2025-05-27 11:25:18'),
(654, 11, 196, '2025-05-27 11:25:18', '2025-05-27 11:25:18'),
(655, 11, 197, '2025-05-27 11:25:18', '2025-05-27 11:25:18'),
(656, 11, 182, '2025-05-27 11:25:18', '2025-05-27 11:25:18'),
(657, 11, 170, '2025-05-27 11:25:18', '2025-05-27 11:25:18'),
(658, 11, 171, '2025-05-27 11:25:18', '2025-05-27 11:25:18'),
(659, 11, 172, '2025-05-27 11:25:18', '2025-05-27 11:25:18'),
(660, 11, 178, '2025-05-27 11:25:18', '2025-05-27 11:25:18'),
(661, 11, 179, '2025-05-27 11:25:18', '2025-05-27 11:25:18'),
(662, 11, 169, '2025-05-27 11:25:18', '2025-05-27 11:25:18'),
(663, 11, 184, '2025-05-27 11:25:18', '2025-05-27 11:25:18'),
(664, 11, 46, '2025-05-27 11:25:18', '2025-05-27 11:25:18'),
(665, 11, 47, '2025-05-27 11:25:18', '2025-05-27 11:25:18'),
(666, 11, 48, '2025-05-27 11:25:18', '2025-05-27 11:25:18'),
(667, 11, 49, '2025-05-27 11:25:18', '2025-05-27 11:25:18'),
(668, 11, 50, '2025-05-27 11:25:18', '2025-05-27 11:25:18'),
(669, 11, 168, '2025-05-27 11:25:18', '2025-05-27 11:25:18'),
(670, 11, 69, '2025-05-27 11:25:18', '2025-05-27 11:25:18'),
(671, 11, 70, '2025-05-27 11:25:18', '2025-05-27 11:25:18'),
(672, 11, 92, '2025-05-27 11:25:18', '2025-05-27 11:25:18'),
(673, 11, 93, '2025-05-27 11:25:18', '2025-05-27 11:25:18'),
(674, 11, 40, '2025-05-27 11:25:18', '2025-05-27 11:25:18'),
(675, 11, 41, '2025-05-27 11:25:18', '2025-05-27 11:25:18'),
(676, 11, 94, '2025-05-27 11:25:18', '2025-05-27 11:25:18'),
(677, 11, 16, '2025-05-27 11:25:18', '2025-05-27 11:25:18'),
(678, 11, 24, '2025-05-27 11:25:18', '2025-05-27 11:25:18'),
(679, 11, 25, '2025-05-27 11:25:18', '2025-05-27 11:25:18'),
(680, 11, 35, '2025-05-27 11:25:18', '2025-05-27 11:25:18'),
(681, 11, 95, '2025-05-27 11:25:18', '2025-05-27 11:25:18'),
(682, 11, 96, '2025-05-27 11:25:18', '2025-05-27 11:25:18'),
(683, 11, 97, '2025-05-27 11:25:18', '2025-05-27 11:25:18'),
(684, 11, 134, '2025-05-27 11:25:18', '2025-05-27 11:25:18'),
(685, 11, 135, '2025-05-27 11:25:18', '2025-05-27 11:25:18'),
(686, 11, 162, '2025-05-27 11:25:18', '2025-05-27 11:25:18'),
(687, 11, 84, '2025-05-27 11:25:18', '2025-05-27 11:25:18'),
(688, 11, 99, '2025-05-27 11:25:18', '2025-05-27 11:25:18'),
(689, 11, 100, '2025-05-27 11:25:18', '2025-05-27 11:25:18'),
(690, 11, 101, '2025-05-27 11:25:18', '2025-05-27 11:25:18'),
(691, 11, 132, '2025-05-27 11:25:18', '2025-05-27 11:25:18'),
(692, 11, 73, '2025-05-27 11:25:18', '2025-05-27 11:25:18'),
(693, 11, 79, '2025-05-27 11:25:18', '2025-05-27 11:25:18'),
(694, 11, 80, '2025-05-27 11:25:18', '2025-05-27 11:25:18'),
(695, 11, 81, '2025-05-27 11:25:18', '2025-05-27 11:25:18'),
(696, 11, 117, '2025-05-27 11:25:18', '2025-05-27 11:25:18'),
(697, 11, 133, '2025-05-27 11:25:18', '2025-05-27 11:25:18'),
(698, 11, 30, '2025-05-27 11:25:18', '2025-05-27 11:25:18'),
(699, 11, 72, '2025-05-27 11:25:18', '2025-05-27 11:25:18'),
(700, 11, 75, '2025-05-27 11:25:18', '2025-05-27 11:25:18'),
(701, 11, 76, '2025-05-27 11:25:18', '2025-05-27 11:25:18'),
(702, 11, 36, '2025-05-27 11:25:18', '2025-05-27 11:25:18'),
(703, 11, 77, '2025-05-27 11:25:18', '2025-05-27 11:25:18'),
(704, 11, 78, '2025-05-27 11:25:18', '2025-05-27 11:25:18'),
(705, 11, 74, '2025-05-27 11:25:18', '2025-05-27 11:25:18'),
(706, 11, 105, '2025-05-27 11:25:18', '2025-05-27 11:25:18'),
(707, 11, 106, '2025-05-27 11:25:18', '2025-05-27 11:25:18'),
(708, 11, 107, '2025-05-27 11:25:18', '2025-05-27 11:25:18'),
(709, 11, 108, '2025-05-27 11:25:18', '2025-05-27 11:25:18'),
(710, 11, 109, '2025-05-27 11:25:18', '2025-05-27 11:25:18'),
(711, 11, 111, '2025-05-27 11:25:18', '2025-05-27 11:25:18'),
(712, 11, 112, '2025-05-27 11:25:18', '2025-05-27 11:25:18'),
(713, 11, 110, '2025-05-27 11:25:18', '2025-05-27 11:25:18'),
(714, 11, 113, '2025-05-27 11:25:18', '2025-05-27 11:25:18'),
(715, 11, 114, '2025-05-27 11:25:18', '2025-05-27 11:25:18'),
(716, 11, 115, '2025-05-27 11:25:18', '2025-05-27 11:25:18'),
(717, 11, 116, '2025-05-27 11:25:18', '2025-05-27 11:25:18'),
(718, 11, 118, '2025-05-27 11:25:18', '2025-05-27 11:25:18'),
(719, 11, 130, '2025-05-27 11:25:18', '2025-05-27 11:25:18'),
(720, 11, 124, '2025-05-27 11:25:18', '2025-05-27 11:25:18'),
(721, 11, 125, '2025-05-27 11:25:18', '2025-05-27 11:25:18'),
(722, 11, 126, '2025-05-27 11:25:18', '2025-05-27 11:25:18'),
(723, 11, 127, '2025-05-27 11:25:18', '2025-05-27 11:25:18'),
(724, 11, 128, '2025-05-27 11:25:18', '2025-05-27 11:25:18'),
(725, 11, 136, '2025-05-27 11:25:18', '2025-05-27 11:25:18'),
(726, 11, 131, '2025-05-27 11:25:18', '2025-05-27 11:25:18'),
(727, 11, 149, '2025-05-27 11:25:18', '2025-05-27 11:25:18'),
(728, 11, 150, '2025-05-27 11:25:18', '2025-05-27 11:25:18'),
(729, 11, 151, '2025-05-27 11:25:18', '2025-05-27 11:25:18'),
(730, 11, 154, '2025-05-27 11:25:18', '2025-05-27 11:25:18'),
(731, 11, 152, '2025-05-27 11:25:18', '2025-05-27 11:25:18'),
(732, 11, 153, '2025-05-27 11:25:18', '2025-05-27 11:25:18'),
(733, 11, 137, '2025-05-27 11:25:18', '2025-05-27 11:25:18'),
(734, 11, 155, '2025-05-27 11:25:18', '2025-05-27 11:25:18'),
(735, 11, 156, '2025-05-27 11:25:18', '2025-05-27 11:25:18'),
(736, 11, 157, '2025-05-27 11:25:18', '2025-05-27 11:25:18'),
(737, 11, 159, '2025-05-27 11:25:18', '2025-05-27 11:25:18'),
(738, 11, 160, '2025-05-27 11:25:18', '2025-05-27 11:25:18'),
(739, 11, 161, '2025-05-27 11:25:18', '2025-05-27 11:25:18'),
(740, 11, 129, '2025-05-27 11:25:18', '2025-05-27 11:25:18'),
(741, 11, 138, '2025-05-27 11:25:18', '2025-05-27 11:25:18'),
(742, 10, 1, '2025-06-02 11:48:10', '2025-06-02 11:48:10'),
(743, 10, 183, '2025-06-02 11:48:10', '2025-06-02 11:48:10'),
(744, 10, 181, '2025-06-02 11:48:10', '2025-06-02 11:48:10'),
(745, 10, 200, '2025-06-02 11:48:10', '2025-06-02 11:48:10'),
(746, 10, 184, '2025-06-02 11:48:10', '2025-06-02 11:48:10'),
(747, 10, 48, '2025-06-02 11:48:10', '2025-06-02 11:48:10'),
(748, 10, 49, '2025-06-02 11:48:10', '2025-06-02 11:48:10'),
(749, 10, 50, '2025-06-02 11:48:10', '2025-06-02 11:48:10'),
(750, 10, 168, '2025-06-02 11:48:10', '2025-06-02 11:48:10'),
(751, 10, 52, '2025-06-02 11:48:10', '2025-06-02 11:48:10'),
(752, 10, 185, '2025-06-02 11:48:10', '2025-06-02 11:48:10'),
(753, 10, 186, '2025-06-02 11:48:10', '2025-06-02 11:48:10'),
(754, 10, 187, '2025-06-02 11:48:10', '2025-06-02 11:48:10'),
(755, 10, 188, '2025-06-02 11:48:10', '2025-06-02 11:48:10'),
(756, 12, 1, '2025-10-23 09:20:50', '2025-10-23 09:20:50'),
(757, 12, 182, '2025-10-23 09:20:50', '2025-10-23 09:20:50'),
(758, 12, 170, '2025-10-23 09:20:50', '2025-10-23 09:20:50'),
(759, 12, 171, '2025-10-23 09:20:50', '2025-10-23 09:20:50'),
(760, 12, 172, '2025-10-23 09:20:50', '2025-10-23 09:20:50'),
(761, 12, 178, '2025-10-23 09:20:50', '2025-10-23 09:20:50'),
(762, 12, 179, '2025-10-23 09:20:50', '2025-10-23 09:20:50'),
(763, 12, 169, '2025-10-23 09:20:50', '2025-10-23 09:20:50'),
(764, 12, 69, '2025-10-23 09:20:50', '2025-10-23 09:20:50'),
(765, 12, 35, '2025-10-23 09:20:50', '2025-10-23 09:20:50'),
(766, 12, 95, '2025-10-23 09:20:50', '2025-10-23 09:20:50'),
(767, 12, 96, '2025-10-23 09:20:50', '2025-10-23 09:20:50'),
(768, 12, 97, '2025-10-23 09:20:50', '2025-10-23 09:20:50'),
(769, 12, 98, '2025-10-23 09:20:50', '2025-10-23 09:20:50'),
(770, 12, 134, '2025-10-23 09:20:50', '2025-10-23 09:20:50'),
(771, 12, 135, '2025-10-23 09:20:50', '2025-10-23 09:20:50'),
(772, 12, 162, '2025-10-23 09:20:50', '2025-10-23 09:20:50'),
(773, 12, 84, '2025-10-23 09:20:50', '2025-10-23 09:20:50'),
(774, 12, 99, '2025-10-23 09:20:50', '2025-10-23 09:20:50'),
(775, 12, 100, '2025-10-23 09:20:50', '2025-10-23 09:20:50'),
(776, 12, 101, '2025-10-23 09:20:50', '2025-10-23 09:20:50'),
(777, 12, 102, '2025-10-23 09:20:50', '2025-10-23 09:20:50'),
(778, 12, 203, '2025-10-23 09:20:50', '2025-10-23 09:20:50'),
(779, 12, 204, '2025-10-23 09:20:50', '2025-10-23 09:20:50'),
(780, 12, 73, '2025-10-23 09:20:50', '2025-10-23 09:20:50'),
(781, 12, 79, '2025-10-23 09:20:50', '2025-10-23 09:20:50'),
(782, 12, 80, '2025-10-23 09:20:50', '2025-10-23 09:20:50'),
(783, 12, 81, '2025-10-23 09:20:50', '2025-10-23 09:20:50'),
(784, 12, 82, '2025-10-23 09:20:50', '2025-10-23 09:20:50'),
(785, 12, 117, '2025-10-23 09:20:50', '2025-10-23 09:20:50'),
(786, 12, 133, '2025-10-23 09:20:50', '2025-10-23 09:20:50'),
(787, 12, 30, '2025-10-23 09:20:50', '2025-10-23 09:20:50'),
(788, 12, 72, '2025-10-23 09:20:50', '2025-10-23 09:20:50'),
(789, 12, 75, '2025-10-23 09:20:50', '2025-10-23 09:20:50'),
(790, 12, 76, '2025-10-23 09:20:50', '2025-10-23 09:20:50'),
(791, 12, 36, '2025-10-23 09:20:50', '2025-10-23 09:20:50'),
(792, 12, 77, '2025-10-23 09:20:50', '2025-10-23 09:20:50'),
(793, 12, 78, '2025-10-23 09:20:50', '2025-10-23 09:20:50'),
(794, 12, 74, '2025-10-23 09:20:50', '2025-10-23 09:20:50'),
(795, 12, 105, '2025-10-23 09:20:50', '2025-10-23 09:20:50'),
(796, 12, 106, '2025-10-23 09:20:50', '2025-10-23 09:20:50'),
(797, 12, 107, '2025-10-23 09:20:50', '2025-10-23 09:20:50'),
(798, 12, 108, '2025-10-23 09:20:50', '2025-10-23 09:20:50'),
(799, 12, 109, '2025-10-23 09:20:50', '2025-10-23 09:20:50'),
(800, 12, 111, '2025-10-23 09:20:50', '2025-10-23 09:20:50'),
(801, 12, 112, '2025-10-23 09:20:50', '2025-10-23 09:20:50'),
(802, 12, 110, '2025-10-23 09:20:50', '2025-10-23 09:20:50'),
(803, 12, 113, '2025-10-23 09:20:50', '2025-10-23 09:20:50'),
(804, 12, 114, '2025-10-23 09:20:50', '2025-10-23 09:20:50'),
(805, 12, 115, '2025-10-23 09:20:50', '2025-10-23 09:20:50'),
(806, 12, 116, '2025-10-23 09:20:50', '2025-10-23 09:20:50'),
(807, 12, 118, '2025-10-23 09:20:50', '2025-10-23 09:20:50');

-- --------------------------------------------------------

--
-- Table structure for table `purchases`
--

CREATE TABLE `purchases` (
  `id` bigint(20) UNSIGNED NOT NULL,
  `supplier_id` int(11) NOT NULL,
  `account_id` bigint(20) DEFAULT NULL,
  `vouchar_no` varchar(255) NOT NULL,
  `date` date NOT NULL,
  `total_price` double(20,2) NOT NULL,
  `vat_tax` double(20,2) DEFAULT 0.00,
  `discount_method` tinyint(4) NOT NULL DEFAULT 1 COMMENT '0=Percentage, 1=Solid',
  `discount_rate` double(20,2) NOT NULL,
  `discount` double(20,2) NOT NULL,
  `total_payable` double(20,2) NOT NULL,
  `paid_amount` double(20,2) NOT NULL,
  `reference_number` varchar(255) DEFAULT NULL,
  `note` text DEFAULT NULL,
  `payment_status` varchar(255) NOT NULL DEFAULT '0',
  `status` varchar(255) NOT NULL DEFAULT '1',
  `created_by_id` int(11) DEFAULT NULL,
  `updated_by_id` int(11) DEFAULT NULL,
  `created_at` timestamp NULL DEFAULT NULL,
  `updated_at` timestamp NULL DEFAULT NULL
) ENGINE=InnoDB DEFAULT CHARSET=utf8mb4 COLLATE=utf8mb4_unicode_ci;

-- --------------------------------------------------------

--
-- Table structure for table `purchase_details`
--

CREATE TABLE `purchase_details` (
  `id` bigint(20) UNSIGNED NOT NULL,
  `purchase_id` int(11) NOT NULL,
  `item_id` int(11) NOT NULL,
  `quantity` decimal(20,2) NOT NULL,
  `unit_price` decimal(20,2) NOT NULL,
  `created_at` timestamp NULL DEFAULT NULL,
  `updated_at` timestamp NULL DEFAULT NULL
) ENGINE=InnoDB DEFAULT CHARSET=utf8mb4 COLLATE=utf8mb4_unicode_ci;

-- --------------------------------------------------------

--
-- Table structure for table `roles`
--

CREATE TABLE `roles` (
  `id` bigint(20) UNSIGNED NOT NULL,
  `is_superadmin` tinyint(4) NOT NULL DEFAULT 0,
  `created_by` int(11) DEFAULT NULL,
  `role` varchar(255) NOT NULL,
  `is_default` tinyint(4) DEFAULT 0,
  `created_at` timestamp NULL DEFAULT NULL,
  `updated_at` timestamp NULL DEFAULT NULL
) ENGINE=InnoDB DEFAULT CHARSET=utf8mb4 COLLATE=utf8mb4_unicode_ci;

--
-- Dumping data for table `roles`
--

INSERT INTO `roles` (`id`, `is_superadmin`, `created_by`, `role`, `is_default`, `created_at`, `updated_at`) VALUES
(1, 1, 1, 'Super Admin', 1, '2024-08-31 07:03:44', '2024-08-31 07:03:44'),
(2, 0, 1, 'Investor', 1, NULL, NULL),
(9, 0, 1, 'General Manager', 0, '2025-02-26 05:40:08', '2025-02-26 05:40:08'),
(10, 0, 1, 'Other User', 0, '2025-05-25 09:46:45', '2025-05-25 09:46:45'),
(11, 0, 1, 'Manager', 0, '2025-05-27 11:25:18', '2025-05-27 11:25:18'),
(12, 0, 1, 'Procurement', 0, '2025-10-23 09:20:50', '2025-10-23 09:20:50');

-- --------------------------------------------------------

--
-- Table structure for table `sales`
--

CREATE TABLE `sales` (
  `id` bigint(20) UNSIGNED NOT NULL,
  `customer_id` int(11) DEFAULT NULL,
  `bike_reg_no` varchar(255) DEFAULT NULL,
  `account_id` bigint(20) DEFAULT NULL,
  `invoice_no` varchar(255) NOT NULL,
  `date` date NOT NULL,
  `total_price` double(20,2) NOT NULL,
  `vat_tax` double(20,2) DEFAULT 0.00,
  `discount_method` tinyint(4) NOT NULL DEFAULT 1 COMMENT '0=Percentage, 1=Solid',
  `discount_rate` double(20,2) NOT NULL,
  `discount` double(20,2) NOT NULL,
  `total_payable` double(20,2) NOT NULL,
  `paid_amount` double(20,2) NOT NULL,
  `reference_number` varchar(255) DEFAULT NULL,
  `note` text DEFAULT NULL,
  `payment_status` varchar(255) NOT NULL DEFAULT '0',
  `status` varchar(255) NOT NULL DEFAULT '1',
  `created_by_id` int(11) DEFAULT NULL,
  `updated_by_id` int(11) DEFAULT NULL,
  `created_at` timestamp NULL DEFAULT NULL,
  `updated_at` timestamp NULL DEFAULT NULL
) ENGINE=InnoDB DEFAULT CHARSET=utf8mb4 COLLATE=utf8mb4_unicode_ci;

-- --------------------------------------------------------

--
-- Table structure for table `sale_details`
--

CREATE TABLE `sale_details` (
  `id` bigint(20) UNSIGNED NOT NULL,
  `sale_id` int(11) NOT NULL,
  `item_type` int(11) NOT NULL COMMENT '0=item, 1=service',
  `item_id` int(11) DEFAULT NULL,
  `service_id` int(11) DEFAULT NULL,
  `quantity` double(20,2) NOT NULL,
  `unit_price` double(20,2) NOT NULL,
  `purchase_price` double(20,2) DEFAULT NULL,
  `profit` double(20,2) DEFAULT NULL,
  `net_sale_price` double(20,2) DEFAULT NULL,
  `net_profit` double(20,2) DEFAULT NULL,
  `created_at` timestamp NULL DEFAULT NULL,
  `updated_at` timestamp NULL DEFAULT NULL
) ENGINE=InnoDB DEFAULT CHARSET=utf8mb4 COLLATE=utf8mb4_unicode_ci;

-- --------------------------------------------------------

--
-- Table structure for table `sellers`
--

CREATE TABLE `sellers` (
  `id` bigint(20) UNSIGNED NOT NULL,
  `name` varchar(255) NOT NULL,
  `contact` varchar(255) DEFAULT NULL,
  `nid` varchar(255) DEFAULT NULL,
  `dob` date DEFAULT NULL,
  `dl_no` varchar(255) DEFAULT NULL,
  `passport_no` varchar(255) DEFAULT NULL,
  `bcn_no` varchar(255) DEFAULT NULL,
  `seller_type` tinyint(4) DEFAULT 0 COMMENT '0=general seller, 1=broker',
  `status` tinyint(3) UNSIGNED NOT NULL DEFAULT 1 COMMENT '0=inactive, 1=active',
  `created_at` timestamp NULL DEFAULT NULL,
  `updated_at` timestamp NULL DEFAULT NULL
) ENGINE=InnoDB DEFAULT CHARSET=utf8mb4 COLLATE=utf8mb4_unicode_ci;

--
-- Dumping data for table `sellers`
--

INSERT INTO `sellers` (`id`, `name`, `contact`, `nid`, `dob`, `dl_no`, `passport_no`, `bcn_no`, `seller_type`, `status`, `created_at`, `updated_at`) VALUES
(1, 'Saiful Islam Rony', '01711189825', '6452212951', '1993-12-03', NULL, NULL, NULL, 0, 1, '2025-05-31 10:05:54', '2025-05-31 10:05:54'),
(2, 'Tec Sabuj', '01316415048', NULL, '1999-01-01', NULL, NULL, NULL, 0, 1, '2025-05-31 10:09:42', '2025-05-31 10:09:42'),
(3, 'Tec Sabuj', '01316415048', NULL, '1999-01-01', NULL, NULL, NULL, 0, 1, '2025-05-31 10:12:25', '2025-05-31 10:12:25'),
(4, 'Md. Sajal Khan', '01750287602', NULL, '1987-08-05', NULL, NULL, NULL, 0, 1, '2025-05-31 10:17:41', '2025-05-31 10:17:41'),
(5, 'Rana', '01321040387', '4194922185', '1991-01-03', NULL, NULL, NULL, 0, 1, '2025-05-31 10:20:22', '2025-05-31 10:20:22'),
(6, 'Sohel Vai Personal', '01778172246', NULL, '1980-01-01', NULL, NULL, NULL, 0, 1, '2025-05-31 10:26:48', '2025-05-31 10:26:48'),
(7, 'Md. Jahangir Hossain', 'n/a', NULL, '1999-01-01', NULL, NULL, NULL, 0, 1, '2025-05-31 10:38:04', '2025-05-31 10:38:04'),
(8, 'N/A', 'N/A', 'N/A', '1999-01-01', 'N/A', NULL, NULL, 0, 1, '2025-05-31 10:41:17', '2025-05-31 10:41:17'),
(10, 'N/A', 'N/A', 'N/A', '1999-01-01', 'N/A', NULL, NULL, 0, 1, '2025-05-31 10:51:30', '2025-05-31 10:51:30'),
(11, 'Amir Hossain', '01751546800', '3752415798', '1997-04-20', 'N/A', NULL, NULL, 0, 1, '2025-05-31 16:02:35', '2025-05-31 16:02:35'),
(12, 'N/A', 'N/A', 'N/A', '1999-01-01', NULL, NULL, NULL, 0, 1, '2025-05-31 16:05:03', '2025-05-31 16:05:03'),
(13, 'Shariful Alam', '01774118760/01917003062', '6862199533', '1989-09-25', NULL, NULL, NULL, 0, 1, '2025-05-31 16:11:10', '2025-05-31 16:11:10'),
(14, 'N/A', 'N/A', 'N/A', '1999-01-01', NULL, NULL, NULL, 0, 1, '2025-05-31 16:27:28', '2025-05-31 16:27:28'),
(15, 'N/A', 'N/A', 'N/A', '1999-01-01', NULL, NULL, NULL, 0, 1, '2025-05-31 16:29:26', '2025-05-31 16:29:26'),
(16, 'N/A', 'N/A', NULL, '1999-01-01', NULL, NULL, NULL, 0, 1, '2025-05-31 16:34:02', '2025-05-31 16:34:02'),
(17, 'N/A', 'N/A', NULL, '1999-01-01', NULL, NULL, NULL, 0, 1, '2025-05-31 16:51:23', '2025-05-31 16:51:23'),
(18, 'N/A', 'N/A', NULL, '1999-01-01', NULL, NULL, NULL, 0, 1, '2025-05-31 16:56:04', '2025-05-31 16:56:04'),
(19, 'N/A', 'N/A', NULL, '1999-01-01', NULL, NULL, NULL, 0, 1, '2025-05-31 16:58:41', '2025-05-31 16:58:41'),
(20, 'N/A', 'N/A', NULL, '1999-01-01', NULL, NULL, NULL, 0, 1, '2025-05-31 17:01:16', '2025-05-31 17:01:16'),
(21, 'N/A', 'N/A', NULL, '1999-01-01', NULL, NULL, NULL, 0, 1, '2025-05-31 17:05:38', '2025-05-31 17:05:38'),
(22, 'N/A', 'N/A', NULL, '1999-01-01', NULL, NULL, NULL, 0, 1, '2025-06-03 08:49:00', '2025-06-03 08:49:00'),
(23, 'N/A', 'N/A', NULL, '1999-01-01', NULL, NULL, NULL, 0, 1, '2025-06-04 10:13:50', '2025-06-04 10:13:50'),
(24, 'Seku Khalashi', '01314887066', NULL, '1979-05-10', NULL, NULL, NULL, 0, 1, '2025-06-04 10:21:14', '2025-06-04 10:21:14'),
(25, 'Abu Farhad Tushar', '01305702604/01735490533', NULL, '1997-03-14', NULL, NULL, NULL, 0, 1, '2025-06-04 13:01:42', '2025-06-04 13:01:42'),
(26, 'Sah Alam', '01682461366', NULL, '1999-01-01', NULL, NULL, NULL, 0, 1, '2025-06-05 07:28:08', '2025-06-05 07:28:08'),
(27, 'N/A', 'N/A', NULL, '1999-01-01', NULL, NULL, NULL, 0, 1, '2025-06-05 07:35:12', '2025-06-05 07:35:12'),
(28, 'N/A', 'N/A', NULL, '1999-01-01', NULL, NULL, NULL, 0, 1, '2025-06-05 07:40:16', '2025-06-05 07:40:16'),
(29, 'N/A', 'N/A', NULL, '1999-01-01', NULL, NULL, NULL, 0, 1, '2025-06-06 16:07:10', '2025-06-06 16:07:10'),
(30, 'N/A', 'N/A', NULL, '1999-01-01', NULL, NULL, NULL, 0, 1, '2025-06-28 08:49:23', '2025-06-28 08:49:23'),
(31, 'MD Jewel Chudure', '01743838383', '6437251884', '1993-01-15', NULL, NULL, NULL, 0, 1, '2025-06-28 12:20:55', '2025-06-28 12:20:55'),
(32, 'N/A', 'N/A', NULL, '1999-01-01', NULL, NULL, NULL, 0, 1, '2025-06-28 12:24:25', '2025-06-28 12:24:25'),
(33, 'Yasin Arafat', '01717159967', '19902693622001690', '1990-11-01', NULL, NULL, NULL, 0, 1, '2025-06-28 12:31:13', '2025-06-28 12:31:13'),
(34, 'Md. Khorshed Alam', '01883241568', NULL, '1999-01-01', NULL, NULL, NULL, 0, 1, '2025-07-01 10:59:11', '2025-07-01 10:59:11'),
(35, 'N/A', 'N/A', NULL, '1999-01-01', NULL, NULL, NULL, 0, 1, '2025-07-01 11:03:19', '2025-07-01 11:03:19'),
(36, 'Md Kawsar Hawladar', 'N/A', 'N/A', '1999-01-01', NULL, NULL, NULL, 0, 1, '2025-07-03 14:05:24', '2025-07-03 14:05:24'),
(37, 'Md. Arif hossain', 'N/A', NULL, '1999-01-01', NULL, NULL, NULL, 0, 1, '2025-07-22 08:22:24', '2025-07-22 08:22:24'),
(38, 'Tanvir Ahmmed', '01613626934/01710141071', '8252805554', '1997-05-05', NULL, NULL, NULL, 0, 1, '2025-07-22 08:29:14', '2025-07-22 08:29:14'),
(39, 'Abdullah Al Masum', '01671104333', NULL, '1999-01-01', NULL, NULL, NULL, 0, 1, '2025-07-22 08:44:28', '2025-07-22 08:44:28'),
(40, 'MD Abdullah Al Mamun', '01919098516', NULL, '1999-01-01', NULL, NULL, NULL, 0, 1, '2025-07-22 09:09:02', '2025-07-22 09:10:59'),
(41, 'N/A', 'N/A', NULL, '1999-01-01', NULL, NULL, NULL, 0, 1, '2025-07-22 09:15:58', '2025-07-22 09:15:58'),
(42, 'Alamin Hossain', '01790-379081', '4654289950', '1999-12-09', NULL, NULL, NULL, 0, 1, '2025-07-22 09:23:44', '2025-07-22 09:23:44'),
(43, 'N/A', 'N/A', NULL, '1999-01-01', NULL, NULL, NULL, 0, 1, '2025-07-23 06:57:14', '2025-07-23 06:57:14'),
(44, 'Mintu Choudhiri', '01703944976', '7754836919', '1983-05-10', NULL, NULL, NULL, 0, 1, '2025-07-23 07:03:03', '2025-07-23 07:03:03'),
(45, 'Md. Al-Amin Rahman', '01715926593', NULL, '1999-01-01', NULL, NULL, NULL, 0, 1, '2025-07-23 07:11:11', '2025-07-23 07:11:11'),
(46, 'N/A', 'N/A', 'N/A', '1999-01-01', NULL, NULL, NULL, 0, 1, '2025-07-23 07:16:55', '2025-07-23 07:16:55'),
(47, 'Sahidul Islam', '01719936165', '1500221849', '0000-00-00', NULL, NULL, NULL, 0, 1, '2025-07-23 07:36:14', '2026-01-14 07:10:24'),
(48, 'Dipta day', '01327440275', '3324840747', '2005-11-26', NULL, NULL, NULL, 0, 1, '2025-07-23 07:40:31', '2025-07-23 07:40:31'),
(49, 'Rakib hassan', '01937773222', '7792070521', '1996-05-19', NULL, NULL, NULL, 0, 1, '2025-07-23 07:46:22', '2025-07-23 07:46:22'),
(50, 'N/A', 'N/A', NULL, '1999-01-01', NULL, NULL, NULL, 0, 1, '2025-07-23 07:49:03', '2025-07-23 07:49:03'),
(51, 'MD. Abdur Karim', '01336240743', 'N/A', '2004-05-15', NULL, NULL, NULL, 0, 1, '2025-07-29 07:01:46', '2025-07-29 07:01:46'),
(52, 'Md Manik Ahmmed Himu', '01787999009/01313088039', '4658003852', '1999-08-23', NULL, NULL, NULL, 0, 1, '2025-07-29 07:14:16', '2025-07-29 07:14:16'),
(53, 'N/A', 'N/A', 'N/A', '1999-01-01', NULL, NULL, NULL, 0, 1, '2025-08-09 15:08:02', '2025-08-09 15:08:02'),
(54, 'Miraz Mohammod Sani', '01308553879, 01921488109', NULL, '1999-01-01', NULL, NULL, NULL, 0, 1, '2025-08-09 15:14:30', '2025-08-09 15:14:30'),
(55, 'Ratul Hossain', '01974292490', '2423670112', '1993-04-23', NULL, NULL, NULL, 0, 1, '2025-08-10 08:32:12', '2025-08-10 08:32:12'),
(56, 'Shariar Khan', 'N/A', NULL, '1999-01-01', NULL, NULL, NULL, 0, 1, '2025-08-10 08:41:43', '2025-08-10 08:41:43'),
(57, 'Riyad Dewan', 'N/A', NULL, '1999-01-01', NULL, NULL, NULL, 0, 1, '2025-08-14 08:28:09', '2025-08-14 08:28:09'),
(58, 'Showajul Islam Mithun', '01724522828', '6454597953', '1999-04-04', NULL, NULL, NULL, 0, 1, '2025-08-19 08:26:55', '2025-08-19 08:26:55'),
(59, 'Md Saymon', '01857901219', '7777634226', '1994-06-05', NULL, NULL, NULL, 0, 1, '2025-08-19 08:30:22', '2025-08-19 08:30:22'),
(60, 'Sohel Mia', '01762563586', '9125008756', '1997-12-28', NULL, NULL, NULL, 0, 1, '2025-08-19 08:34:56', '2025-08-19 08:34:56'),
(61, 'Md Jwel', '01858581707', NULL, '1999-01-01', NULL, NULL, NULL, 0, 1, '2025-08-19 08:38:28', '2025-08-19 08:38:28'),
(62, 'Md Mehedi Hasan', '01719968374', '7804372824', '1998-12-30', NULL, NULL, NULL, 0, 1, '2025-08-19 08:42:56', '2025-08-19 08:42:56'),
(63, 'Md Shaheen Alam', '01842680092', '4621208067', '1991-12-31', NULL, NULL, NULL, 0, 1, '2025-08-20 16:36:05', '2025-08-20 16:36:05'),
(64, 'Shaharul Islam', '01640947276', '5112326219', '2002-02-13', NULL, NULL, NULL, 0, 1, '2025-09-07 08:02:26', '2025-09-07 08:02:26'),
(65, 'K M Mominul Hoque', '01972556589', '5995171749', '1961-02-07', NULL, NULL, NULL, 0, 1, '2025-09-07 08:06:37', '2025-09-07 08:06:37'),
(66, 'Rifat BD', 'N/A', NULL, '1999-01-01', NULL, NULL, NULL, 0, 1, '2025-09-17 10:58:49', '2025-09-17 10:58:49'),
(67, 'Asif Mahamud', 'N/A', 'N/A', '1999-10-01', NULL, NULL, NULL, 0, 1, '2025-09-17 11:01:46', '2025-09-17 11:01:46'),
(68, 'Anirat Ahmed', '01682882280', '3266741143', '1993-06-01', NULL, NULL, NULL, 0, 1, '2025-09-17 11:08:52', '2025-09-17 11:08:52'),
(69, 'N/A', 'N/A', NULL, '1999-01-01', NULL, NULL, NULL, 0, 1, '2025-09-17 11:13:24', '2025-09-17 11:13:24'),
(70, 'Razib Hossain', 'N/A', NULL, '1999-01-01', NULL, NULL, NULL, 0, 1, '2025-09-17 11:36:31', '2025-09-17 11:36:31'),
(71, 'Ripa Bagum', '01747722692', NULL, '1999-01-01', NULL, NULL, NULL, 0, 1, '2025-09-17 11:40:16', '2025-09-17 11:40:16'),
(72, 'Md Minhazur Rahman', '01300431218', NULL, '1999-01-01', NULL, NULL, NULL, 0, 1, '2025-09-26 11:03:35', '2025-09-26 11:03:35'),
(73, 'MD Nayeem Hasan', '01813235767', NULL, '1999-01-01', NULL, NULL, NULL, 0, 1, '2025-09-26 11:07:06', '2025-09-26 11:07:06'),
(74, 'Jahidul Islam', '01611766064', '3310019678', '2000-01-19', NULL, NULL, NULL, 0, 1, '2025-10-01 12:14:40', '2025-10-01 12:14:40'),
(75, 'Azizul Islam Shohan', '01779236303', NULL, '1999-01-01', NULL, NULL, NULL, 0, 1, '2025-10-01 12:21:20', '2025-10-01 12:21:20'),
(76, 'MD. Belal Haque', '01724229470', NULL, '1999-01-01', NULL, NULL, NULL, 0, 1, '2025-10-01 12:29:46', '2025-10-01 12:29:46'),
(77, 'Aminur Rahman', '01622355066', NULL, '1999-01-01', NULL, NULL, NULL, 0, 1, '2025-10-01 12:37:14', '2025-10-01 12:37:14'),
(78, 'Rajon Chandra Shil', '01647511795', NULL, '1998-10-08', NULL, NULL, NULL, 0, 1, '2025-10-01 12:45:05', '2025-10-01 12:45:05'),
(79, 'N/A', 'N/A', NULL, '1999-01-01', NULL, NULL, NULL, 0, 1, '2025-10-01 12:55:20', '2025-10-01 12:55:20'),
(80, 'N/A', 'N/A', NULL, '1999-01-01', NULL, NULL, NULL, 0, 1, '2025-10-01 13:00:00', '2025-10-01 13:00:00'),
(81, 'MD. Mamun', '01916663112', NULL, '1999-01-01', NULL, NULL, NULL, 0, 1, '2025-10-01 13:09:29', '2025-10-01 13:09:29'),
(82, 'MD. Mijanur Rahman', '01322764702', NULL, '1999-01-01', NULL, NULL, NULL, 0, 1, '2025-10-01 13:16:09', '2025-10-01 13:16:09'),
(83, 'Rasel Mia Babu', '01881142452', NULL, '1992-08-12', NULL, NULL, NULL, 0, 1, '2025-10-02 09:14:56', '2025-10-02 09:14:56'),
(84, 'MD. Abdul Jalil Matubbar', '01344705623', '9151830875', '1997-07-20', NULL, NULL, NULL, 0, 1, '2025-10-02 15:01:26', '2025-10-02 15:01:26'),
(85, 'Rubel Prodan', '01919198280', NULL, '1999-01-01', NULL, NULL, NULL, 0, 1, '2025-10-02 15:59:20', '2025-10-02 15:59:20'),
(86, 'Sagor Molla', '01887992012', NULL, '1999-01-01', NULL, NULL, NULL, 0, 1, '2025-10-03 10:42:35', '2025-10-03 10:42:35'),
(87, 'Md Shanaoug Bulbul', 'N/A', NULL, '1999-01-01', NULL, NULL, NULL, 0, 1, '2025-10-05 14:21:34', '2025-10-05 14:21:34'),
(88, 'MD. Rasel Islam', 'N/A', '3768385993', '2004-05-16', NULL, NULL, NULL, 0, 1, '2025-10-07 08:17:57', '2025-10-07 08:17:57'),
(89, 'Mohammad Abul Hossain', '01747905046', NULL, '1999-01-01', NULL, NULL, NULL, 0, 1, '2025-10-11 08:48:26', '2025-10-11 08:48:26'),
(90, 'Tanvir Ahmed', '01712149510', NULL, '1999-01-01', NULL, NULL, NULL, 0, 1, '2025-10-11 14:16:50', '2025-10-11 14:16:50'),
(91, 'MD Rana', '01407291362', NULL, '1999-01-01', NULL, NULL, NULL, 0, 1, '2025-10-12 06:34:47', '2025-10-12 06:34:47'),
(92, 'MD. Bahauddin', '01834291054', '3750136479', '1987-12-05', NULL, NULL, NULL, 0, 1, '2025-10-12 06:55:12', '2025-10-12 06:55:12'),
(93, 'K.M Zahidur Rahman', '01731932179', NULL, '1999-01-01', NULL, NULL, NULL, 0, 1, '2025-10-12 07:31:01', '2025-10-12 07:31:01'),
(94, 'MD. Jahidul Islam Howlader', '01927519881', NULL, '1999-01-01', NULL, NULL, NULL, 0, 1, '2025-10-12 08:06:54', '2025-10-12 08:06:54'),
(95, 'Tariq Ifran', '01711134860', NULL, '1999-01-01', NULL, NULL, NULL, 0, 1, '2025-10-12 13:21:08', '2025-10-12 13:21:08'),
(96, 'Mohammad Najmul Haque', '01711430715', NULL, '1991-01-24', NULL, NULL, NULL, 0, 1, '2025-10-14 08:12:37', '2025-10-14 08:12:37'),
(97, 'MD. Abdullah Al Mostakin', '01823116248 / 01534728524', NULL, '2004-01-01', NULL, NULL, NULL, 0, 1, '2025-10-14 10:25:57', '2025-10-14 10:25:57'),
(98, 'Gulam Gaus Bakul', '01725779313', '7796055692', '1971-12-30', 'DK0331383H00009', NULL, NULL, 0, 1, '2025-10-16 10:31:41', '2025-10-16 10:31:41'),
(99, 'Md Asaduzzaman', '01838783330', '3305444964', '1995-02-08', 'DK30519795CL0001', NULL, NULL, 0, 1, '2025-10-17 07:58:01', '2025-10-17 07:58:01'),
(100, 'Ali Rayhan Rifat', '01618970243', NULL, '1999-01-01', NULL, NULL, NULL, 0, 1, '2025-10-20 10:39:04', '2025-10-20 10:39:04'),
(101, 'MD. Faijul Islam', '01777450654', NULL, '1999-01-01', NULL, NULL, NULL, 0, 1, '2025-10-20 10:56:43', '2025-10-20 10:56:43'),
(102, 'MD. Mostafijur Rahman', '01610467532', NULL, '1999-01-01', NULL, NULL, NULL, 0, 1, '2025-10-20 11:08:40', '2025-10-20 11:08:40'),
(103, 'Shofiquzzaman', '01852051424', '5567754923', '1998-11-06', NULL, NULL, NULL, 0, 1, '2025-10-21 07:50:08', '2025-10-21 07:50:08'),
(104, 'Shajib Khan', '01961583118', '4207866700', '1997-01-12', NULL, NULL, NULL, 0, 1, '2025-10-21 08:39:20', '2025-10-21 08:39:20'),
(105, 'Ebrahim', '01876678388', NULL, '1999-01-01', NULL, NULL, NULL, 0, 1, '2025-10-21 10:20:59', '2025-10-21 10:20:59'),
(106, 'Khalada Begum', 'N/A', NULL, '1999-01-01', NULL, NULL, NULL, 0, 1, '2025-10-22 08:57:21', '2025-10-22 08:57:21'),
(107, 'Rasel Ahmed Sumon', 'N/A', NULL, '1999-01-01', NULL, NULL, NULL, 0, 1, '2025-10-22 15:47:56', '2025-10-22 15:47:56'),
(108, 'Mohammad Rokibuzzaman Dollar', '01842696789 / 01312305527', NULL, '1999-01-01', NULL, NULL, NULL, 0, 1, '2025-10-25 06:02:37', '2025-10-25 06:02:37'),
(109, 'MD. Rasedur Rahman', 'N/A', NULL, '1999-01-01', NULL, NULL, NULL, 0, 1, '2025-10-25 06:18:51', '2025-10-25 06:18:51'),
(110, 'MD Nasir Uddin Babar', '+8801921383466', '914 843 9707', '1986-02-10', NULL, NULL, NULL, 0, 1, '2025-10-25 06:31:37', '2025-10-25 06:31:37'),
(111, 'SM Navid Ishtiak Taru', '01922795756', NULL, '1988-05-02', NULL, NULL, NULL, 0, 1, '2025-10-29 08:41:02', '2025-10-29 08:41:02'),
(112, 'Abu Sahadad Rasel', '01341733147', '19808619414567775', '1980-03-22', NULL, 'BC0736572', NULL, 0, 1, '2025-10-29 10:36:09', '2025-10-29 10:36:09'),
(113, 'Md Mufazzal Hossain Roni', '01761582727', NULL, '1999-01-01', NULL, NULL, NULL, 0, 1, '2025-10-29 11:29:57', '2025-10-29 11:29:57'),
(114, 'Sahidul Islam', '01716005490', '6421927077', '1992-10-01', NULL, NULL, NULL, 0, 1, '2025-10-29 12:42:31', '2025-10-29 12:42:31'),
(115, 'Rezwan Mahamud Resan', 'N/A', NULL, '1999-01-01', NULL, NULL, NULL, 0, 1, '2025-10-29 12:52:21', '2025-10-29 12:52:21'),
(116, 'Tania Hossain Tithi', '01836061761', '2818825669', '1988-01-07', NULL, NULL, NULL, 0, 1, '2025-10-29 12:58:54', '2025-10-29 12:58:54'),
(117, 'MD. Shumon Gazi', 'N/A', NULL, '1999-01-01', NULL, NULL, NULL, 0, 1, '2025-10-29 13:07:31', '2025-10-29 13:07:31'),
(118, 'Abdullah Al Bari', 'N/A', NULL, '1999-01-01', NULL, NULL, NULL, 0, 1, '2025-10-30 14:33:50', '2025-10-30 14:33:50'),
(119, 'MD Badal Gazi', 'N/A', NULL, '1999-01-01', NULL, NULL, NULL, 0, 1, '2025-10-30 14:51:09', '2025-10-30 14:51:09'),
(120, 'Shahidul Islam', '01711674437', '1500221849', '1985-02-01', NULL, NULL, NULL, 0, 1, '2025-11-01 10:00:52', '2025-11-01 10:00:52'),
(121, 'Mahadi Hasan', '01630395256', '9580746106', '1998-12-04', NULL, NULL, NULL, 0, 1, '2025-11-03 14:28:53', '2025-11-03 14:28:53'),
(122, 'Sayad Adib Ahmmed', 'N/A', 'N/A', '1999-01-01', NULL, NULL, NULL, 0, 1, '2025-11-04 09:45:51', '2025-11-04 09:45:51'),
(123, 'Zahidul Islam', '01791119982 / 01309595536', NULL, '1999-01-01', NULL, NULL, NULL, 0, 1, '2025-11-04 10:34:12', '2025-11-04 10:34:12'),
(124, 'Zahangir Hossain', '01713570358', '1016766832', '1987-01-01', NULL, NULL, NULL, 0, 1, '2025-11-05 11:04:35', '2025-11-05 11:04:35'),
(125, 'Sohel Vai Bike House BD', NULL, NULL, NULL, NULL, NULL, NULL, 1, 1, '2025-11-05 11:04:35', '2025-11-05 11:04:35'),
(126, 'MD. Ismail Hossain Sunny', 'N/A', NULL, '1999-01-01', NULL, NULL, NULL, 0, 1, '2025-11-05 14:48:31', '2025-11-05 14:48:31'),
(127, 'Motoshed Technician Hasan', NULL, NULL, NULL, NULL, NULL, NULL, 1, 1, '2025-11-05 14:48:31', '2025-11-05 14:48:31'),
(128, 'Imtiaz Sultan Shanto', '01761938469', NULL, '1999-01-01', NULL, NULL, NULL, 0, 1, '2025-11-06 12:33:11', '2025-11-06 12:33:11'),
(129, 'Ahmmed Shanto', '01616161879', NULL, '1997-01-01', 'DK00896627CL001', NULL, NULL, 0, 1, '2025-11-06 13:30:09', '2025-11-06 13:30:09'),
(130, 'MD Woahidul Hasan', '01716525311', NULL, '1999-01-01', NULL, NULL, NULL, 0, 1, '2025-11-07 07:52:48', '2025-11-07 07:52:48'),
(131, 'Jiku Motka', NULL, NULL, NULL, NULL, NULL, NULL, 1, 1, '2025-11-07 07:52:48', '2025-11-07 07:52:48'),
(132, 'Abu Haider', 'N/A', NULL, '2000-09-21', NULL, NULL, NULL, 0, 1, '2025-11-07 08:09:01', '2025-11-07 08:09:01'),
(133, 'Jiku Motka', NULL, NULL, NULL, NULL, NULL, NULL, 1, 1, '2025-11-07 08:09:01', '2025-11-07 08:09:01'),
(134, 'MD Mahbubur Rahman', '01303215584', NULL, '1999-01-01', NULL, NULL, NULL, 0, 1, '2025-11-09 08:41:53', '2025-11-09 08:41:53'),
(135, 'Nurul Amin', 'N/A', NULL, '1999-01-01', NULL, NULL, NULL, 0, 1, '2025-11-09 15:19:27', '2025-11-09 15:19:27'),
(136, 'Ujjal Gajipur', NULL, NULL, NULL, NULL, NULL, NULL, 1, 1, '2025-11-09 15:19:27', '2025-11-09 15:19:27'),
(137, 'Sahidul Islam', '01719936165', '1500221849', '1999-01-01', NULL, NULL, NULL, 0, 1, '2025-11-11 08:42:00', '2025-11-11 08:42:00'),
(138, 'Al Fattha Fahim', 'N/A', NULL, '1999-01-01', NULL, NULL, NULL, 0, 1, '2025-11-12 14:06:09', '2025-11-12 14:06:09'),
(139, 'MD Aktar', '01307576091', NULL, '1999-01-01', NULL, NULL, NULL, 0, 1, '2025-11-14 11:17:35', '2025-11-14 11:17:35'),
(140, 'MD. Badal Hawlader', 'N/A', NULL, '1999-01-01', NULL, NULL, NULL, 0, 1, '2025-11-18 10:34:30', '2025-11-18 10:34:30'),
(141, 'Sakibul Hoqwue Shawon', '01681880654', NULL, NULL, NULL, NULL, NULL, 1, 1, '2025-11-18 10:34:30', '2025-11-18 10:34:30'),
(142, 'Kazi Hasib Taraq', '01911141009', '6446131291', '1999-01-01', NULL, NULL, NULL, 0, 1, '2025-11-18 14:28:04', '2025-11-18 14:28:04'),
(143, 'Kazi Hasib Taraq', '01911141009', NULL, '1994-01-15', NULL, NULL, NULL, 0, 1, '2025-11-18 17:07:44', '2025-11-18 17:07:44'),
(144, 'MD. Rabbi Molla', 'N/A', NULL, '1999-01-01', NULL, NULL, NULL, 0, 1, '2025-11-21 09:53:39', '2025-11-21 09:53:39'),
(145, 'MD. Milon Mia', 'N/A', NULL, '1999-01-01', NULL, NULL, NULL, 0, 1, '2025-11-21 09:59:07', '2025-11-21 09:59:07'),
(146, 'MD. Lalon Sarkar', 'N/A', NULL, '1999-01-01', NULL, NULL, NULL, 0, 1, '2025-11-21 10:04:50', '2025-11-21 10:04:50'),
(147, 'Sohel Vai Bike House BD', NULL, NULL, NULL, NULL, NULL, NULL, 1, 1, '2025-11-21 10:04:50', '2025-11-21 10:04:50'),
(148, 'MD Motiar Rahman', 'N/A', NULL, '1999-01-01', NULL, NULL, NULL, 0, 1, '2025-11-21 10:15:31', '2025-11-21 10:15:31'),
(149, 'Nahid Parvej Khan', '01942515798', '2399148184', '1993-07-13', NULL, NULL, NULL, 0, 1, '2025-11-21 10:24:23', '2025-11-21 10:24:23'),
(150, 'MD. Babul Islam', '01707963283', NULL, '1999-01-01', NULL, NULL, NULL, 0, 1, '2025-11-21 13:27:22', '2025-11-21 13:27:22'),
(151, 'Ujjal Gazipur', NULL, NULL, NULL, NULL, NULL, NULL, 1, 1, '2025-11-21 13:27:22', '2025-11-21 13:27:22'),
(152, 'MD. Selim Hossen', '01601961812', NULL, '1999-01-01', NULL, NULL, NULL, 0, 1, '2025-11-21 13:35:15', '2025-11-21 13:35:15'),
(153, 'MD. Niraduzzaman Niru', 'N/A', NULL, '1999-01-01', NULL, NULL, NULL, 0, 1, '2025-11-27 10:25:25', '2025-11-27 10:25:25'),
(154, 'Asif Vai M.pur', NULL, NULL, NULL, NULL, NULL, NULL, 1, 1, '2025-11-27 10:25:25', '2025-11-27 10:25:25'),
(155, 'MD. Usuf Ali', 'N/A', NULL, '1999-01-01', NULL, NULL, NULL, 0, 1, '2025-11-27 10:39:20', '2025-11-27 10:39:20'),
(156, 'Hussain Ahmed Joy', '01345667284', '10485550204', '2007-01-10', NULL, NULL, NULL, 0, 1, '2025-11-27 10:45:36', '2025-11-27 10:45:36'),
(157, 'MD. Sabbir Ahmed', 'N/A', NULL, '1999-01-01', NULL, NULL, NULL, 0, 1, '2025-11-29 08:56:36', '2025-11-29 08:56:36'),
(158, 'MD. Rahim Miah', 'N/A', NULL, '1999-01-01', NULL, NULL, NULL, 0, 1, '2025-11-30 10:13:52', '2025-11-30 10:13:52'),
(159, 'Abu Taher', '01866345661', '4205168695', '1997-09-06', NULL, NULL, NULL, 0, 1, '2025-12-06 11:34:22', '2025-12-06 11:34:22'),
(160, 'Md. Hridoy', '01719052509', '2413285087', '1999-01-01', NULL, NULL, NULL, 0, 1, '2026-01-07 13:02:35', '2026-01-07 13:02:35'),
(161, 'Mrenmoy Das', '01775564474', '7373641591', '1998-04-05', NULL, NULL, NULL, 0, 1, '2026-01-08 10:00:43', '2026-01-08 10:00:43'),
(162, 'MD Nazim Uddin Raju', '01898753129', '5577905143', '1987-08-10', NULL, NULL, NULL, 0, 1, '2026-01-11 13:14:37', '2026-01-11 13:14:37'),
(163, 'Farzana Akter', '01987946058', '1508697537', '1999-01-01', NULL, NULL, NULL, 0, 1, '2026-01-11 13:20:01', '2026-01-11 13:20:01'),
(164, 'ABC', 'N/A', NULL, '1999-01-01', NULL, NULL, NULL, 0, 1, '2026-01-13 06:09:07', '2026-01-13 06:09:07'),
(165, 'Younus Ali Hawlader', '01714717117', '2693016027490', '1987-02-14', NULL, NULL, NULL, 0, 1, '2026-01-15 07:36:14', '2026-01-15 07:36:14'),
(166, 'Ashukizzaman', 'N/A', NULL, '1999-01-01', NULL, NULL, NULL, 0, 1, '2026-01-17 08:05:48', '2026-01-17 08:05:48'),
(167, 'Rifat Khilkhet', NULL, NULL, NULL, NULL, NULL, NULL, 1, 1, '2026-01-17 08:05:48', '2026-01-17 08:05:48'),
(168, 'Ishteak Hossain Majumder', 'N/A', NULL, '1999-01-01', NULL, NULL, NULL, 0, 1, '2026-01-18 10:32:25', '2026-01-18 10:32:25'),
(169, 'MD. Delwar Hossain', '01711701866', '8704473811', '1999-05-05', NULL, NULL, NULL, 0, 1, '2026-01-22 14:36:56', '2026-01-22 14:36:56'),
(170, 'Akibun Noor', 'N/A', NULL, '1999-01-01', NULL, NULL, NULL, 0, 1, '2026-01-23 10:57:56', '2026-01-23 10:57:56'),
(171, 'MD. Ismail Sarkar', '01735158896', NULL, '1999-01-01', NULL, NULL, NULL, 0, 1, '2026-01-28 07:54:22', '2026-01-28 07:54:22'),
(172, 'Mushfikur Rahman Maruf', '01603495304', NULL, '1999-01-01', NULL, NULL, NULL, 0, 1, '2026-01-28 08:14:18', '2026-01-28 08:14:18'),
(173, 'MD. Ahmudul Haque Anik', '01849633045', NULL, '1998-03-02', NULL, NULL, NULL, 0, 1, '2026-01-30 09:27:44', '2026-01-30 09:27:44'),
(174, 'MD. Asiful Habib', 'N/A', NULL, '1999-01-01', NULL, NULL, NULL, 0, 1, '2026-02-02 08:32:07', '2026-02-02 08:32:07'),
(175, 'Abu Bakar Siddique', '01324312164', '7797753535', '1996-01-25', NULL, NULL, NULL, 0, 1, '2026-02-04 15:29:59', '2026-02-04 15:29:59'),
(176, 'MD. Masud Rana', '01719029236', '2847769797', '1987-07-16', NULL, NULL, NULL, 0, 1, '2026-02-05 15:24:53', '2026-02-05 15:24:53'),
(177, 'MD. Jashim Uddin', '01782130884', '8260884799', '1996-05-06', NULL, NULL, NULL, 0, 1, '2026-02-05 15:47:34', '2026-02-05 15:47:34'),
(178, 'Salah Uddin', '01939896325', '6861006234', '1973-05-16', NULL, NULL, NULL, 0, 1, '2026-02-05 16:02:49', '2026-02-05 16:02:49'),
(179, 'MD. Tofazzal Hosen', '01742272069', NULL, '1983-02-18', NULL, NULL, NULL, 0, 1, '2026-02-05 16:18:13', '2026-02-05 16:18:13'),
(180, 'MD. Nazmul Hassan', '01631683838', NULL, '1999-01-01', NULL, NULL, NULL, 0, 1, '2026-02-07 10:01:28', '2026-02-07 10:01:28'),
(181, 'MD Shariful Islam', '01733663133', '2374101638', '1982-10-11', NULL, NULL, NULL, 0, 1, '2026-02-07 12:22:13', '2026-02-07 12:22:13'),
(182, 'Raqibul Karim Khan', '01822092063', NULL, '1999-01-01', NULL, NULL, NULL, 0, 1, '2026-02-08 13:32:04', '2026-02-08 13:32:04'),
(183, 'MD. Tasin Malum', '01719554546', NULL, '1999-01-01', NULL, NULL, NULL, 0, 1, '2026-02-16 06:33:26', '2026-02-16 06:33:26'),
(184, 'Mir Md Nazmul Haydar', '01313791268', '6450692048', '1987-12-31', NULL, NULL, NULL, 0, 1, '2026-02-16 07:04:23', '2026-02-16 07:04:23'),
(185, 'MD. Tanvir Khan', 'N/A', NULL, '1999-01-01', NULL, NULL, NULL, 0, 1, '2026-02-16 11:17:53', '2026-02-16 11:17:53'),
(186, 'Mahfuz Ahmed', '01515269536', NULL, '1999-01-01', NULL, NULL, NULL, 0, 1, '2026-02-18 10:25:50', '2026-02-18 10:25:50'),
(187, 'MD. Asadul Haque Chowdhury', '01670207539', '6409251961', '1989-12-31', NULL, NULL, NULL, 0, 1, '2026-02-18 10:45:08', '2026-02-18 10:45:08'),
(188, 'MD. Akib Al Amin Siam', '01635468422', NULL, '1999-01-01', NULL, NULL, NULL, 0, 1, '2026-02-20 13:33:22', '2026-02-20 13:33:22'),
(189, 'Samim Hossan', '01705316302', NULL, '1999-01-01', NULL, NULL, NULL, 0, 1, '2026-02-20 13:47:21', '2026-02-20 13:47:21'),
(190, 'Mazharul Islam Moynul', 'N/A', NULL, '1999-01-01', NULL, NULL, NULL, 0, 1, '2026-02-21 07:21:17', '2026-02-21 07:21:17'),
(191, 'Abu Bakar Siddik', 'N/A', NULL, '1999-01-01', NULL, NULL, NULL, 0, 1, '2026-02-22 05:42:25', '2026-02-22 05:42:25'),
(192, 'Suman Molla', '01739971810', NULL, '1999-01-01', NULL, NULL, NULL, 0, 1, '2026-02-22 08:48:58', '2026-02-22 08:48:58'),
(193, 'MD. Shakib Hossain', '01515215928', '8708008608', '1999-12-13', NULL, NULL, NULL, 0, 1, '2026-02-23 06:37:26', '2026-02-23 06:37:26'),
(194, 'MD. Mozammel', 'N/A', NULL, '1999-01-01', NULL, NULL, NULL, 0, 1, '2026-02-23 14:56:34', '2026-02-23 14:56:34'),
(195, 'Arian (Molla college)', NULL, NULL, NULL, NULL, NULL, NULL, 1, 1, '2026-02-24 05:13:34', '2026-02-24 05:13:34'),
(196, 'Arian (Molla college)', '01408964733', NULL, NULL, NULL, NULL, NULL, 1, 1, '2026-02-24 05:18:15', '2026-02-24 05:18:15'),
(197, 'MD. Abdul Hamid', 'N/A', NULL, '1999-01-01', NULL, NULL, NULL, 0, 1, '2026-02-26 08:14:32', '2026-02-26 08:14:32'),
(198, 'MD. Romjan Islam', '01608383847', '8719187646', '2000-02-14', NULL, NULL, NULL, 0, 1, '2026-02-26 10:26:14', '2026-02-26 10:26:14'),
(199, 'MD. Ziaur Rahman', 'N/A', '6402663517', '1981-08-25', NULL, NULL, NULL, 0, 1, '2026-02-26 10:38:28', '2026-02-26 10:38:28'),
(200, 'MD. Shahidul Islam Masum', 'N/A', NULL, '1999-01-01', NULL, NULL, NULL, 0, 1, '2026-02-26 11:07:54', '2026-02-26 11:07:54'),
(201, 'MD. Abu Rasel', 'N/A', NULL, '1999-01-01', NULL, NULL, NULL, 0, 1, '2026-02-28 08:15:13', '2026-02-28 08:15:13'),
(202, 'MD. Ismail', 'N/A', NULL, '1999-01-01', NULL, NULL, NULL, 0, 1, '2026-02-28 11:08:30', '2026-02-28 11:08:30'),
(203, 'Shafiqul Islam Pinto', 'N/A', NULL, '1999-01-01', NULL, NULL, NULL, 0, 1, '2026-02-28 11:26:56', '2026-02-28 11:26:56'),
(204, 'MD. Ibrahim', 'N/A', NULL, '1999-01-01', NULL, NULL, NULL, 0, 1, '2026-03-02 10:42:02', '2026-03-02 10:42:02'),
(205, 'MD. Ibrahim', '01540700631', '8729357742', '1999-05-14', NULL, NULL, NULL, 0, 1, '2026-03-02 13:36:57', '2026-03-02 13:55:15'),
(206, 'MD. Humayon Kabir', 'N/A', NULL, '1999-01-01', NULL, NULL, NULL, 0, 1, '2026-03-04 05:56:40', '2026-03-04 05:56:40'),
(207, 'MD. Sheikh Sayef', 'N/A', '1973347469', '2003-05-23', NULL, NULL, NULL, 0, 1, '2026-03-04 08:54:06', '2026-03-04 08:54:06'),
(208, 'MD. Abdul Malek Sarkar', '01815399074', NULL, '1999-01-01', NULL, NULL, NULL, 0, 1, '2026-03-07 09:08:41', '2026-03-07 09:08:41');

-- --------------------------------------------------------

--
-- Table structure for table `stock_histories`
--

CREATE TABLE `stock_histories` (
  `id` bigint(20) UNSIGNED NOT NULL,
  `item_id` int(11) NOT NULL,
  `date` date NOT NULL,
  `particular` varchar(255) DEFAULT NULL,
  `stock_in_qty` double(20,2) DEFAULT NULL,
  `stock_out_qty` double(20,2) DEFAULT NULL,
  `rate` double(20,2) NOT NULL DEFAULT 0.00,
  `current_stock` double(20,2) NOT NULL DEFAULT 0.00,
  `created_by_id` int(11) NOT NULL,
  `created_at` timestamp NULL DEFAULT NULL,
  `updated_at` timestamp NULL DEFAULT NULL
) ENGINE=InnoDB DEFAULT CHARSET=utf8mb4 COLLATE=utf8mb4_unicode_ci;

-- --------------------------------------------------------

--
-- Table structure for table `suppliers`
--

CREATE TABLE `suppliers` (
  `id` bigint(20) UNSIGNED NOT NULL,
  `name` varchar(255) NOT NULL,
  `email` varchar(255) DEFAULT NULL,
  `phone` varchar(255) NOT NULL,
  `address` text DEFAULT NULL,
  `organization` varchar(255) DEFAULT NULL,
  `opening_payable` double(20,2) NOT NULL DEFAULT 0.00,
  `opening_receivable` double(20,2) NOT NULL DEFAULT 0.00,
  `current_balance` double(20,2) NOT NULL DEFAULT 0.00,
  `status` varchar(255) NOT NULL DEFAULT '0',
  `created_by_id` int(11) DEFAULT NULL,
  `updated_by_id` int(11) DEFAULT NULL,
  `created_at` timestamp NULL DEFAULT NULL,
  `updated_at` timestamp NULL DEFAULT NULL
) ENGINE=InnoDB DEFAULT CHARSET=utf8mb4 COLLATE=utf8mb4_unicode_ci;

-- --------------------------------------------------------

--
-- Table structure for table `supplier_ledgers`
--

CREATE TABLE `supplier_ledgers` (
  `id` bigint(20) UNSIGNED NOT NULL,
  `supplier_id` int(11) NOT NULL,
  `purchase_id` int(11) DEFAULT NULL,
  `payment_id` int(11) DEFAULT NULL,
  `account_id` int(11) DEFAULT NULL,
  `particular` varchar(255) DEFAULT NULL,
  `date` date NOT NULL,
  `debit_amount` decimal(20,2) DEFAULT NULL,
  `credit_amount` decimal(20,2) DEFAULT NULL,
  `current_balance` decimal(20,2) NOT NULL,
  `reference_number` text DEFAULT NULL,
  `note` text DEFAULT NULL,
  `created_by_id` int(11) DEFAULT NULL,
  `updated_by_id` int(11) DEFAULT NULL,
  `created_at` timestamp NULL DEFAULT NULL,
  `updated_at` timestamp NULL DEFAULT NULL
) ENGINE=InnoDB DEFAULT CHARSET=utf8mb4 COLLATE=utf8mb4_unicode_ci;

-- --------------------------------------------------------

--
-- Table structure for table `supplier_payments`
--

CREATE TABLE `supplier_payments` (
  `id` bigint(20) UNSIGNED NOT NULL,
  `supplier_id` bigint(20) NOT NULL,
  `account_id` bigint(20) NOT NULL,
  `purchase_id` bigint(20) DEFAULT NULL,
  `date` date NOT NULL,
  `amount` double(20,2) NOT NULL,
  `reference_number` varchar(255) DEFAULT NULL,
  `note` text DEFAULT NULL,
  `status` tinyint(4) NOT NULL DEFAULT 0 COMMENT '0=Pending, 1=Approved',
  `created_by_id` int(11) DEFAULT NULL,
  `updated_by_id` int(11) DEFAULT NULL,
  `created_at` timestamp NULL DEFAULT NULL,
  `updated_at` timestamp NULL DEFAULT NULL
) ENGINE=InnoDB DEFAULT CHARSET=utf8mb4 COLLATE=utf8mb4_unicode_ci;

-- --------------------------------------------------------

--
-- Table structure for table `units`
--

CREATE TABLE `units` (
  `id` bigint(20) UNSIGNED NOT NULL,
  `is_default` tinyint(4) NOT NULL,
  `unit_type` varchar(10) NOT NULL,
  `title` varchar(255) NOT NULL,
  `status` tinyint(4) NOT NULL DEFAULT 1,
  `created_at` timestamp NULL DEFAULT NULL,
  `updated_at` timestamp NULL DEFAULT NULL
) ENGINE=InnoDB DEFAULT CHARSET=utf8mb4 COLLATE=utf8mb4_unicode_ci;

--
-- Dumping data for table `units`
--

INSERT INTO `units` (`id`, `is_default`, `unit_type`, `title`, `status`, `created_at`, `updated_at`) VALUES
(1, 1, 'quantity', 'Piece', 1, NULL, NULL),
(2, 0, 'quantity', 'Pair', 1, NULL, NULL),
(3, 0, 'quantity', 'Set', 1, NULL, NULL),
(4, 0, 'quantity', 'Box', 1, NULL, NULL);

-- --------------------------------------------------------

--
-- Table structure for table `users`
--

CREATE TABLE `users` (
  `id` bigint(20) UNSIGNED NOT NULL,
  `name` varchar(255) NOT NULL,
  `email` varchar(255) NOT NULL,
  `password` varchar(255) DEFAULT NULL,
  `google_id` varchar(255) DEFAULT NULL,
  `facebook_id` varchar(255) DEFAULT NULL,
  `phone` varchar(30) NOT NULL,
  `default_address` varchar(255) DEFAULT NULL,
  `image` varchar(100) DEFAULT NULL,
  `email_verified_at` timestamp NULL DEFAULT NULL,
  `remember_token` varchar(100) DEFAULT NULL,
  `created_at` timestamp NULL DEFAULT NULL,
  `updated_at` timestamp NULL DEFAULT NULL
) ENGINE=InnoDB DEFAULT CHARSET=utf8mb4 COLLATE=utf8mb4_unicode_ci;

--
-- Indexes for dumped tables
--

--
-- Indexes for table `accounts`
--
ALTER TABLE `accounts`
  ADD PRIMARY KEY (`id`);

--
-- Indexes for table `account_ledgers`
--
ALTER TABLE `account_ledgers`
  ADD PRIMARY KEY (`id`);

--
-- Indexes for table `admins`
--
ALTER TABLE `admins`
  ADD PRIMARY KEY (`id`),
  ADD UNIQUE KEY `admins_email_unique` (`email`);

--
-- Indexes for table `basic_infos`
--
ALTER TABLE `basic_infos`
  ADD PRIMARY KEY (`id`);

--
-- Indexes for table `bikes`
--
ALTER TABLE `bikes`
  ADD PRIMARY KEY (`id`),
  ADD UNIQUE KEY `bikes_chassis_no_unique` (`chassis_no`),
  ADD UNIQUE KEY `bikes_engine_no_unique` (`engine_no`);

--
-- Indexes for table `bike_models`
--
ALTER TABLE `bike_models`
  ADD PRIMARY KEY (`id`);

--
-- Indexes for table `bike_profits`
--
ALTER TABLE `bike_profits`
  ADD PRIMARY KEY (`id`);

--
-- Indexes for table `bike_profit_share_records`
--
ALTER TABLE `bike_profit_share_records`
  ADD PRIMARY KEY (`id`);

--
-- Indexes for table `bike_purchases`
--
ALTER TABLE `bike_purchases`
  ADD PRIMARY KEY (`id`);

--
-- Indexes for table `bike_sales`
--
ALTER TABLE `bike_sales`
  ADD PRIMARY KEY (`id`);

--
-- Indexes for table `bike_services`
--
ALTER TABLE `bike_services`
  ADD PRIMARY KEY (`id`);

--
-- Indexes for table `bike_service_categories`
--
ALTER TABLE `bike_service_categories`
  ADD PRIMARY KEY (`id`);

--
-- Indexes for table `bike_service_records`
--
ALTER TABLE `bike_service_records`
  ADD PRIMARY KEY (`id`);

--
-- Indexes for table `bike_service_record_details`
--
ALTER TABLE `bike_service_record_details`
  ADD PRIMARY KEY (`id`);

--
-- Indexes for table `brands`
--
ALTER TABLE `brands`
  ADD PRIMARY KEY (`id`);

--
-- Indexes for table `buyers`
--
ALTER TABLE `buyers`
  ADD PRIMARY KEY (`id`);

--
-- Indexes for table `categories`
--
ALTER TABLE `categories`
  ADD PRIMARY KEY (`id`);

--
-- Indexes for table `category_types`
--
ALTER TABLE `category_types`
  ADD PRIMARY KEY (`id`);

--
-- Indexes for table `colors`
--
ALTER TABLE `colors`
  ADD PRIMARY KEY (`id`);

--
-- Indexes for table `customers`
--
ALTER TABLE `customers`
  ADD PRIMARY KEY (`id`);

--
-- Indexes for table `customer_ledgers`
--
ALTER TABLE `customer_ledgers`
  ADD PRIMARY KEY (`id`);

--
-- Indexes for table `customer_payments`
--
ALTER TABLE `customer_payments`
  ADD PRIMARY KEY (`id`);

--
-- Indexes for table `expenses`
--
ALTER TABLE `expenses`
  ADD PRIMARY KEY (`id`);

--
-- Indexes for table `expense_categories`
--
ALTER TABLE `expense_categories`
  ADD PRIMARY KEY (`id`);

--
-- Indexes for table `expense_details`
--
ALTER TABLE `expense_details`
  ADD PRIMARY KEY (`id`);

--
-- Indexes for table `expense_heads`
--
ALTER TABLE `expense_heads`
  ADD PRIMARY KEY (`id`);

--
-- Indexes for table `failed_jobs`
--
ALTER TABLE `failed_jobs`
  ADD PRIMARY KEY (`id`),
  ADD UNIQUE KEY `failed_jobs_uuid_unique` (`uuid`);

--
-- Indexes for table `frontend_menus`
--
ALTER TABLE `frontend_menus`
  ADD PRIMARY KEY (`id`),
  ADD UNIQUE KEY `frontend_menus_slug_unique` (`slug`);

--
-- Indexes for table `fund_transfer_histories`
--
ALTER TABLE `fund_transfer_histories`
  ADD PRIMARY KEY (`id`);

--
-- Indexes for table `investors`
--
ALTER TABLE `investors`
  ADD PRIMARY KEY (`id`);

--
-- Indexes for table `investor_ledgers`
--
ALTER TABLE `investor_ledgers`
  ADD PRIMARY KEY (`id`),
  ADD UNIQUE KEY `investor_ledgers_reference_number_unique` (`reference_number`);

--
-- Indexes for table `investor_transactions`
--
ALTER TABLE `investor_transactions`
  ADD PRIMARY KEY (`id`),
  ADD UNIQUE KEY `investor_transactions_reference_number_unique` (`reference_number`);

--
-- Indexes for table `items`
--
ALTER TABLE `items`
  ADD PRIMARY KEY (`id`);

--
-- Indexes for table `menus`
--
ALTER TABLE `menus`
  ADD PRIMARY KEY (`id`);

--
-- Indexes for table `migrations`
--
ALTER TABLE `migrations`
  ADD PRIMARY KEY (`id`);

--
-- Indexes for table `parties`
--
ALTER TABLE `parties`
  ADD PRIMARY KEY (`id`);

--
-- Indexes for table `party_ledgers`
--
ALTER TABLE `party_ledgers`
  ADD PRIMARY KEY (`id`);

--
-- Indexes for table `party_loans`
--
ALTER TABLE `party_loans`
  ADD PRIMARY KEY (`id`),
  ADD UNIQUE KEY `party_loans_loan_no_unique` (`loan_no`);

--
-- Indexes for table `party_payments`
--
ALTER TABLE `party_payments`
  ADD PRIMARY KEY (`id`);

--
-- Indexes for table `password_resets`
--
ALTER TABLE `password_resets`
  ADD PRIMARY KEY (`email`);

--
-- Indexes for table `payment_methods`
--
ALTER TABLE `payment_methods`
  ADD PRIMARY KEY (`id`);

--
-- Indexes for table `personal_access_tokens`
--
ALTER TABLE `personal_access_tokens`
  ADD PRIMARY KEY (`id`),
  ADD UNIQUE KEY `personal_access_tokens_token_unique` (`token`),
  ADD KEY `personal_access_tokens_tokenable_type_tokenable_id_index` (`tokenable_type`,`tokenable_id`);

--
-- Indexes for table `privileges`
--
ALTER TABLE `privileges`
  ADD PRIMARY KEY (`id`);

--
-- Indexes for table `purchases`
--
ALTER TABLE `purchases`
  ADD PRIMARY KEY (`id`);

--
-- Indexes for table `purchase_details`
--
ALTER TABLE `purchase_details`
  ADD PRIMARY KEY (`id`);

--
-- Indexes for table `roles`
--
ALTER TABLE `roles`
  ADD PRIMARY KEY (`id`);

--
-- Indexes for table `sales`
--
ALTER TABLE `sales`
  ADD PRIMARY KEY (`id`);

--
-- Indexes for table `sale_details`
--
ALTER TABLE `sale_details`
  ADD PRIMARY KEY (`id`);

--
-- Indexes for table `sellers`
--
ALTER TABLE `sellers`
  ADD PRIMARY KEY (`id`);

--
-- Indexes for table `stock_histories`
--
ALTER TABLE `stock_histories`
  ADD PRIMARY KEY (`id`);

--
-- Indexes for table `suppliers`
--
ALTER TABLE `suppliers`
  ADD PRIMARY KEY (`id`);

--
-- Indexes for table `supplier_ledgers`
--
ALTER TABLE `supplier_ledgers`
  ADD PRIMARY KEY (`id`);

--
-- Indexes for table `supplier_payments`
--
ALTER TABLE `supplier_payments`
  ADD PRIMARY KEY (`id`);

--
-- Indexes for table `units`
--
ALTER TABLE `units`
  ADD PRIMARY KEY (`id`);

--
-- Indexes for table `users`
--
ALTER TABLE `users`
  ADD PRIMARY KEY (`id`),
  ADD UNIQUE KEY `users_email_unique` (`email`);

--
-- AUTO_INCREMENT for dumped tables
--

--
-- AUTO_INCREMENT for table `accounts`
--
ALTER TABLE `accounts`
  MODIFY `id` bigint(20) UNSIGNED NOT NULL AUTO_INCREMENT, AUTO_INCREMENT=8;

--
-- AUTO_INCREMENT for table `account_ledgers`
--
ALTER TABLE `account_ledgers`
  MODIFY `id` bigint(20) UNSIGNED NOT NULL AUTO_INCREMENT, AUTO_INCREMENT=878;

--
-- AUTO_INCREMENT for table `admins`
--
ALTER TABLE `admins`
  MODIFY `id` bigint(20) UNSIGNED NOT NULL AUTO_INCREMENT, AUTO_INCREMENT=14;

--
-- AUTO_INCREMENT for table `basic_infos`
--
ALTER TABLE `basic_infos`
  MODIFY `id` bigint(20) UNSIGNED NOT NULL AUTO_INCREMENT, AUTO_INCREMENT=2;

--
-- AUTO_INCREMENT for table `bikes`
--
ALTER TABLE `bikes`
  MODIFY `id` bigint(20) UNSIGNED NOT NULL AUTO_INCREMENT, AUTO_INCREMENT=179;

--
-- AUTO_INCREMENT for table `bike_models`
--
ALTER TABLE `bike_models`
  MODIFY `id` bigint(20) UNSIGNED NOT NULL AUTO_INCREMENT, AUTO_INCREMENT=91;

--
-- AUTO_INCREMENT for table `bike_profits`
--
ALTER TABLE `bike_profits`
  MODIFY `id` bigint(20) UNSIGNED NOT NULL AUTO_INCREMENT, AUTO_INCREMENT=167;

--
-- AUTO_INCREMENT for table `bike_profit_share_records`
--
ALTER TABLE `bike_profit_share_records`
  MODIFY `id` bigint(20) UNSIGNED NOT NULL AUTO_INCREMENT, AUTO_INCREMENT=22;

--
-- AUTO_INCREMENT for table `bike_purchases`
--
ALTER TABLE `bike_purchases`
  MODIFY `id` bigint(20) UNSIGNED NOT NULL AUTO_INCREMENT, AUTO_INCREMENT=196;

--
-- AUTO_INCREMENT for table `bike_sales`
--
ALTER TABLE `bike_sales`
  MODIFY `id` bigint(20) UNSIGNED NOT NULL AUTO_INCREMENT, AUTO_INCREMENT=172;

--
-- AUTO_INCREMENT for table `bike_services`
--
ALTER TABLE `bike_services`
  MODIFY `id` bigint(20) UNSIGNED NOT NULL AUTO_INCREMENT, AUTO_INCREMENT=159;

--
-- AUTO_INCREMENT for table `bike_service_categories`
--
ALTER TABLE `bike_service_categories`
  MODIFY `id` bigint(20) UNSIGNED NOT NULL AUTO_INCREMENT, AUTO_INCREMENT=23;

--
-- AUTO_INCREMENT for table `bike_service_records`
--
ALTER TABLE `bike_service_records`
  MODIFY `id` bigint(20) UNSIGNED NOT NULL AUTO_INCREMENT, AUTO_INCREMENT=383;

--
-- AUTO_INCREMENT for table `bike_service_record_details`
--
ALTER TABLE `bike_service_record_details`
  MODIFY `id` bigint(20) UNSIGNED NOT NULL AUTO_INCREMENT, AUTO_INCREMENT=1688;

--
-- AUTO_INCREMENT for table `brands`
--
ALTER TABLE `brands`
  MODIFY `id` bigint(20) UNSIGNED NOT NULL AUTO_INCREMENT, AUTO_INCREMENT=10;

--
-- AUTO_INCREMENT for table `buyers`
--
ALTER TABLE `buyers`
  MODIFY `id` bigint(20) UNSIGNED NOT NULL AUTO_INCREMENT, AUTO_INCREMENT=171;

--
-- AUTO_INCREMENT for table `categories`
--
ALTER TABLE `categories`
  MODIFY `id` bigint(20) UNSIGNED NOT NULL AUTO_INCREMENT, AUTO_INCREMENT=27;

--
-- AUTO_INCREMENT for table `category_types`
--
ALTER TABLE `category_types`
  MODIFY `id` bigint(20) UNSIGNED NOT NULL AUTO_INCREMENT, AUTO_INCREMENT=3;

--
-- AUTO_INCREMENT for table `colors`
--
ALTER TABLE `colors`
  MODIFY `id` bigint(20) UNSIGNED NOT NULL AUTO_INCREMENT, AUTO_INCREMENT=20;

--
-- AUTO_INCREMENT for table `customers`
--
ALTER TABLE `customers`
  MODIFY `id` bigint(20) UNSIGNED NOT NULL AUTO_INCREMENT;

--
-- AUTO_INCREMENT for table `customer_ledgers`
--
ALTER TABLE `customer_ledgers`
  MODIFY `id` bigint(20) UNSIGNED NOT NULL AUTO_INCREMENT;

--
-- AUTO_INCREMENT for table `customer_payments`
--
ALTER TABLE `customer_payments`
  MODIFY `id` bigint(20) UNSIGNED NOT NULL AUTO_INCREMENT;

--
-- AUTO_INCREMENT for table `expenses`
--
ALTER TABLE `expenses`
  MODIFY `id` bigint(20) UNSIGNED NOT NULL AUTO_INCREMENT, AUTO_INCREMENT=47;

--
-- AUTO_INCREMENT for table `expense_categories`
--
ALTER TABLE `expense_categories`
  MODIFY `id` bigint(20) UNSIGNED NOT NULL AUTO_INCREMENT, AUTO_INCREMENT=13;

--
-- AUTO_INCREMENT for table `expense_details`
--
ALTER TABLE `expense_details`
  MODIFY `id` bigint(20) UNSIGNED NOT NULL AUTO_INCREMENT, AUTO_INCREMENT=73;

--
-- AUTO_INCREMENT for table `expense_heads`
--
ALTER TABLE `expense_heads`
  MODIFY `id` bigint(20) UNSIGNED NOT NULL AUTO_INCREMENT, AUTO_INCREMENT=39;

--
-- AUTO_INCREMENT for table `failed_jobs`
--
ALTER TABLE `failed_jobs`
  MODIFY `id` bigint(20) UNSIGNED NOT NULL AUTO_INCREMENT;

--
-- AUTO_INCREMENT for table `frontend_menus`
--
ALTER TABLE `frontend_menus`
  MODIFY `id` bigint(20) UNSIGNED NOT NULL AUTO_INCREMENT;

--
-- AUTO_INCREMENT for table `fund_transfer_histories`
--
ALTER TABLE `fund_transfer_histories`
  MODIFY `id` bigint(20) UNSIGNED NOT NULL AUTO_INCREMENT;

--
-- AUTO_INCREMENT for table `investors`
--
ALTER TABLE `investors`
  MODIFY `id` bigint(20) UNSIGNED NOT NULL AUTO_INCREMENT, AUTO_INCREMENT=10;

--
-- AUTO_INCREMENT for table `investor_ledgers`
--
ALTER TABLE `investor_ledgers`
  MODIFY `id` bigint(20) UNSIGNED NOT NULL AUTO_INCREMENT, AUTO_INCREMENT=923;

--
-- AUTO_INCREMENT for table `investor_transactions`
--
ALTER TABLE `investor_transactions`
  MODIFY `id` bigint(20) UNSIGNED NOT NULL AUTO_INCREMENT, AUTO_INCREMENT=42;

--
-- AUTO_INCREMENT for table `items`
--
ALTER TABLE `items`
  MODIFY `id` bigint(20) UNSIGNED NOT NULL AUTO_INCREMENT;

--
-- AUTO_INCREMENT for table `menus`
--
ALTER TABLE `menus`
  MODIFY `id` bigint(20) UNSIGNED NOT NULL AUTO_INCREMENT, AUTO_INCREMENT=207;

--
-- AUTO_INCREMENT for table `migrations`
--
ALTER TABLE `migrations`
  MODIFY `id` int(10) UNSIGNED NOT NULL AUTO_INCREMENT, AUTO_INCREMENT=125;

--
-- AUTO_INCREMENT for table `parties`
--
ALTER TABLE `parties`
  MODIFY `id` bigint(20) UNSIGNED NOT NULL AUTO_INCREMENT, AUTO_INCREMENT=17;

--
-- AUTO_INCREMENT for table `party_ledgers`
--
ALTER TABLE `party_ledgers`
  MODIFY `id` bigint(20) UNSIGNED NOT NULL AUTO_INCREMENT, AUTO_INCREMENT=25;

--
-- AUTO_INCREMENT for table `party_loans`
--
ALTER TABLE `party_loans`
  MODIFY `id` bigint(20) UNSIGNED NOT NULL AUTO_INCREMENT, AUTO_INCREMENT=20;

--
-- AUTO_INCREMENT for table `party_payments`
--
ALTER TABLE `party_payments`
  MODIFY `id` bigint(20) UNSIGNED NOT NULL AUTO_INCREMENT, AUTO_INCREMENT=5;

--
-- AUTO_INCREMENT for table `payment_methods`
--
ALTER TABLE `payment_methods`
  MODIFY `id` bigint(20) UNSIGNED NOT NULL AUTO_INCREMENT, AUTO_INCREMENT=11;

--
-- AUTO_INCREMENT for table `personal_access_tokens`
--
ALTER TABLE `personal_access_tokens`
  MODIFY `id` bigint(20) UNSIGNED NOT NULL AUTO_INCREMENT;

--
-- AUTO_INCREMENT for table `privileges`
--
ALTER TABLE `privileges`
  MODIFY `id` bigint(20) UNSIGNED NOT NULL AUTO_INCREMENT, AUTO_INCREMENT=808;

--
-- AUTO_INCREMENT for table `purchases`
--
ALTER TABLE `purchases`
  MODIFY `id` bigint(20) UNSIGNED NOT NULL AUTO_INCREMENT;

--
-- AUTO_INCREMENT for table `purchase_details`
--
ALTER TABLE `purchase_details`
  MODIFY `id` bigint(20) UNSIGNED NOT NULL AUTO_INCREMENT;

--
-- AUTO_INCREMENT for table `roles`
--
ALTER TABLE `roles`
  MODIFY `id` bigint(20) UNSIGNED NOT NULL AUTO_INCREMENT, AUTO_INCREMENT=13;

--
-- AUTO_INCREMENT for table `sales`
--
ALTER TABLE `sales`
  MODIFY `id` bigint(20) UNSIGNED NOT NULL AUTO_INCREMENT;

--
-- AUTO_INCREMENT for table `sale_details`
--
ALTER TABLE `sale_details`
  MODIFY `id` bigint(20) UNSIGNED NOT NULL AUTO_INCREMENT;

--
-- AUTO_INCREMENT for table `sellers`
--
ALTER TABLE `sellers`
  MODIFY `id` bigint(20) UNSIGNED NOT NULL AUTO_INCREMENT, AUTO_INCREMENT=209;

--
-- AUTO_INCREMENT for table `stock_histories`
--
ALTER TABLE `stock_histories`
  MODIFY `id` bigint(20) UNSIGNED NOT NULL AUTO_INCREMENT;

--
-- AUTO_INCREMENT for table `suppliers`
--
ALTER TABLE `suppliers`
  MODIFY `id` bigint(20) UNSIGNED NOT NULL AUTO_INCREMENT;

--
-- AUTO_INCREMENT for table `supplier_ledgers`
--
ALTER TABLE `supplier_ledgers`
  MODIFY `id` bigint(20) UNSIGNED NOT NULL AUTO_INCREMENT;

--
-- AUTO_INCREMENT for table `supplier_payments`
--
ALTER TABLE `supplier_payments`
  MODIFY `id` bigint(20) UNSIGNED NOT NULL AUTO_INCREMENT;

--
-- AUTO_INCREMENT for table `units`
--
ALTER TABLE `units`
  MODIFY `id` bigint(20) UNSIGNED NOT NULL AUTO_INCREMENT, AUTO_INCREMENT=5;

--
-- AUTO_INCREMENT for table `users`
--
ALTER TABLE `users`
  MODIFY `id` bigint(20) UNSIGNED NOT NULL AUTO_INCREMENT;
COMMIT;

/*!40101 SET CHARACTER_SET_CLIENT=@OLD_CHARACTER_SET_CLIENT */;
/*!40101 SET CHARACTER_SET_RESULTS=@OLD_CHARACTER_SET_RESULTS */;
/*!40101 SET COLLATION_CONNECTION=@OLD_COLLATION_CONNECTION */;
